HERMES_DASHBOARD_READY port=9119
HERMES_DASHBOARD_READY port=9119
HERMES_DASHBOARD_READY port=9119
HERMES_DASHBOARD_READY port=9119
Installing TUI dependencies…
→ Building web UI...
    
    > web@0.0.0 build
    > tsc -b && vite build
    
    vite v7.3.2 building client environment for production...
    transforming...
    ✓ 2318 modules transformed.
    rendering chunks...
    computing gzip size...
    ../hermes_cli/web_dist/index.html                                         0.51 kB │ gzip:   0.32 kB
    ../hermes_cli/web_dist/assets/Mondwest-Regular-CWscgue7.woff2            23.83 kB
    ../hermes_cli/web_dist/assets/RulesExpanded-Regular-l8uVympt.woff2       33.82 kB
    ../hermes_cli/web_dist/assets/RulesExpanded-Bold-DZA7s8Pa.woff2          35.01 kB
    ../hermes_cli/web_dist/assets/RulesCompressed-Regular-BSXFyF4x.woff2     37.76 kB
    ../hermes_cli/web_dist/assets/RulesCompressed-Medium-CA76_CrB.woff2      38.85 kB
    ../hermes_cli/web_dist/assets/Collapse-Bold-mgICk9-_.woff2               59.14 kB
    ../hermes_cli/web_dist/assets/Collapse-Regular-DysayoTY.woff2            62.82 kB
    ../hermes_cli/web_dist/assets/filler-bg0-DxMaWJpb.webp                  185.27 kB
    ../hermes_cli/web_dist/assets/index-vuElgZu0.css                        110.45 kB │ gzip:  17.46 kB
    ../hermes_cli/web_dist/assets/index-CT0FkRfh.js                       1,876.74 kB │ gzip: 539.12 kB
    
    (!) Some chunks are larger than 500 kB after minification. Consider:
    - Using dynamic import() to code-split the application
    - Use build.rollupOptions.output.manualChunks to improve chunking: https://rollupjs.org/configuration-options/#output-manualchunks
    - Adjust chunk size limit for this warning via build.chunkSizeWarningLimit.
    ✓ built in 4.00s
  ✓ Web UI built
HERMES_DASHBOARD_READY port=9119
Installing TUI dependencies…
HERMES_DASHBOARD_READY port=9119
Installing TUI dependencies…
HERMES_DASHBOARD_READY port=9119
HERMES_DASHBOARD_READY port=9119
Installing TUI dependencies…
HERMES_DASHBOARD_READY port=9119
Installing TUI dependencies…
⚠️  API call failed (attempt 1/3): AuthenticationError [HTTP 401]
   🔌 Provider: xiaomi  Model: mimo-v2.5
   🌐 Endpoint: https://api.xiaomimimo.com/v1
   📝 Error: HTTP 401: Invalid API Key
   📋 Details: {'message': 'Invalid API Key', 'param': 'Please provide valid API Key', 'code': '401', 'type': 'invalid_key'}
   ⏱️  Elapsed: 0.98s  Context: 2 msgs, ~5,780 tokens
❌ Non-retryable error (HTTP 401): HTTP 401: Invalid API Key
❌ Non-retryable client error (HTTP 401). Aborting.
   🔌 Provider: xiaomi  Model: mimo-v2.5
   🌐 Endpoint: https://api.xiaomimimo.com/v1
   💡 Your API key was rejected by the provider. Check:
      • Is the key valid? Run: hermes setup
      • Does your account have access to mimo-v2.5?
  💾 Self-improvement review: Skill 'git-operations' updated.
HERMES_DASHBOARD_READY port=9119
HERMES_DASHBOARD_READY port=9119
Installing TUI dependencies…
→ Building web UI...
    
    > web@0.0.0 build
    > tsc -b && vite build
    
    vite v7.3.2 building client environment for production...
    transforming...
    ✓ 2318 modules transformed.
    rendering chunks...
    computing gzip size...
    ../hermes_cli/web_dist/index.html                                         0.51 kB │ gzip:   0.32 kB
    ../hermes_cli/web_dist/assets/Mondwest-Regular-CWscgue7.woff2            23.83 kB
    ../hermes_cli/web_dist/assets/RulesExpanded-Regular-l8uVympt.woff2       33.82 kB
    ../hermes_cli/web_dist/assets/RulesExpanded-Bold-DZA7s8Pa.woff2          35.01 kB
    ../hermes_cli/web_dist/assets/RulesCompressed-Regular-BSXFyF4x.woff2     37.76 kB
    ../hermes_cli/web_dist/assets/RulesCompressed-Medium-CA76_CrB.woff2      38.85 kB
    ../hermes_cli/web_dist/assets/Collapse-Bold-mgICk9-_.woff2               59.14 kB
    ../hermes_cli/web_dist/assets/Collapse-Regular-DysayoTY.woff2            62.82 kB
    ../hermes_cli/web_dist/assets/filler-bg0-DxMaWJpb.webp                  185.27 kB
    ../hermes_cli/web_dist/assets/index-vuElgZu0.css                        110.45 kB │ gzip:  17.46 kB
    ../hermes_cli/web_dist/assets/index-CT0FkRfh.js                       1,876.74 kB │ gzip: 539.12 kB
    
    (!) Some chunks are larger than 500 kB after minification. Consider:
    - Using dynamic import() to code-split the application
    - Use build.rollupOptions.output.manualChunks to improve chunking: https://rollupjs.org/configuration-options/#output-manualchunks
    - Adjust chunk size limit for this warning via build.chunkSizeWarningLimit.
    ✓ built in 4.96s
  ✓ Web UI built
HERMES_DASHBOARD_READY port=9119
→ Building web UI...
    
    > web@0.0.0 build
    > tsc -b && vite build
    
    vite v7.3.2 building client environment for production...
    transforming...
    ✓ 2318 modules transformed.
    rendering chunks...
    computing gzip size...
    ../hermes_cli/web_dist/index.html                                         0.51 kB │ gzip:   0.32 kB
    ../hermes_cli/web_dist/assets/Mondwest-Regular-CWscgue7.woff2            23.83 kB
    ../hermes_cli/web_dist/assets/RulesExpanded-Regular-l8uVympt.woff2       33.82 kB
    ../hermes_cli/web_dist/assets/RulesExpanded-Bold-DZA7s8Pa.woff2          35.01 kB
    ../hermes_cli/web_dist/assets/RulesCompressed-Regular-BSXFyF4x.woff2     37.76 kB
    ../hermes_cli/web_dist/assets/RulesCompressed-Medium-CA76_CrB.woff2      38.85 kB
    ../hermes_cli/web_dist/assets/Collapse-Bold-mgICk9-_.woff2               59.14 kB
    ../hermes_cli/web_dist/assets/Collapse-Regular-DysayoTY.woff2            62.82 kB
    ../hermes_cli/web_dist/assets/filler-bg0-DxMaWJpb.webp                  185.27 kB
    ../hermes_cli/web_dist/assets/index-vuElgZu0.css                        110.45 kB │ gzip:  17.46 kB
    ../hermes_cli/web_dist/assets/index-CT0FkRfh.js                       1,876.74 kB │ gzip: 539.12 kB
    
    (!) Some chunks are larger than 500 kB after minification. Consider:
    - Using dynamic import() to code-split the application
    - Use build.rollupOptions.output.manualChunks to improve chunking: https://rollupjs.org/configuration-options/#output-manualchunks
    - Adjust chunk size limit for this warning via build.chunkSizeWarningLimit.
    ✓ built in 4.16s
  ✓ Web UI built
HERMES_DASHBOARD_READY port=9119
Installing TUI dependencies…
→ Building web UI...
    
    > web@0.0.0 build
    > tsc -b && vite build
    
    vite v7.3.2 building client environment for production...
    transforming...
    ✓ 2318 modules transformed.
    rendering chunks...
    computing gzip size...
    ../hermes_cli/web_dist/index.html                                         0.51 kB │ gzip:   0.32 kB
    ../hermes_cli/web_dist/assets/Mondwest-Regular-CWscgue7.woff2            23.83 kB
    ../hermes_cli/web_dist/assets/RulesExpanded-Regular-l8uVympt.woff2       33.82 kB
    ../hermes_cli/web_dist/assets/RulesExpanded-Bold-DZA7s8Pa.woff2          35.01 kB
    ../hermes_cli/web_dist/assets/RulesCompressed-Regular-BSXFyF4x.woff2     37.76 kB
    ../hermes_cli/web_dist/assets/RulesCompressed-Medium-CA76_CrB.woff2      38.85 kB
    ../hermes_cli/web_dist/assets/Collapse-Bold-mgICk9-_.woff2               59.14 kB
    ../hermes_cli/web_dist/assets/Collapse-Regular-DysayoTY.woff2            62.82 kB
    ../hermes_cli/web_dist/assets/filler-bg0-DxMaWJpb.webp                  185.27 kB
    ../hermes_cli/web_dist/assets/index-vuElgZu0.css                        110.45 kB │ gzip:  17.46 kB
    ../hermes_cli/web_dist/assets/index-CT0FkRfh.js                       1,876.74 kB │ gzip: 539.12 kB
    
    (!) Some chunks are larger than 500 kB after minification. Consider:
    - Using dynamic import() to code-split the application
    - Use build.rollupOptions.output.manualChunks to improve chunking: https://rollupjs.org/configuration-options/#output-manualchunks
    - Adjust chunk size limit for this warning via build.chunkSizeWarningLimit.
    ✓ built in 5.98s
  ✓ Web UI built
HERMES_DASHBOARD_READY port=9119
Installing TUI dependencies…
→ Building web UI...
    
    > web@0.0.0 build
    > tsc -b && vite build
    
    vite v7.3.2 building client environment for production...
    transforming...
    ✓ 2318 modules transformed.
    rendering chunks...
    computing gzip size...
    ../hermes_cli/web_dist/index.html                                         0.51 kB │ gzip:   0.32 kB
    ../hermes_cli/web_dist/assets/Mondwest-Regular-CWscgue7.woff2            23.83 kB
    ../hermes_cli/web_dist/assets/RulesExpanded-Regular-l8uVympt.woff2       33.82 kB
    ../hermes_cli/web_dist/assets/RulesExpanded-Bold-DZA7s8Pa.woff2          35.01 kB
    ../hermes_cli/web_dist/assets/RulesCompressed-Regular-BSXFyF4x.woff2     37.76 kB
    ../hermes_cli/web_dist/assets/RulesCompressed-Medium-CA76_CrB.woff2      38.85 kB
    ../hermes_cli/web_dist/assets/Collapse-Bold-mgICk9-_.woff2               59.14 kB
    ../hermes_cli/web_dist/assets/Collapse-Regular-DysayoTY.woff2            62.82 kB
    ../hermes_cli/web_dist/assets/filler-bg0-DxMaWJpb.webp                  185.27 kB
    ../hermes_cli/web_dist/assets/index-vuElgZu0.css                        110.45 kB │ gzip:  17.46 kB
    ../hermes_cli/web_dist/assets/index-CT0FkRfh.js                       1,876.74 kB │ gzip: 539.12 kB
    
    (!) Some chunks are larger than 500 kB after minification. Consider:
    - Using dynamic import() to code-split the application
    - Use build.rollupOptions.output.manualChunks to improve chunking: https://rollupjs.org/configuration-options/#output-manualchunks
    - Adjust chunk size limit for this warning via build.chunkSizeWarningLimit.
    ✓ built in 5.72s
  ✓ Web UI built
HERMES_DASHBOARD_READY port=9119
HERMES_DASHBOARD_READY port=9119
HERMES_DASHBOARD_READY port=9119
HERMES_DASHBOARD_READY port=9119
HERMES_DASHBOARD_READY port=9119
HERMES_DASHBOARD_READY port=9119
→ Building web UI...
    
    > web@0.0.0 build
    > tsc -b && vite build
    
    vite v8.0.16 building client environment for production...
    [2K
    transforming...✓ 2127 modules transformed.
    rendering chunks...
    computing gzip size...
    ../hermes_cli/web_dist/index.html                                         0.51 kB │ gzip:   0.31 kB
    ../hermes_cli/web_dist/assets/Mondwest-Regular-CWscgue7.woff2            23.82 kB
    ../hermes_cli/web_dist/assets/RulesExpanded-Regular-l8uVympt.woff2       33.82 kB
    ../hermes_cli/web_dist/assets/RulesExpanded-Bold-DZA7s8Pa.woff2          35.01 kB
    ../hermes_cli/web_dist/assets/RulesCompressed-Regular-BSXFyF4x.woff2     37.76 kB
    ../hermes_cli/web_dist/assets/RulesCompressed-Medium-CA76_CrB.woff2      38.84 kB
    ../hermes_cli/web_dist/assets/Collapse-Bold-mgICk9-_.woff2               59.14 kB
    ../hermes_cli/web_dist/assets/Collapse-Regular-DysayoTY.woff2            62.81 kB
    ../hermes_cli/web_dist/assets/filler-bg0-DxMaWJpb.webp                  185.27 kB
    ../hermes_cli/web_dist/assets/index-iCkz8vHc.css                        111.33 kB │ gzip:  17.68 kB
    ../hermes_cli/web_dist/assets/index-DIE7rhkD.js                       1,891.57 kB │ gzip: 538.11 kB
    
    [plugin builtin:vite-reporter]
    (!) Some chunks are larger than 500 kB after minification. Consider:
    - Using dynamic import() to code-split the application
    - Use build.rolldownOptions.output.codeSplitting to improve chunking: https://rolldown.rs/reference/OutputOptions.codeSplitting
    - Adjust chunk size limit for this warning via build.chunkSizeWarningLimit.
    ✓ built in 570ms
  ✓ Web UI built
HERMES_DASHBOARD_READY port=9119
Installing TUI dependencies…
→ Building web UI...
    
    > web@0.0.0 build
    > tsc -b && vite build
    
    vite v8.0.16 building client environment for production...
    [2K
    transforming...✓ 2127 modules transformed.
    rendering chunks...
    computing gzip size...
    ../hermes_cli/web_dist/index.html                                         0.51 kB │ gzip:   0.31 kB
    ../hermes_cli/web_dist/assets/Mondwest-Regular-CWscgue7.woff2            23.82 kB
    ../hermes_cli/web_dist/assets/RulesExpanded-Regular-l8uVympt.woff2       33.82 kB
    ../hermes_cli/web_dist/assets/RulesExpanded-Bold-DZA7s8Pa.woff2          35.01 kB
    ../hermes_cli/web_dist/assets/RulesCompressed-Regular-BSXFyF4x.woff2     37.76 kB
    ../hermes_cli/web_dist/assets/RulesCompressed-Medium-CA76_CrB.woff2      38.84 kB
    ../hermes_cli/web_dist/assets/Collapse-Bold-mgICk9-_.woff2               59.14 kB
    ../hermes_cli/web_dist/assets/Collapse-Regular-DysayoTY.woff2            62.81 kB
    ../hermes_cli/web_dist/assets/filler-bg0-DxMaWJpb.webp                  185.27 kB
    ../hermes_cli/web_dist/assets/index-iCkz8vHc.css                        111.33 kB │ gzip:  17.68 kB
    ../hermes_cli/web_dist/assets/index-DIE7rhkD.js                       1,891.57 kB │ gzip: 538.11 kB
    
    ✓ built in 1.35s
    [plugin builtin:vite-reporter]
    (!) Some chunks are larger than 500 kB after minification. Consider:
    - Using dynamic import() to code-split the application
    - Use build.rolldownOptions.output.codeSplitting to improve chunking: https://rolldown.rs/reference/OutputOptions.codeSplitting
    - Adjust chunk size limit for this warning via build.chunkSizeWarningLimit.
  ✓ Web UI built
HERMES_DASHBOARD_READY port=9119
HERMES_DASHBOARD_READY port=9119
Installing TUI dependencies…
→ Building web UI...
    
    > web@0.0.0 build
    > tsc -b && vite build
    
    vite v8.0.16 building client environment for production...
    [2K
    transforming...✓ 2127 modules transformed.
    rendering chunks...
    computing gzip size...
    ../hermes_cli/web_dist/index.html                                         0.51 kB │ gzip:   0.32 kB
    ../hermes_cli/web_dist/assets/Mondwest-Regular-CWscgue7.woff2            23.82 kB
    ../hermes_cli/web_dist/assets/RulesExpanded-Regular-l8uVympt.woff2       33.82 kB
    ../hermes_cli/web_dist/assets/RulesExpanded-Bold-DZA7s8Pa.woff2          35.01 kB
    ../hermes_cli/web_dist/assets/RulesCompressed-Regular-BSXFyF4x.woff2     37.76 kB
    ../hermes_cli/web_dist/assets/RulesCompressed-Medium-CA76_CrB.woff2      38.84 kB
    ../hermes_cli/web_dist/assets/Collapse-Bold-mgICk9-_.woff2               59.14 kB
    ../hermes_cli/web_dist/assets/Collapse-Regular-DysayoTY.woff2            62.81 kB
    ../hermes_cli/web_dist/assets/filler-bg0-DxMaWJpb.webp                  185.27 kB
    ../hermes_cli/web_dist/assets/index-iCkz8vHc.css                        111.33 kB │ gzip:  17.68 kB
    ../hermes_cli/web_dist/assets/index-Cf_F7UMt.js                       1,892.25 kB │ gzip: 538.36 kB
    
    ✓ built in 657ms
    [plugin builtin:vite-reporter]
    (!) Some chunks are larger than 500 kB after minification. Consider:
    - Using dynamic import() to code-split the application
    - Use build.rolldownOptions.output.codeSplitting to improve chunking: https://rolldown.rs/reference/OutputOptions.codeSplitting
    - Adjust chunk size limit for this warning via build.chunkSizeWarningLimit.
  ✓ Web UI built
HERMES_DASHBOARD_READY port=9119
HERMES_DASHBOARD_READY port=9119
HERMES_DASHBOARD_READY port=9119
ERROR:    Exception in ASGI application
  + Exception Group Traceback (most recent call last):
  |   File "/home/ai_user/.hermes/hermes-agent/venv/lib/python3.11/site-packages/starlette/_utils.py", line 81, in collapse_excgroups
  |     yield
  |   File "/home/ai_user/.hermes/hermes-agent/venv/lib/python3.11/site-packages/starlette/middleware/base.py", line 192, in __call__
  |     async with anyio.create_task_group() as task_group:
  |   File "/home/ai_user/.hermes/hermes-agent/venv/lib/python3.11/site-packages/anyio/_backends/_asyncio.py", line 783, in __aexit__
  |     raise BaseExceptionGroup(
  | ExceptionGroup: unhandled errors in a TaskGroup (1 sub-exception)
  +-+---------------- 1 ----------------
    | Traceback (most recent call last):
    |   File "/home/ai_user/.hermes/hermes-agent/venv/lib/python3.11/site-packages/uvicorn/protocols/http/httptools_impl.py", line 416, in run_asgi
    |     result = await app(  # type: ignore[func-returns-value]
    |              ^^^^^^^^^^^^^^^^^^^^^^^^^^^^^^^^^^^^^^^^^^^^^^
    |   File "/home/ai_user/.hermes/hermes-agent/venv/lib/python3.11/site-packages/fastapi/applications.py", line 1160, in __call__
    |     await super().__call__(scope, receive, send)
    |   File "/home/ai_user/.hermes/hermes-agent/venv/lib/python3.11/site-packages/starlette/applications.py", line 90, in __call__
    |     await self.middleware_stack(scope, receive, send)
    |   File "/home/ai_user/.hermes/hermes-agent/venv/lib/python3.11/site-packages/starlette/middleware/errors.py", line 186, in __call__
    |     raise exc
    |   File "/home/ai_user/.hermes/hermes-agent/venv/lib/python3.11/site-packages/starlette/middleware/errors.py", line 164, in __call__
    |     await self.app(scope, receive, _send)
    |   File "/home/ai_user/.hermes/hermes-agent/venv/lib/python3.11/site-packages/starlette/middleware/base.py", line 191, in __call__
    |     with recv_stream, send_stream, collapse_excgroups():
    |   File "/home/ai_user/.local/share/uv/python/cpython-3.11.15-linux-x86_64-gnu/lib/python3.11/contextlib.py", line 158, in __exit__
    |     self.gen.throw(typ, value, traceback)
    |   File "/home/ai_user/.hermes/hermes-agent/venv/lib/python3.11/site-packages/starlette/_utils.py", line 87, in collapse_excgroups
    |     raise exc
    |   File "/home/ai_user/.hermes/hermes-agent/venv/lib/python3.11/site-packages/starlette/middleware/base.py", line 193, in __call__
    |     response = await self.dispatch_func(request, call_next)
    |                ^^^^^^^^^^^^^^^^^^^^^^^^^^^^^^^^^^^^^^^^^^^^
    |   File "/home/ai_user/.hermes/hermes-agent/hermes_cli/web_server.py", line 424, in auth_middleware
    |     return await call_next(request)
    |            ^^^^^^^^^^^^^^^^^^^^^^^^
    |   File "/home/ai_user/.hermes/hermes-agent/venv/lib/python3.11/site-packages/starlette/middleware/base.py", line 168, in call_next
    |     raise app_exc from app_exc.__cause__ or app_exc.__context__
    |   File "/home/ai_user/.hermes/hermes-agent/venv/lib/python3.11/site-packages/starlette/middleware/base.py", line 144, in coro
    |     await self.app(scope, receive_or_disconnect, send_no_error)
    |   File "/home/ai_user/.hermes/hermes-agent/venv/lib/python3.11/site-packages/starlette/middleware/base.py", line 191, in __call__
    |     with recv_stream, send_stream, collapse_excgroups():
    |   File "/home/ai_user/.local/share/uv/python/cpython-3.11.15-linux-x86_64-gnu/lib/python3.11/contextlib.py", line 158, in __exit__
    |     self.gen.throw(typ, value, traceback)
    |   File "/home/ai_user/.hermes/hermes-agent/venv/lib/python3.11/site-packages/starlette/_utils.py", line 87, in collapse_excgroups
    |     raise exc
    |   File "/home/ai_user/.hermes/hermes-agent/venv/lib/python3.11/site-packages/starlette/middleware/base.py", line 193, in __call__
    |     response = await self.dispatch_func(request, call_next)
    |                ^^^^^^^^^^^^^^^^^^^^^^^^^^^^^^^^^^^^^^^^^^^^
    |   File "/home/ai_user/.hermes/hermes-agent/hermes_cli/web_server.py", line 406, in _dashboard_auth_gate
    |     return await gated_auth_middleware(request, call_next)
    |            ^^^^^^^^^^^^^^^^^^^^^^^^^^^^^^^^^^^^^^^^^^^^^^^
    |   File "/home/ai_user/.hermes/hermes-agent/hermes_cli/dashboard_auth/middleware.py", line 182, in gated_auth_middleware
    |     return await call_next(request)
    |            ^^^^^^^^^^^^^^^^^^^^^^^^
    |   File "/home/ai_user/.hermes/hermes-agent/venv/lib/python3.11/site-packages/starlette/middleware/base.py", line 168, in call_next
    |     raise app_exc from app_exc.__cause__ or app_exc.__context__
    |   File "/home/ai_user/.hermes/hermes-agent/venv/lib/python3.11/site-packages/starlette/middleware/base.py", line 144, in coro
    |     await self.app(scope, receive_or_disconnect, send_no_error)
    |   File "/home/ai_user/.hermes/hermes-agent/venv/lib/python3.11/site-packages/starlette/middleware/base.py", line 191, in __call__
    |     with recv_stream, send_stream, collapse_excgroups():
    |   File "/home/ai_user/.local/share/uv/python/cpython-3.11.15-linux-x86_64-gnu/lib/python3.11/contextlib.py", line 158, in __exit__
    |     self.gen.throw(typ, value, traceback)
    |   File "/home/ai_user/.hermes/hermes-agent/venv/lib/python3.11/site-packages/starlette/_utils.py", line 87, in collapse_excgroups
    |     raise exc
    |   File "/home/ai_user/.hermes/hermes-agent/venv/lib/python3.11/site-packages/starlette/middleware/base.py", line 193, in __call__
    |     response = await self.dispatch_func(request, call_next)
    |                ^^^^^^^^^^^^^^^^^^^^^^^^^^^^^^^^^^^^^^^^^^^^
    |   File "/home/ai_user/.hermes/hermes-agent/hermes_cli/web_server.py", line 391, in host_header_middleware
    |     return await call_next(request)
    |            ^^^^^^^^^^^^^^^^^^^^^^^^
    |   File "/home/ai_user/.hermes/hermes-agent/venv/lib/python3.11/site-packages/starlette/middleware/base.py", line 168, in call_next
    |     raise app_exc from app_exc.__cause__ or app_exc.__context__
    |   File "/home/ai_user/.hermes/hermes-agent/venv/lib/python3.11/site-packages/starlette/middleware/base.py", line 144, in coro
    |     await self.app(scope, receive_or_disconnect, send_no_error)
    |   File "/home/ai_user/.hermes/hermes-agent/venv/lib/python3.11/site-packages/starlette/middleware/cors.py", line 88, in __call__
    |     await self.app(scope, receive, send)
    |   File "/home/ai_user/.hermes/hermes-agent/venv/lib/python3.11/site-packages/starlette/middleware/exceptions.py", line 63, in __call__
    |     await wrap_app_handling_exceptions(self.app, conn)(scope, receive, send)
    |   File "/home/ai_user/.hermes/hermes-agent/venv/lib/python3.11/site-packages/starlette/_exception_handler.py", line 53, in wrapped_app
    |     raise exc
    |   File "/home/ai_user/.hermes/hermes-agent/venv/lib/python3.11/site-packages/starlette/_exception_handler.py", line 42, in wrapped_app
    |     await app(scope, receive, sender)
    |   File "/home/ai_user/.hermes/hermes-agent/venv/lib/python3.11/site-packages/fastapi/middleware/asyncexitstack.py", line 18, in __call__
    |     await self.app(scope, receive, send)
    |   File "/home/ai_user/.hermes/hermes-agent/venv/lib/python3.11/site-packages/starlette/routing.py", line 660, in __call__
    |     await self.middleware_stack(scope, receive, send)
    |   File "/home/ai_user/.hermes/hermes-agent/venv/lib/python3.11/site-packages/starlette/routing.py", line 680, in app
    |     await route.handle(scope, receive, send)
    |   File "/home/ai_user/.hermes/hermes-agent/venv/lib/python3.11/site-packages/starlette/routing.py", line 276, in handle
    |     await self.app(scope, receive, send)
    |   File "/home/ai_user/.hermes/hermes-agent/venv/lib/python3.11/site-packages/fastapi/routing.py", line 119, in app
    |     await wrap_app_handling_exceptions(app, request)(scope, receive, send)
    |   File "/home/ai_user/.hermes/hermes-agent/venv/lib/python3.11/site-packages/starlette/_exception_handler.py", line 53, in wrapped_app
    |     raise exc
    |   File "/home/ai_user/.hermes/hermes-agent/venv/lib/python3.11/site-packages/starlette/_exception_handler.py", line 42, in wrapped_app
    |     await app(scope, receive, sender)
    |   File "/home/ai_user/.hermes/hermes-agent/venv/lib/python3.11/site-packages/fastapi/routing.py", line 105, in app
    |     response = await f(request)
    |                ^^^^^^^^^^^^^^^^
    |   File "/home/ai_user/.hermes/hermes-agent/venv/lib/python3.11/site-packages/fastapi/routing.py", line 431, in app
    |     raw_response = await run_endpoint_function(
    |                    ^^^^^^^^^^^^^^^^^^^^^^^^^^^^
    |   File "/home/ai_user/.hermes/hermes-agent/venv/lib/python3.11/site-packages/fastapi/routing.py", line 313, in run_endpoint_function
    |     return await dependant.call(**values)
    |            ^^^^^^^^^^^^^^^^^^^^^^^^^^^^^^
    |   File "/home/ai_user/.hermes/hermes-agent/hermes_cli/web_server.py", line 3042, in get_config
    |     with _profile_scope(profile):
    |   File "/home/ai_user/.local/share/uv/python/cpython-3.11.15-linux-x86_64-gnu/lib/python3.11/contextlib.py", line 137, in __enter__
    |     return next(self.gen)
    |            ^^^^^^^^^^^^^^
    |   File "/home/ai_user/.hermes/hermes-agent/hermes_cli/web_server.py", line 9405, in _profile_scope
    |     from tools import skills_tool as _skills_tool
    |   File "/home/ai_user/.hermes/hermes-agent/tools/skills_tool.py", line 82, in <module>
    |     from agent.skill_utils import (
    | ImportError: cannot import name 'is_skill_support_path' from 'agent.skill_utils' (/home/ai_user/.hermes/hermes-agent/agent/skill_utils.py)
    +------------------------------------

The above exception was the direct cause of the following exception:

Traceback (most recent call last):
  File "/home/ai_user/.hermes/hermes-agent/venv/lib/python3.11/site-packages/uvicorn/protocols/http/httptools_impl.py", line 416, in run_asgi
    result = await app(  # type: ignore[func-returns-value]
             ^^^^^^^^^^^^^^^^^^^^^^^^^^^^^^^^^^^^^^^^^^^^^^
  File "/home/ai_user/.hermes/hermes-agent/venv/lib/python3.11/site-packages/fastapi/applications.py", line 1160, in __call__
    await super().__call__(scope, receive, send)
  File "/home/ai_user/.hermes/hermes-agent/venv/lib/python3.11/site-packages/starlette/applications.py", line 90, in __call__
    await self.middleware_stack(scope, receive, send)
  File "/home/ai_user/.hermes/hermes-agent/venv/lib/python3.11/site-packages/starlette/middleware/errors.py", line 186, in __call__
    raise exc
  File "/home/ai_user/.hermes/hermes-agent/venv/lib/python3.11/site-packages/starlette/middleware/errors.py", line 164, in __call__
    await self.app(scope, receive, _send)
  File "/home/ai_user/.hermes/hermes-agent/venv/lib/python3.11/site-packages/starlette/middleware/base.py", line 191, in __call__
    with recv_stream, send_stream, collapse_excgroups():
  File "/home/ai_user/.local/share/uv/python/cpython-3.11.15-linux-x86_64-gnu/lib/python3.11/contextlib.py", line 158, in __exit__
    self.gen.throw(typ, value, traceback)
  File "/home/ai_user/.hermes/hermes-agent/venv/lib/python3.11/site-packages/starlette/_utils.py", line 87, in collapse_excgroups
    raise exc
  File "/home/ai_user/.hermes/hermes-agent/venv/lib/python3.11/site-packages/starlette/middleware/base.py", line 193, in __call__
    response = await self.dispatch_func(request, call_next)
               ^^^^^^^^^^^^^^^^^^^^^^^^^^^^^^^^^^^^^^^^^^^^
  File "/home/ai_user/.hermes/hermes-agent/hermes_cli/web_server.py", line 424, in auth_middleware
    return await call_next(request)
           ^^^^^^^^^^^^^^^^^^^^^^^^
  File "/home/ai_user/.hermes/hermes-agent/venv/lib/python3.11/site-packages/starlette/middleware/base.py", line 168, in call_next
    raise app_exc from app_exc.__cause__ or app_exc.__context__
  File "/home/ai_user/.hermes/hermes-agent/venv/lib/python3.11/site-packages/starlette/middleware/base.py", line 144, in coro
    await self.app(scope, receive_or_disconnect, send_no_error)
  File "/home/ai_user/.hermes/hermes-agent/venv/lib/python3.11/site-packages/starlette/middleware/base.py", line 191, in __call__
    with recv_stream, send_stream, collapse_excgroups():
  File "/home/ai_user/.local/share/uv/python/cpython-3.11.15-linux-x86_64-gnu/lib/python3.11/contextlib.py", line 158, in __exit__
    self.gen.throw(typ, value, traceback)
  File "/home/ai_user/.hermes/hermes-agent/venv/lib/python3.11/site-packages/starlette/_utils.py", line 87, in collapse_excgroups
    raise exc
  File "/home/ai_user/.hermes/hermes-agent/venv/lib/python3.11/site-packages/starlette/middleware/base.py", line 193, in __call__
    response = await self.dispatch_func(request, call_next)
               ^^^^^^^^^^^^^^^^^^^^^^^^^^^^^^^^^^^^^^^^^^^^
  File "/home/ai_user/.hermes/hermes-agent/hermes_cli/web_server.py", line 406, in _dashboard_auth_gate
    return await gated_auth_middleware(request, call_next)
           ^^^^^^^^^^^^^^^^^^^^^^^^^^^^^^^^^^^^^^^^^^^^^^^
  File "/home/ai_user/.hermes/hermes-agent/hermes_cli/dashboard_auth/middleware.py", line 182, in gated_auth_middleware
    return await call_next(request)
           ^^^^^^^^^^^^^^^^^^^^^^^^
  File "/home/ai_user/.hermes/hermes-agent/venv/lib/python3.11/site-packages/starlette/middleware/base.py", line 168, in call_next
    raise app_exc from app_exc.__cause__ or app_exc.__context__
  File "/home/ai_user/.hermes/hermes-agent/venv/lib/python3.11/site-packages/starlette/middleware/base.py", line 144, in coro
    await self.app(scope, receive_or_disconnect, send_no_error)
  File "/home/ai_user/.hermes/hermes-agent/venv/lib/python3.11/site-packages/starlette/middleware/base.py", line 191, in __call__
    with recv_stream, send_stream, collapse_excgroups():
  File "/home/ai_user/.local/share/uv/python/cpython-3.11.15-linux-x86_64-gnu/lib/python3.11/contextlib.py", line 158, in __exit__
    self.gen.throw(typ, value, traceback)
  File "/home/ai_user/.hermes/hermes-agent/venv/lib/python3.11/site-packages/starlette/_utils.py", line 87, in collapse_excgroups
    raise exc
  File "/home/ai_user/.hermes/hermes-agent/venv/lib/python3.11/site-packages/starlette/middleware/base.py", line 193, in __call__
    response = await self.dispatch_func(request, call_next)
               ^^^^^^^^^^^^^^^^^^^^^^^^^^^^^^^^^^^^^^^^^^^^
  File "/home/ai_user/.hermes/hermes-agent/hermes_cli/web_server.py", line 391, in host_header_middleware
    return await call_next(request)
           ^^^^^^^^^^^^^^^^^^^^^^^^
  File "/home/ai_user/.hermes/hermes-agent/venv/lib/python3.11/site-packages/starlette/middleware/base.py", line 168, in call_next
    raise app_exc from app_exc.__cause__ or app_exc.__context__
  File "/home/ai_user/.hermes/hermes-agent/venv/lib/python3.11/site-packages/starlette/middleware/base.py", line 144, in coro
    await self.app(scope, receive_or_disconnect, send_no_error)
  File "/home/ai_user/.hermes/hermes-agent/venv/lib/python3.11/site-packages/starlette/middleware/cors.py", line 88, in __call__
    await self.app(scope, receive, send)
  File "/home/ai_user/.hermes/hermes-agent/venv/lib/python3.11/site-packages/starlette/middleware/exceptions.py", line 63, in __call__
    await wrap_app_handling_exceptions(self.app, conn)(scope, receive, send)
  File "/home/ai_user/.hermes/hermes-agent/venv/lib/python3.11/site-packages/starlette/_exception_handler.py", line 53, in wrapped_app
    raise exc
  File "/home/ai_user/.hermes/hermes-agent/venv/lib/python3.11/site-packages/starlette/_exception_handler.py", line 42, in wrapped_app
    await app(scope, receive, sender)
  File "/home/ai_user/.hermes/hermes-agent/venv/lib/python3.11/site-packages/fastapi/middleware/asyncexitstack.py", line 18, in __call__
    await self.app(scope, receive, send)
  File "/home/ai_user/.hermes/hermes-agent/venv/lib/python3.11/site-packages/starlette/routing.py", line 660, in __call__
    await self.middleware_stack(scope, receive, send)
  File "/home/ai_user/.hermes/hermes-agent/venv/lib/python3.11/site-packages/starlette/routing.py", line 680, in app
    await route.handle(scope, receive, send)
  File "/home/ai_user/.hermes/hermes-agent/venv/lib/python3.11/site-packages/starlette/routing.py", line 276, in handle
    await self.app(scope, receive, send)
  File "/home/ai_user/.hermes/hermes-agent/venv/lib/python3.11/site-packages/fastapi/routing.py", line 119, in app
    await wrap_app_handling_exceptions(app, request)(scope, receive, send)
  File "/home/ai_user/.hermes/hermes-agent/venv/lib/python3.11/site-packages/starlette/_exception_handler.py", line 53, in wrapped_app
    raise exc
  File "/home/ai_user/.hermes/hermes-agent/venv/lib/python3.11/site-packages/starlette/_exception_handler.py", line 42, in wrapped_app
    await app(scope, receive, sender)
  File "/home/ai_user/.hermes/hermes-agent/venv/lib/python3.11/site-packages/fastapi/routing.py", line 105, in app
    response = await f(request)
               ^^^^^^^^^^^^^^^^
  File "/home/ai_user/.hermes/hermes-agent/venv/lib/python3.11/site-packages/fastapi/routing.py", line 431, in app
    raw_response = await run_endpoint_function(
                   ^^^^^^^^^^^^^^^^^^^^^^^^^^^^
  File "/home/ai_user/.hermes/hermes-agent/venv/lib/python3.11/site-packages/fastapi/routing.py", line 313, in run_endpoint_function
    return await dependant.call(**values)
           ^^^^^^^^^^^^^^^^^^^^^^^^^^^^^^
  File "/home/ai_user/.hermes/hermes-agent/hermes_cli/web_server.py", line 3042, in get_config
    with _profile_scope(profile):
  File "/home/ai_user/.local/share/uv/python/cpython-3.11.15-linux-x86_64-gnu/lib/python3.11/contextlib.py", line 137, in __enter__
    return next(self.gen)
           ^^^^^^^^^^^^^^
  File "/home/ai_user/.hermes/hermes-agent/hermes_cli/web_server.py", line 9405, in _profile_scope
    from tools import skills_tool as _skills_tool
  File "/home/ai_user/.hermes/hermes-agent/tools/skills_tool.py", line 82, in <module>
    from agent.skill_utils import (
ImportError: cannot import name 'is_skill_support_path' from 'agent.skill_utils' (/home/ai_user/.hermes/hermes-agent/agent/skill_utils.py)
Installing TUI dependencies…
ERROR:    Exception in ASGI application
  + Exception Group Traceback (most recent call last):
  |   File "/home/ai_user/.hermes/hermes-agent/venv/lib/python3.11/site-packages/starlette/_utils.py", line 81, in collapse_excgroups
  |     yield
  |   File "/home/ai_user/.hermes/hermes-agent/venv/lib/python3.11/site-packages/starlette/middleware/base.py", line 192, in __call__
  |     async with anyio.create_task_group() as task_group:
  |   File "/home/ai_user/.hermes/hermes-agent/venv/lib/python3.11/site-packages/anyio/_backends/_asyncio.py", line 783, in __aexit__
  |     raise BaseExceptionGroup(
  | ExceptionGroup: unhandled errors in a TaskGroup (1 sub-exception)
  +-+---------------- 1 ----------------
    | Traceback (most recent call last):
    |   File "/home/ai_user/.hermes/hermes-agent/venv/lib/python3.11/site-packages/uvicorn/protocols/http/httptools_impl.py", line 416, in run_asgi
    |     result = await app(  # type: ignore[func-returns-value]
    |              ^^^^^^^^^^^^^^^^^^^^^^^^^^^^^^^^^^^^^^^^^^^^^^
    |   File "/home/ai_user/.hermes/hermes-agent/venv/lib/python3.11/site-packages/fastapi/applications.py", line 1160, in __call__
    |     await super().__call__(scope, receive, send)
    |   File "/home/ai_user/.hermes/hermes-agent/venv/lib/python3.11/site-packages/starlette/applications.py", line 90, in __call__
    |     await self.middleware_stack(scope, receive, send)
    |   File "/home/ai_user/.hermes/hermes-agent/venv/lib/python3.11/site-packages/starlette/middleware/errors.py", line 186, in __call__
    |     raise exc
    |   File "/home/ai_user/.hermes/hermes-agent/venv/lib/python3.11/site-packages/starlette/middleware/errors.py", line 164, in __call__
    |     await self.app(scope, receive, _send)
    |   File "/home/ai_user/.hermes/hermes-agent/venv/lib/python3.11/site-packages/starlette/middleware/base.py", line 191, in __call__
    |     with recv_stream, send_stream, collapse_excgroups():
    |   File "/home/ai_user/.local/share/uv/python/cpython-3.11.15-linux-x86_64-gnu/lib/python3.11/contextlib.py", line 158, in __exit__
    |     self.gen.throw(typ, value, traceback)
    |   File "/home/ai_user/.hermes/hermes-agent/venv/lib/python3.11/site-packages/starlette/_utils.py", line 87, in collapse_excgroups
    |     raise exc
    |   File "/home/ai_user/.hermes/hermes-agent/venv/lib/python3.11/site-packages/starlette/middleware/base.py", line 193, in __call__
    |     response = await self.dispatch_func(request, call_next)
    |                ^^^^^^^^^^^^^^^^^^^^^^^^^^^^^^^^^^^^^^^^^^^^
    |   File "/home/ai_user/.hermes/hermes-agent/hermes_cli/web_server.py", line 424, in auth_middleware
    |     return await call_next(request)
    |            ^^^^^^^^^^^^^^^^^^^^^^^^
    |   File "/home/ai_user/.hermes/hermes-agent/venv/lib/python3.11/site-packages/starlette/middleware/base.py", line 168, in call_next
    |     raise app_exc from app_exc.__cause__ or app_exc.__context__
    |   File "/home/ai_user/.hermes/hermes-agent/venv/lib/python3.11/site-packages/starlette/middleware/base.py", line 144, in coro
    |     await self.app(scope, receive_or_disconnect, send_no_error)
    |   File "/home/ai_user/.hermes/hermes-agent/venv/lib/python3.11/site-packages/starlette/middleware/base.py", line 191, in __call__
    |     with recv_stream, send_stream, collapse_excgroups():
    |   File "/home/ai_user/.local/share/uv/python/cpython-3.11.15-linux-x86_64-gnu/lib/python3.11/contextlib.py", line 158, in __exit__
    |     self.gen.throw(typ, value, traceback)
    |   File "/home/ai_user/.hermes/hermes-agent/venv/lib/python3.11/site-packages/starlette/_utils.py", line 87, in collapse_excgroups
    |     raise exc
    |   File "/home/ai_user/.hermes/hermes-agent/venv/lib/python3.11/site-packages/starlette/middleware/base.py", line 193, in __call__
    |     response = await self.dispatch_func(request, call_next)
    |                ^^^^^^^^^^^^^^^^^^^^^^^^^^^^^^^^^^^^^^^^^^^^
    |   File "/home/ai_user/.hermes/hermes-agent/hermes_cli/web_server.py", line 406, in _dashboard_auth_gate
    |     return await gated_auth_middleware(request, call_next)
    |            ^^^^^^^^^^^^^^^^^^^^^^^^^^^^^^^^^^^^^^^^^^^^^^^
    |   File "/home/ai_user/.hermes/hermes-agent/hermes_cli/dashboard_auth/middleware.py", line 182, in gated_auth_middleware
    |     return await call_next(request)
    |            ^^^^^^^^^^^^^^^^^^^^^^^^
    |   File "/home/ai_user/.hermes/hermes-agent/venv/lib/python3.11/site-packages/starlette/middleware/base.py", line 168, in call_next
    |     raise app_exc from app_exc.__cause__ or app_exc.__context__
    |   File "/home/ai_user/.hermes/hermes-agent/venv/lib/python3.11/site-packages/starlette/middleware/base.py", line 144, in coro
    |     await self.app(scope, receive_or_disconnect, send_no_error)
    |   File "/home/ai_user/.hermes/hermes-agent/venv/lib/python3.11/site-packages/starlette/middleware/base.py", line 191, in __call__
    |     with recv_stream, send_stream, collapse_excgroups():
    |   File "/home/ai_user/.local/share/uv/python/cpython-3.11.15-linux-x86_64-gnu/lib/python3.11/contextlib.py", line 158, in __exit__
    |     self.gen.throw(typ, value, traceback)
    |   File "/home/ai_user/.hermes/hermes-agent/venv/lib/python3.11/site-packages/starlette/_utils.py", line 87, in collapse_excgroups
    |     raise exc
    |   File "/home/ai_user/.hermes/hermes-agent/venv/lib/python3.11/site-packages/starlette/middleware/base.py", line 193, in __call__
    |     response = await self.dispatch_func(request, call_next)
    |                ^^^^^^^^^^^^^^^^^^^^^^^^^^^^^^^^^^^^^^^^^^^^
    |   File "/home/ai_user/.hermes/hermes-agent/hermes_cli/web_server.py", line 391, in host_header_middleware
    |     return await call_next(request)
    |            ^^^^^^^^^^^^^^^^^^^^^^^^
    |   File "/home/ai_user/.hermes/hermes-agent/venv/lib/python3.11/site-packages/starlette/middleware/base.py", line 168, in call_next
    |     raise app_exc from app_exc.__cause__ or app_exc.__context__
    |   File "/home/ai_user/.hermes/hermes-agent/venv/lib/python3.11/site-packages/starlette/middleware/base.py", line 144, in coro
    |     await self.app(scope, receive_or_disconnect, send_no_error)
    |   File "/home/ai_user/.hermes/hermes-agent/venv/lib/python3.11/site-packages/starlette/middleware/cors.py", line 88, in __call__
    |     await self.app(scope, receive, send)
    |   File "/home/ai_user/.hermes/hermes-agent/venv/lib/python3.11/site-packages/starlette/middleware/exceptions.py", line 63, in __call__
    |     await wrap_app_handling_exceptions(self.app, conn)(scope, receive, send)
    |   File "/home/ai_user/.hermes/hermes-agent/venv/lib/python3.11/site-packages/starlette/_exception_handler.py", line 53, in wrapped_app
    |     raise exc
    |   File "/home/ai_user/.hermes/hermes-agent/venv/lib/python3.11/site-packages/starlette/_exception_handler.py", line 42, in wrapped_app
    |     await app(scope, receive, sender)
    |   File "/home/ai_user/.hermes/hermes-agent/venv/lib/python3.11/site-packages/fastapi/middleware/asyncexitstack.py", line 18, in __call__
    |     await self.app(scope, receive, send)
    |   File "/home/ai_user/.hermes/hermes-agent/venv/lib/python3.11/site-packages/starlette/routing.py", line 660, in __call__
    |     await self.middleware_stack(scope, receive, send)
    |   File "/home/ai_user/.hermes/hermes-agent/venv/lib/python3.11/site-packages/starlette/routing.py", line 680, in app
    |     await route.handle(scope, receive, send)
    |   File "/home/ai_user/.hermes/hermes-agent/venv/lib/python3.11/site-packages/starlette/routing.py", line 276, in handle
    |     await self.app(scope, receive, send)
    |   File "/home/ai_user/.hermes/hermes-agent/venv/lib/python3.11/site-packages/fastapi/routing.py", line 119, in app
    |     await wrap_app_handling_exceptions(app, request)(scope, receive, send)
    |   File "/home/ai_user/.hermes/hermes-agent/venv/lib/python3.11/site-packages/starlette/_exception_handler.py", line 53, in wrapped_app
    |     raise exc
    |   File "/home/ai_user/.hermes/hermes-agent/venv/lib/python3.11/site-packages/starlette/_exception_handler.py", line 42, in wrapped_app
    |     await app(scope, receive, sender)
    |   File "/home/ai_user/.hermes/hermes-agent/venv/lib/python3.11/site-packages/fastapi/routing.py", line 105, in app
    |     response = await f(request)
    |                ^^^^^^^^^^^^^^^^
    |   File "/home/ai_user/.hermes/hermes-agent/venv/lib/python3.11/site-packages/fastapi/routing.py", line 431, in app
    |     raw_response = await run_endpoint_function(
    |                    ^^^^^^^^^^^^^^^^^^^^^^^^^^^^
    |   File "/home/ai_user/.hermes/hermes-agent/venv/lib/python3.11/site-packages/fastapi/routing.py", line 313, in run_endpoint_function
    |     return await dependant.call(**values)
    |            ^^^^^^^^^^^^^^^^^^^^^^^^^^^^^^
    |   File "/home/ai_user/.hermes/hermes-agent/hermes_cli/web_server.py", line 9443, in get_skills
    |     from tools.skills_tool import _find_all_skills
    |   File "/home/ai_user/.hermes/hermes-agent/tools/skills_tool.py", line 82, in <module>
    |     from agent.skill_utils import (
    | ImportError: cannot import name 'is_skill_support_path' from 'agent.skill_utils' (/home/ai_user/.hermes/hermes-agent/agent/skill_utils.py)
    +------------------------------------

The above exception was the direct cause of the following exception:

Traceback (most recent call last):
  File "/home/ai_user/.hermes/hermes-agent/venv/lib/python3.11/site-packages/uvicorn/protocols/http/httptools_impl.py", line 416, in run_asgi
    result = await app(  # type: ignore[func-returns-value]
             ^^^^^^^^^^^^^^^^^^^^^^^^^^^^^^^^^^^^^^^^^^^^^^
  File "/home/ai_user/.hermes/hermes-agent/venv/lib/python3.11/site-packages/fastapi/applications.py", line 1160, in __call__
    await super().__call__(scope, receive, send)
  File "/home/ai_user/.hermes/hermes-agent/venv/lib/python3.11/site-packages/starlette/applications.py", line 90, in __call__
    await self.middleware_stack(scope, receive, send)
  File "/home/ai_user/.hermes/hermes-agent/venv/lib/python3.11/site-packages/starlette/middleware/errors.py", line 186, in __call__
    raise exc
  File "/home/ai_user/.hermes/hermes-agent/venv/lib/python3.11/site-packages/starlette/middleware/errors.py", line 164, in __call__
    await self.app(scope, receive, _send)
  File "/home/ai_user/.hermes/hermes-agent/venv/lib/python3.11/site-packages/starlette/middleware/base.py", line 191, in __call__
    with recv_stream, send_stream, collapse_excgroups():
  File "/home/ai_user/.local/share/uv/python/cpython-3.11.15-linux-x86_64-gnu/lib/python3.11/contextlib.py", line 158, in __exit__
    self.gen.throw(typ, value, traceback)
  File "/home/ai_user/.hermes/hermes-agent/venv/lib/python3.11/site-packages/starlette/_utils.py", line 87, in collapse_excgroups
    raise exc
  File "/home/ai_user/.hermes/hermes-agent/venv/lib/python3.11/site-packages/starlette/middleware/base.py", line 193, in __call__
    response = await self.dispatch_func(request, call_next)
               ^^^^^^^^^^^^^^^^^^^^^^^^^^^^^^^^^^^^^^^^^^^^
  File "/home/ai_user/.hermes/hermes-agent/hermes_cli/web_server.py", line 424, in auth_middleware
    return await call_next(request)
           ^^^^^^^^^^^^^^^^^^^^^^^^
  File "/home/ai_user/.hermes/hermes-agent/venv/lib/python3.11/site-packages/starlette/middleware/base.py", line 168, in call_next
    raise app_exc from app_exc.__cause__ or app_exc.__context__
  File "/home/ai_user/.hermes/hermes-agent/venv/lib/python3.11/site-packages/starlette/middleware/base.py", line 144, in coro
    await self.app(scope, receive_or_disconnect, send_no_error)
  File "/home/ai_user/.hermes/hermes-agent/venv/lib/python3.11/site-packages/starlette/middleware/base.py", line 191, in __call__
    with recv_stream, send_stream, collapse_excgroups():
  File "/home/ai_user/.local/share/uv/python/cpython-3.11.15-linux-x86_64-gnu/lib/python3.11/contextlib.py", line 158, in __exit__
    self.gen.throw(typ, value, traceback)
  File "/home/ai_user/.hermes/hermes-agent/venv/lib/python3.11/site-packages/starlette/_utils.py", line 87, in collapse_excgroups
    raise exc
  File "/home/ai_user/.hermes/hermes-agent/venv/lib/python3.11/site-packages/starlette/middleware/base.py", line 193, in __call__
    response = await self.dispatch_func(request, call_next)
               ^^^^^^^^^^^^^^^^^^^^^^^^^^^^^^^^^^^^^^^^^^^^
  File "/home/ai_user/.hermes/hermes-agent/hermes_cli/web_server.py", line 406, in _dashboard_auth_gate
    return await gated_auth_middleware(request, call_next)
           ^^^^^^^^^^^^^^^^^^^^^^^^^^^^^^^^^^^^^^^^^^^^^^^
  File "/home/ai_user/.hermes/hermes-agent/hermes_cli/dashboard_auth/middleware.py", line 182, in gated_auth_middleware
    return await call_next(request)
           ^^^^^^^^^^^^^^^^^^^^^^^^
  File "/home/ai_user/.hermes/hermes-agent/venv/lib/python3.11/site-packages/starlette/middleware/base.py", line 168, in call_next
    raise app_exc from app_exc.__cause__ or app_exc.__context__
  File "/home/ai_user/.hermes/hermes-agent/venv/lib/python3.11/site-packages/starlette/middleware/base.py", line 144, in coro
    await self.app(scope, receive_or_disconnect, send_no_error)
  File "/home/ai_user/.hermes/hermes-agent/venv/lib/python3.11/site-packages/starlette/middleware/base.py", line 191, in __call__
    with recv_stream, send_stream, collapse_excgroups():
  File "/home/ai_user/.local/share/uv/python/cpython-3.11.15-linux-x86_64-gnu/lib/python3.11/contextlib.py", line 158, in __exit__
    self.gen.throw(typ, value, traceback)
  File "/home/ai_user/.hermes/hermes-agent/venv/lib/python3.11/site-packages/starlette/_utils.py", line 87, in collapse_excgroups
    raise exc
  File "/home/ai_user/.hermes/hermes-agent/venv/lib/python3.11/site-packages/starlette/middleware/base.py", line 193, in __call__
    response = await self.dispatch_func(request, call_next)
               ^^^^^^^^^^^^^^^^^^^^^^^^^^^^^^^^^^^^^^^^^^^^
  File "/home/ai_user/.hermes/hermes-agent/hermes_cli/web_server.py", line 391, in host_header_middleware
    return await call_next(request)
           ^^^^^^^^^^^^^^^^^^^^^^^^
  File "/home/ai_user/.hermes/hermes-agent/venv/lib/python3.11/site-packages/starlette/middleware/base.py", line 168, in call_next
    raise app_exc from app_exc.__cause__ or app_exc.__context__
  File "/home/ai_user/.hermes/hermes-agent/venv/lib/python3.11/site-packages/starlette/middleware/base.py", line 144, in coro
    await self.app(scope, receive_or_disconnect, send_no_error)
  File "/home/ai_user/.hermes/hermes-agent/venv/lib/python3.11/site-packages/starlette/middleware/cors.py", line 88, in __call__
    await self.app(scope, receive, send)
  File "/home/ai_user/.hermes/hermes-agent/venv/lib/python3.11/site-packages/starlette/middleware/exceptions.py", line 63, in __call__
    await wrap_app_handling_exceptions(self.app, conn)(scope, receive, send)
  File "/home/ai_user/.hermes/hermes-agent/venv/lib/python3.11/site-packages/starlette/_exception_handler.py", line 53, in wrapped_app
    raise exc
  File "/home/ai_user/.hermes/hermes-agent/venv/lib/python3.11/site-packages/starlette/_exception_handler.py", line 42, in wrapped_app
    await app(scope, receive, sender)
  File "/home/ai_user/.hermes/hermes-agent/venv/lib/python3.11/site-packages/fastapi/middleware/asyncexitstack.py", line 18, in __call__
    await self.app(scope, receive, send)
  File "/home/ai_user/.hermes/hermes-agent/venv/lib/python3.11/site-packages/starlette/routing.py", line 660, in __call__
    await self.middleware_stack(scope, receive, send)
  File "/home/ai_user/.hermes/hermes-agent/venv/lib/python3.11/site-packages/starlette/routing.py", line 680, in app
    await route.handle(scope, receive, send)
  File "/home/ai_user/.hermes/hermes-agent/venv/lib/python3.11/site-packages/starlette/routing.py", line 276, in handle
    await self.app(scope, receive, send)
  File "/home/ai_user/.hermes/hermes-agent/venv/lib/python3.11/site-packages/fastapi/routing.py", line 119, in app
    await wrap_app_handling_exceptions(app, request)(scope, receive, send)
  File "/home/ai_user/.hermes/hermes-agent/venv/lib/python3.11/site-packages/starlette/_exception_handler.py", line 53, in wrapped_app
    raise exc
  File "/home/ai_user/.hermes/hermes-agent/venv/lib/python3.11/site-packages/starlette/_exception_handler.py", line 42, in wrapped_app
    await app(scope, receive, sender)
  File "/home/ai_user/.hermes/hermes-agent/venv/lib/python3.11/site-packages/fastapi/routing.py", line 105, in app
    response = await f(request)
               ^^^^^^^^^^^^^^^^
  File "/home/ai_user/.hermes/hermes-agent/venv/lib/python3.11/site-packages/fastapi/routing.py", line 431, in app
    raw_response = await run_endpoint_function(
                   ^^^^^^^^^^^^^^^^^^^^^^^^^^^^
  File "/home/ai_user/.hermes/hermes-agent/venv/lib/python3.11/site-packages/fastapi/routing.py", line 313, in run_endpoint_function
    return await dependant.call(**values)
           ^^^^^^^^^^^^^^^^^^^^^^^^^^^^^^
  File "/home/ai_user/.hermes/hermes-agent/hermes_cli/web_server.py", line 9443, in get_skills
    from tools.skills_tool import _find_all_skills
  File "/home/ai_user/.hermes/hermes-agent/tools/skills_tool.py", line 82, in <module>
    from agent.skill_utils import (
ImportError: cannot import name 'is_skill_support_path' from 'agent.skill_utils' (/home/ai_user/.hermes/hermes-agent/agent/skill_utils.py)
ERROR:    Exception in ASGI application
  + Exception Group Traceback (most recent call last):
  |   File "/home/ai_user/.hermes/hermes-agent/venv/lib/python3.11/site-packages/starlette/_utils.py", line 81, in collapse_excgroups
  |     yield
  |   File "/home/ai_user/.hermes/hermes-agent/venv/lib/python3.11/site-packages/starlette/middleware/base.py", line 192, in __call__
  |     async with anyio.create_task_group() as task_group:
  |   File "/home/ai_user/.hermes/hermes-agent/venv/lib/python3.11/site-packages/anyio/_backends/_asyncio.py", line 783, in __aexit__
  |     raise BaseExceptionGroup(
  | ExceptionGroup: unhandled errors in a TaskGroup (1 sub-exception)
  +-+---------------- 1 ----------------
    | Traceback (most recent call last):
    |   File "/home/ai_user/.hermes/hermes-agent/venv/lib/python3.11/site-packages/uvicorn/protocols/http/httptools_impl.py", line 416, in run_asgi
    |     result = await app(  # type: ignore[func-returns-value]
    |              ^^^^^^^^^^^^^^^^^^^^^^^^^^^^^^^^^^^^^^^^^^^^^^
    |   File "/home/ai_user/.hermes/hermes-agent/venv/lib/python3.11/site-packages/fastapi/applications.py", line 1160, in __call__
    |     await super().__call__(scope, receive, send)
    |   File "/home/ai_user/.hermes/hermes-agent/venv/lib/python3.11/site-packages/starlette/applications.py", line 90, in __call__
    |     await self.middleware_stack(scope, receive, send)
    |   File "/home/ai_user/.hermes/hermes-agent/venv/lib/python3.11/site-packages/starlette/middleware/errors.py", line 186, in __call__
    |     raise exc
    |   File "/home/ai_user/.hermes/hermes-agent/venv/lib/python3.11/site-packages/starlette/middleware/errors.py", line 164, in __call__
    |     await self.app(scope, receive, _send)
    |   File "/home/ai_user/.hermes/hermes-agent/venv/lib/python3.11/site-packages/starlette/middleware/base.py", line 191, in __call__
    |     with recv_stream, send_stream, collapse_excgroups():
    |   File "/home/ai_user/.local/share/uv/python/cpython-3.11.15-linux-x86_64-gnu/lib/python3.11/contextlib.py", line 158, in __exit__
    |     self.gen.throw(typ, value, traceback)
    |   File "/home/ai_user/.hermes/hermes-agent/venv/lib/python3.11/site-packages/starlette/_utils.py", line 87, in collapse_excgroups
    |     raise exc
    |   File "/home/ai_user/.hermes/hermes-agent/venv/lib/python3.11/site-packages/starlette/middleware/base.py", line 193, in __call__
    |     response = await self.dispatch_func(request, call_next)
    |                ^^^^^^^^^^^^^^^^^^^^^^^^^^^^^^^^^^^^^^^^^^^^
    |   File "/home/ai_user/.hermes/hermes-agent/hermes_cli/web_server.py", line 424, in auth_middleware
    |     return await call_next(request)
    |            ^^^^^^^^^^^^^^^^^^^^^^^^
    |   File "/home/ai_user/.hermes/hermes-agent/venv/lib/python3.11/site-packages/starlette/middleware/base.py", line 168, in call_next
    |     raise app_exc from app_exc.__cause__ or app_exc.__context__
    |   File "/home/ai_user/.hermes/hermes-agent/venv/lib/python3.11/site-packages/starlette/middleware/base.py", line 144, in coro
    |     await self.app(scope, receive_or_disconnect, send_no_error)
    |   File "/home/ai_user/.hermes/hermes-agent/venv/lib/python3.11/site-packages/starlette/middleware/base.py", line 191, in __call__
    |     with recv_stream, send_stream, collapse_excgroups():
    |   File "/home/ai_user/.local/share/uv/python/cpython-3.11.15-linux-x86_64-gnu/lib/python3.11/contextlib.py", line 158, in __exit__
    |     self.gen.throw(typ, value, traceback)
    |   File "/home/ai_user/.hermes/hermes-agent/venv/lib/python3.11/site-packages/starlette/_utils.py", line 87, in collapse_excgroups
    |     raise exc
    |   File "/home/ai_user/.hermes/hermes-agent/venv/lib/python3.11/site-packages/starlette/middleware/base.py", line 193, in __call__
    |     response = await self.dispatch_func(request, call_next)
    |                ^^^^^^^^^^^^^^^^^^^^^^^^^^^^^^^^^^^^^^^^^^^^
    |   File "/home/ai_user/.hermes/hermes-agent/hermes_cli/web_server.py", line 406, in _dashboard_auth_gate
    |     return await gated_auth_middleware(request, call_next)
    |            ^^^^^^^^^^^^^^^^^^^^^^^^^^^^^^^^^^^^^^^^^^^^^^^
    |   File "/home/ai_user/.hermes/hermes-agent/hermes_cli/dashboard_auth/middleware.py", line 182, in gated_auth_middleware
    |     return await call_next(request)
    |            ^^^^^^^^^^^^^^^^^^^^^^^^
    |   File "/home/ai_user/.hermes/hermes-agent/venv/lib/python3.11/site-packages/starlette/middleware/base.py", line 168, in call_next
    |     raise app_exc from app_exc.__cause__ or app_exc.__context__
    |   File "/home/ai_user/.hermes/hermes-agent/venv/lib/python3.11/site-packages/starlette/middleware/base.py", line 144, in coro
    |     await self.app(scope, receive_or_disconnect, send_no_error)
    |   File "/home/ai_user/.hermes/hermes-agent/venv/lib/python3.11/site-packages/starlette/middleware/base.py", line 191, in __call__
    |     with recv_stream, send_stream, collapse_excgroups():
    |   File "/home/ai_user/.local/share/uv/python/cpython-3.11.15-linux-x86_64-gnu/lib/python3.11/contextlib.py", line 158, in __exit__
    |     self.gen.throw(typ, value, traceback)
    |   File "/home/ai_user/.hermes/hermes-agent/venv/lib/python3.11/site-packages/starlette/_utils.py", line 87, in collapse_excgroups
    |     raise exc
    |   File "/home/ai_user/.hermes/hermes-agent/venv/lib/python3.11/site-packages/starlette/middleware/base.py", line 193, in __call__
    |     response = await self.dispatch_func(request, call_next)
    |                ^^^^^^^^^^^^^^^^^^^^^^^^^^^^^^^^^^^^^^^^^^^^
    |   File "/home/ai_user/.hermes/hermes-agent/hermes_cli/web_server.py", line 391, in host_header_middleware
    |     return await call_next(request)
    |            ^^^^^^^^^^^^^^^^^^^^^^^^
    |   File "/home/ai_user/.hermes/hermes-agent/venv/lib/python3.11/site-packages/starlette/middleware/base.py", line 168, in call_next
    |     raise app_exc from app_exc.__cause__ or app_exc.__context__
    |   File "/home/ai_user/.hermes/hermes-agent/venv/lib/python3.11/site-packages/starlette/middleware/base.py", line 144, in coro
    |     await self.app(scope, receive_or_disconnect, send_no_error)
    |   File "/home/ai_user/.hermes/hermes-agent/venv/lib/python3.11/site-packages/starlette/middleware/cors.py", line 88, in __call__
    |     await self.app(scope, receive, send)
    |   File "/home/ai_user/.hermes/hermes-agent/venv/lib/python3.11/site-packages/starlette/middleware/exceptions.py", line 63, in __call__
    |     await wrap_app_handling_exceptions(self.app, conn)(scope, receive, send)
    |   File "/home/ai_user/.hermes/hermes-agent/venv/lib/python3.11/site-packages/starlette/_exception_handler.py", line 53, in wrapped_app
    |     raise exc
    |   File "/home/ai_user/.hermes/hermes-agent/venv/lib/python3.11/site-packages/starlette/_exception_handler.py", line 42, in wrapped_app
    |     await app(scope, receive, sender)
    |   File "/home/ai_user/.hermes/hermes-agent/venv/lib/python3.11/site-packages/fastapi/middleware/asyncexitstack.py", line 18, in __call__
    |     await self.app(scope, receive, send)
    |   File "/home/ai_user/.hermes/hermes-agent/venv/lib/python3.11/site-packages/starlette/routing.py", line 660, in __call__
    |     await self.middleware_stack(scope, receive, send)
    |   File "/home/ai_user/.hermes/hermes-agent/venv/lib/python3.11/site-packages/starlette/routing.py", line 680, in app
    |     await route.handle(scope, receive, send)
    |   File "/home/ai_user/.hermes/hermes-agent/venv/lib/python3.11/site-packages/starlette/routing.py", line 276, in handle
    |     await self.app(scope, receive, send)
    |   File "/home/ai_user/.hermes/hermes-agent/venv/lib/python3.11/site-packages/fastapi/routing.py", line 119, in app
    |     await wrap_app_handling_exceptions(app, request)(scope, receive, send)
    |   File "/home/ai_user/.hermes/hermes-agent/venv/lib/python3.11/site-packages/starlette/_exception_handler.py", line 53, in wrapped_app
    |     raise exc
    |   File "/home/ai_user/.hermes/hermes-agent/venv/lib/python3.11/site-packages/starlette/_exception_handler.py", line 42, in wrapped_app
    |     await app(scope, receive, sender)
    |   File "/home/ai_user/.hermes/hermes-agent/venv/lib/python3.11/site-packages/fastapi/routing.py", line 105, in app
    |     response = await f(request)
    |                ^^^^^^^^^^^^^^^^
    |   File "/home/ai_user/.hermes/hermes-agent/venv/lib/python3.11/site-packages/fastapi/routing.py", line 431, in app
    |     raw_response = await run_endpoint_function(
    |                    ^^^^^^^^^^^^^^^^^^^^^^^^^^^^
    |   File "/home/ai_user/.hermes/hermes-agent/venv/lib/python3.11/site-packages/fastapi/routing.py", line 313, in run_endpoint_function
    |     return await dependant.call(**values)
    |            ^^^^^^^^^^^^^^^^^^^^^^^^^^^^^^
    |   File "/home/ai_user/.hermes/hermes-agent/hermes_cli/web_server.py", line 9557, in get_toolsets
    |     with _profile_scope(profile):
    |   File "/home/ai_user/.local/share/uv/python/cpython-3.11.15-linux-x86_64-gnu/lib/python3.11/contextlib.py", line 137, in __enter__
    |     return next(self.gen)
    |            ^^^^^^^^^^^^^^
    |   File "/home/ai_user/.hermes/hermes-agent/hermes_cli/web_server.py", line 9405, in _profile_scope
    |     from tools import skills_tool as _skills_tool
    |   File "/home/ai_user/.hermes/hermes-agent/tools/skills_tool.py", line 82, in <module>
    |     from agent.skill_utils import (
    | ImportError: cannot import name 'is_skill_support_path' from 'agent.skill_utils' (/home/ai_user/.hermes/hermes-agent/agent/skill_utils.py)
    +------------------------------------

The above exception was the direct cause of the following exception:

Traceback (most recent call last):
  File "/home/ai_user/.hermes/hermes-agent/venv/lib/python3.11/site-packages/uvicorn/protocols/http/httptools_impl.py", line 416, in run_asgi
    result = await app(  # type: ignore[func-returns-value]
             ^^^^^^^^^^^^^^^^^^^^^^^^^^^^^^^^^^^^^^^^^^^^^^
  File "/home/ai_user/.hermes/hermes-agent/venv/lib/python3.11/site-packages/fastapi/applications.py", line 1160, in __call__
    await super().__call__(scope, receive, send)
  File "/home/ai_user/.hermes/hermes-agent/venv/lib/python3.11/site-packages/starlette/applications.py", line 90, in __call__
    await self.middleware_stack(scope, receive, send)
  File "/home/ai_user/.hermes/hermes-agent/venv/lib/python3.11/site-packages/starlette/middleware/errors.py", line 186, in __call__
    raise exc
  File "/home/ai_user/.hermes/hermes-agent/venv/lib/python3.11/site-packages/starlette/middleware/errors.py", line 164, in __call__
    await self.app(scope, receive, _send)
  File "/home/ai_user/.hermes/hermes-agent/venv/lib/python3.11/site-packages/starlette/middleware/base.py", line 191, in __call__
    with recv_stream, send_stream, collapse_excgroups():
  File "/home/ai_user/.local/share/uv/python/cpython-3.11.15-linux-x86_64-gnu/lib/python3.11/contextlib.py", line 158, in __exit__
    self.gen.throw(typ, value, traceback)
  File "/home/ai_user/.hermes/hermes-agent/venv/lib/python3.11/site-packages/starlette/_utils.py", line 87, in collapse_excgroups
    raise exc
  File "/home/ai_user/.hermes/hermes-agent/venv/lib/python3.11/site-packages/starlette/middleware/base.py", line 193, in __call__
    response = await self.dispatch_func(request, call_next)
               ^^^^^^^^^^^^^^^^^^^^^^^^^^^^^^^^^^^^^^^^^^^^
  File "/home/ai_user/.hermes/hermes-agent/hermes_cli/web_server.py", line 424, in auth_middleware
    return await call_next(request)
           ^^^^^^^^^^^^^^^^^^^^^^^^
  File "/home/ai_user/.hermes/hermes-agent/venv/lib/python3.11/site-packages/starlette/middleware/base.py", line 168, in call_next
    raise app_exc from app_exc.__cause__ or app_exc.__context__
  File "/home/ai_user/.hermes/hermes-agent/venv/lib/python3.11/site-packages/starlette/middleware/base.py", line 144, in coro
    await self.app(scope, receive_or_disconnect, send_no_error)
  File "/home/ai_user/.hermes/hermes-agent/venv/lib/python3.11/site-packages/starlette/middleware/base.py", line 191, in __call__
    with recv_stream, send_stream, collapse_excgroups():
  File "/home/ai_user/.local/share/uv/python/cpython-3.11.15-linux-x86_64-gnu/lib/python3.11/contextlib.py", line 158, in __exit__
    self.gen.throw(typ, value, traceback)
  File "/home/ai_user/.hermes/hermes-agent/venv/lib/python3.11/site-packages/starlette/_utils.py", line 87, in collapse_excgroups
    raise exc
  File "/home/ai_user/.hermes/hermes-agent/venv/lib/python3.11/site-packages/starlette/middleware/base.py", line 193, in __call__
    response = await self.dispatch_func(request, call_next)
               ^^^^^^^^^^^^^^^^^^^^^^^^^^^^^^^^^^^^^^^^^^^^
  File "/home/ai_user/.hermes/hermes-agent/hermes_cli/web_server.py", line 406, in _dashboard_auth_gate
    return await gated_auth_middleware(request, call_next)
           ^^^^^^^^^^^^^^^^^^^^^^^^^^^^^^^^^^^^^^^^^^^^^^^
  File "/home/ai_user/.hermes/hermes-agent/hermes_cli/dashboard_auth/middleware.py", line 182, in gated_auth_middleware
    return await call_next(request)
           ^^^^^^^^^^^^^^^^^^^^^^^^
  File "/home/ai_user/.hermes/hermes-agent/venv/lib/python3.11/site-packages/starlette/middleware/base.py", line 168, in call_next
    raise app_exc from app_exc.__cause__ or app_exc.__context__
  File "/home/ai_user/.hermes/hermes-agent/venv/lib/python3.11/site-packages/starlette/middleware/base.py", line 144, in coro
    await self.app(scope, receive_or_disconnect, send_no_error)
  File "/home/ai_user/.hermes/hermes-agent/venv/lib/python3.11/site-packages/starlette/middleware/base.py", line 191, in __call__
    with recv_stream, send_stream, collapse_excgroups():
  File "/home/ai_user/.local/share/uv/python/cpython-3.11.15-linux-x86_64-gnu/lib/python3.11/contextlib.py", line 158, in __exit__
    self.gen.throw(typ, value, traceback)
  File "/home/ai_user/.hermes/hermes-agent/venv/lib/python3.11/site-packages/starlette/_utils.py", line 87, in collapse_excgroups
    raise exc
  File "/home/ai_user/.hermes/hermes-agent/venv/lib/python3.11/site-packages/starlette/middleware/base.py", line 193, in __call__
    response = await self.dispatch_func(request, call_next)
               ^^^^^^^^^^^^^^^^^^^^^^^^^^^^^^^^^^^^^^^^^^^^
  File "/home/ai_user/.hermes/hermes-agent/hermes_cli/web_server.py", line 391, in host_header_middleware
    return await call_next(request)
           ^^^^^^^^^^^^^^^^^^^^^^^^
  File "/home/ai_user/.hermes/hermes-agent/venv/lib/python3.11/site-packages/starlette/middleware/base.py", line 168, in call_next
    raise app_exc from app_exc.__cause__ or app_exc.__context__
  File "/home/ai_user/.hermes/hermes-agent/venv/lib/python3.11/site-packages/starlette/middleware/base.py", line 144, in coro
    await self.app(scope, receive_or_disconnect, send_no_error)
  File "/home/ai_user/.hermes/hermes-agent/venv/lib/python3.11/site-packages/starlette/middleware/cors.py", line 88, in __call__
    await self.app(scope, receive, send)
  File "/home/ai_user/.hermes/hermes-agent/venv/lib/python3.11/site-packages/starlette/middleware/exceptions.py", line 63, in __call__
    await wrap_app_handling_exceptions(self.app, conn)(scope, receive, send)
  File "/home/ai_user/.hermes/hermes-agent/venv/lib/python3.11/site-packages/starlette/_exception_handler.py", line 53, in wrapped_app
    raise exc
  File "/home/ai_user/.hermes/hermes-agent/venv/lib/python3.11/site-packages/starlette/_exception_handler.py", line 42, in wrapped_app
    await app(scope, receive, sender)
  File "/home/ai_user/.hermes/hermes-agent/venv/lib/python3.11/site-packages/fastapi/middleware/asyncexitstack.py", line 18, in __call__
    await self.app(scope, receive, send)
  File "/home/ai_user/.hermes/hermes-agent/venv/lib/python3.11/site-packages/starlette/routing.py", line 660, in __call__
    await self.middleware_stack(scope, receive, send)
  File "/home/ai_user/.hermes/hermes-agent/venv/lib/python3.11/site-packages/starlette/routing.py", line 680, in app
    await route.handle(scope, receive, send)
  File "/home/ai_user/.hermes/hermes-agent/venv/lib/python3.11/site-packages/starlette/routing.py", line 276, in handle
    await self.app(scope, receive, send)
  File "/home/ai_user/.hermes/hermes-agent/venv/lib/python3.11/site-packages/fastapi/routing.py", line 119, in app
    await wrap_app_handling_exceptions(app, request)(scope, receive, send)
  File "/home/ai_user/.hermes/hermes-agent/venv/lib/python3.11/site-packages/starlette/_exception_handler.py", line 53, in wrapped_app
    raise exc
  File "/home/ai_user/.hermes/hermes-agent/venv/lib/python3.11/site-packages/starlette/_exception_handler.py", line 42, in wrapped_app
    await app(scope, receive, sender)
  File "/home/ai_user/.hermes/hermes-agent/venv/lib/python3.11/site-packages/fastapi/routing.py", line 105, in app
    response = await f(request)
               ^^^^^^^^^^^^^^^^
  File "/home/ai_user/.hermes/hermes-agent/venv/lib/python3.11/site-packages/fastapi/routing.py", line 431, in app
    raw_response = await run_endpoint_function(
                   ^^^^^^^^^^^^^^^^^^^^^^^^^^^^
  File "/home/ai_user/.hermes/hermes-agent/venv/lib/python3.11/site-packages/fastapi/routing.py", line 313, in run_endpoint_function
    return await dependant.call(**values)
           ^^^^^^^^^^^^^^^^^^^^^^^^^^^^^^
  File "/home/ai_user/.hermes/hermes-agent/hermes_cli/web_server.py", line 9557, in get_toolsets
    with _profile_scope(profile):
  File "/home/ai_user/.local/share/uv/python/cpython-3.11.15-linux-x86_64-gnu/lib/python3.11/contextlib.py", line 137, in __enter__
    return next(self.gen)
           ^^^^^^^^^^^^^^
  File "/home/ai_user/.hermes/hermes-agent/hermes_cli/web_server.py", line 9405, in _profile_scope
    from tools import skills_tool as _skills_tool
  File "/home/ai_user/.hermes/hermes-agent/tools/skills_tool.py", line 82, in <module>
    from agent.skill_utils import (
ImportError: cannot import name 'is_skill_support_path' from 'agent.skill_utils' (/home/ai_user/.hermes/hermes-agent/agent/skill_utils.py)
ERROR:    Exception in ASGI application
  + Exception Group Traceback (most recent call last):
  |   File "/home/ai_user/.hermes/hermes-agent/venv/lib/python3.11/site-packages/starlette/_utils.py", line 81, in collapse_excgroups
  |     yield
  |   File "/home/ai_user/.hermes/hermes-agent/venv/lib/python3.11/site-packages/starlette/middleware/base.py", line 192, in __call__
  |     async with anyio.create_task_group() as task_group:
  |   File "/home/ai_user/.hermes/hermes-agent/venv/lib/python3.11/site-packages/anyio/_backends/_asyncio.py", line 783, in __aexit__
  |     raise BaseExceptionGroup(
  | ExceptionGroup: unhandled errors in a TaskGroup (1 sub-exception)
  +-+---------------- 1 ----------------
    | Traceback (most recent call last):
    |   File "/home/ai_user/.hermes/hermes-agent/venv/lib/python3.11/site-packages/uvicorn/protocols/http/httptools_impl.py", line 416, in run_asgi
    |     result = await app(  # type: ignore[func-returns-value]
    |              ^^^^^^^^^^^^^^^^^^^^^^^^^^^^^^^^^^^^^^^^^^^^^^
    |   File "/home/ai_user/.hermes/hermes-agent/venv/lib/python3.11/site-packages/fastapi/applications.py", line 1160, in __call__
    |     await super().__call__(scope, receive, send)
    |   File "/home/ai_user/.hermes/hermes-agent/venv/lib/python3.11/site-packages/starlette/applications.py", line 90, in __call__
    |     await self.middleware_stack(scope, receive, send)
    |   File "/home/ai_user/.hermes/hermes-agent/venv/lib/python3.11/site-packages/starlette/middleware/errors.py", line 186, in __call__
    |     raise exc
    |   File "/home/ai_user/.hermes/hermes-agent/venv/lib/python3.11/site-packages/starlette/middleware/errors.py", line 164, in __call__
    |     await self.app(scope, receive, _send)
    |   File "/home/ai_user/.hermes/hermes-agent/venv/lib/python3.11/site-packages/starlette/middleware/base.py", line 191, in __call__
    |     with recv_stream, send_stream, collapse_excgroups():
    |   File "/home/ai_user/.local/share/uv/python/cpython-3.11.15-linux-x86_64-gnu/lib/python3.11/contextlib.py", line 158, in __exit__
    |     self.gen.throw(typ, value, traceback)
    |   File "/home/ai_user/.hermes/hermes-agent/venv/lib/python3.11/site-packages/starlette/_utils.py", line 87, in collapse_excgroups
    |     raise exc
    |   File "/home/ai_user/.hermes/hermes-agent/venv/lib/python3.11/site-packages/starlette/middleware/base.py", line 193, in __call__
    |     response = await self.dispatch_func(request, call_next)
    |                ^^^^^^^^^^^^^^^^^^^^^^^^^^^^^^^^^^^^^^^^^^^^
    |   File "/home/ai_user/.hermes/hermes-agent/hermes_cli/web_server.py", line 424, in auth_middleware
    |     return await call_next(request)
    |            ^^^^^^^^^^^^^^^^^^^^^^^^
    |   File "/home/ai_user/.hermes/hermes-agent/venv/lib/python3.11/site-packages/starlette/middleware/base.py", line 168, in call_next
    |     raise app_exc from app_exc.__cause__ or app_exc.__context__
    |   File "/home/ai_user/.hermes/hermes-agent/venv/lib/python3.11/site-packages/starlette/middleware/base.py", line 144, in coro
    |     await self.app(scope, receive_or_disconnect, send_no_error)
    |   File "/home/ai_user/.hermes/hermes-agent/venv/lib/python3.11/site-packages/starlette/middleware/base.py", line 191, in __call__
    |     with recv_stream, send_stream, collapse_excgroups():
    |   File "/home/ai_user/.local/share/uv/python/cpython-3.11.15-linux-x86_64-gnu/lib/python3.11/contextlib.py", line 158, in __exit__
    |     self.gen.throw(typ, value, traceback)
    |   File "/home/ai_user/.hermes/hermes-agent/venv/lib/python3.11/site-packages/starlette/_utils.py", line 87, in collapse_excgroups
    |     raise exc
    |   File "/home/ai_user/.hermes/hermes-agent/venv/lib/python3.11/site-packages/starlette/middleware/base.py", line 193, in __call__
    |     response = await self.dispatch_func(request, call_next)
    |                ^^^^^^^^^^^^^^^^^^^^^^^^^^^^^^^^^^^^^^^^^^^^
    |   File "/home/ai_user/.hermes/hermes-agent/hermes_cli/web_server.py", line 406, in _dashboard_auth_gate
    |     return await gated_auth_middleware(request, call_next)
    |            ^^^^^^^^^^^^^^^^^^^^^^^^^^^^^^^^^^^^^^^^^^^^^^^
    |   File "/home/ai_user/.hermes/hermes-agent/hermes_cli/dashboard_auth/middleware.py", line 182, in gated_auth_middleware
    |     return await call_next(request)
    |            ^^^^^^^^^^^^^^^^^^^^^^^^
    |   File "/home/ai_user/.hermes/hermes-agent/venv/lib/python3.11/site-packages/starlette/middleware/base.py", line 168, in call_next
    |     raise app_exc from app_exc.__cause__ or app_exc.__context__
    |   File "/home/ai_user/.hermes/hermes-agent/venv/lib/python3.11/site-packages/starlette/middleware/base.py", line 144, in coro
    |     await self.app(scope, receive_or_disconnect, send_no_error)
    |   File "/home/ai_user/.hermes/hermes-agent/venv/lib/python3.11/site-packages/starlette/middleware/base.py", line 191, in __call__
    |     with recv_stream, send_stream, collapse_excgroups():
    |   File "/home/ai_user/.local/share/uv/python/cpython-3.11.15-linux-x86_64-gnu/lib/python3.11/contextlib.py", line 158, in __exit__
    |     self.gen.throw(typ, value, traceback)
    |   File "/home/ai_user/.hermes/hermes-agent/venv/lib/python3.11/site-packages/starlette/_utils.py", line 87, in collapse_excgroups
    |     raise exc
    |   File "/home/ai_user/.hermes/hermes-agent/venv/lib/python3.11/site-packages/starlette/middleware/base.py", line 193, in __call__
    |     response = await self.dispatch_func(request, call_next)
    |                ^^^^^^^^^^^^^^^^^^^^^^^^^^^^^^^^^^^^^^^^^^^^
    |   File "/home/ai_user/.hermes/hermes-agent/hermes_cli/web_server.py", line 391, in host_header_middleware
    |     return await call_next(request)
    |            ^^^^^^^^^^^^^^^^^^^^^^^^
    |   File "/home/ai_user/.hermes/hermes-agent/venv/lib/python3.11/site-packages/starlette/middleware/base.py", line 168, in call_next
    |     raise app_exc from app_exc.__cause__ or app_exc.__context__
    |   File "/home/ai_user/.hermes/hermes-agent/venv/lib/python3.11/site-packages/starlette/middleware/base.py", line 144, in coro
    |     await self.app(scope, receive_or_disconnect, send_no_error)
    |   File "/home/ai_user/.hermes/hermes-agent/venv/lib/python3.11/site-packages/starlette/middleware/cors.py", line 88, in __call__
    |     await self.app(scope, receive, send)
    |   File "/home/ai_user/.hermes/hermes-agent/venv/lib/python3.11/site-packages/starlette/middleware/exceptions.py", line 63, in __call__
    |     await wrap_app_handling_exceptions(self.app, conn)(scope, receive, send)
    |   File "/home/ai_user/.hermes/hermes-agent/venv/lib/python3.11/site-packages/starlette/_exception_handler.py", line 53, in wrapped_app
    |     raise exc
    |   File "/home/ai_user/.hermes/hermes-agent/venv/lib/python3.11/site-packages/starlette/_exception_handler.py", line 42, in wrapped_app
    |     await app(scope, receive, sender)
    |   File "/home/ai_user/.hermes/hermes-agent/venv/lib/python3.11/site-packages/fastapi/middleware/asyncexitstack.py", line 18, in __call__
    |     await self.app(scope, receive, send)
    |   File "/home/ai_user/.hermes/hermes-agent/venv/lib/python3.11/site-packages/starlette/routing.py", line 660, in __call__
    |     await self.middleware_stack(scope, receive, send)
    |   File "/home/ai_user/.hermes/hermes-agent/venv/lib/python3.11/site-packages/starlette/routing.py", line 680, in app
    |     await route.handle(scope, receive, send)
    |   File "/home/ai_user/.hermes/hermes-agent/venv/lib/python3.11/site-packages/starlette/routing.py", line 276, in handle
    |     await self.app(scope, receive, send)
    |   File "/home/ai_user/.hermes/hermes-agent/venv/lib/python3.11/site-packages/fastapi/routing.py", line 119, in app
    |     await wrap_app_handling_exceptions(app, request)(scope, receive, send)
    |   File "/home/ai_user/.hermes/hermes-agent/venv/lib/python3.11/site-packages/starlette/_exception_handler.py", line 53, in wrapped_app
    |     raise exc
    |   File "/home/ai_user/.hermes/hermes-agent/venv/lib/python3.11/site-packages/starlette/_exception_handler.py", line 42, in wrapped_app
    |     await app(scope, receive, sender)
    |   File "/home/ai_user/.hermes/hermes-agent/venv/lib/python3.11/site-packages/fastapi/routing.py", line 105, in app
    |     response = await f(request)
    |                ^^^^^^^^^^^^^^^^
    |   File "/home/ai_user/.hermes/hermes-agent/venv/lib/python3.11/site-packages/fastapi/routing.py", line 431, in app
    |     raw_response = await run_endpoint_function(
    |                    ^^^^^^^^^^^^^^^^^^^^^^^^^^^^
    |   File "/home/ai_user/.hermes/hermes-agent/venv/lib/python3.11/site-packages/fastapi/routing.py", line 313, in run_endpoint_function
    |     return await dependant.call(**values)
    |            ^^^^^^^^^^^^^^^^^^^^^^^^^^^^^^
    |   File "/home/ai_user/.hermes/hermes-agent/hermes_cli/web_server.py", line 4841, in get_messaging_platforms
    |     with _profile_scope(profile) as scoped_dir:
    |   File "/home/ai_user/.local/share/uv/python/cpython-3.11.15-linux-x86_64-gnu/lib/python3.11/contextlib.py", line 137, in __enter__
    |     return next(self.gen)
    |            ^^^^^^^^^^^^^^
    |   File "/home/ai_user/.hermes/hermes-agent/hermes_cli/web_server.py", line 9405, in _profile_scope
    |     from tools import skills_tool as _skills_tool
    |   File "/home/ai_user/.hermes/hermes-agent/tools/skills_tool.py", line 82, in <module>
    |     from agent.skill_utils import (
    | ImportError: cannot import name 'is_skill_support_path' from 'agent.skill_utils' (/home/ai_user/.hermes/hermes-agent/agent/skill_utils.py)
    +------------------------------------

The above exception was the direct cause of the following exception:

Traceback (most recent call last):
  File "/home/ai_user/.hermes/hermes-agent/venv/lib/python3.11/site-packages/uvicorn/protocols/http/httptools_impl.py", line 416, in run_asgi
    result = await app(  # type: ignore[func-returns-value]
             ^^^^^^^^^^^^^^^^^^^^^^^^^^^^^^^^^^^^^^^^^^^^^^
  File "/home/ai_user/.hermes/hermes-agent/venv/lib/python3.11/site-packages/fastapi/applications.py", line 1160, in __call__
    await super().__call__(scope, receive, send)
  File "/home/ai_user/.hermes/hermes-agent/venv/lib/python3.11/site-packages/starlette/applications.py", line 90, in __call__
    await self.middleware_stack(scope, receive, send)
  File "/home/ai_user/.hermes/hermes-agent/venv/lib/python3.11/site-packages/starlette/middleware/errors.py", line 186, in __call__
    raise exc
  File "/home/ai_user/.hermes/hermes-agent/venv/lib/python3.11/site-packages/starlette/middleware/errors.py", line 164, in __call__
    await self.app(scope, receive, _send)
  File "/home/ai_user/.hermes/hermes-agent/venv/lib/python3.11/site-packages/starlette/middleware/base.py", line 191, in __call__
    with recv_stream, send_stream, collapse_excgroups():
  File "/home/ai_user/.local/share/uv/python/cpython-3.11.15-linux-x86_64-gnu/lib/python3.11/contextlib.py", line 158, in __exit__
    self.gen.throw(typ, value, traceback)
  File "/home/ai_user/.hermes/hermes-agent/venv/lib/python3.11/site-packages/starlette/_utils.py", line 87, in collapse_excgroups
    raise exc
  File "/home/ai_user/.hermes/hermes-agent/venv/lib/python3.11/site-packages/starlette/middleware/base.py", line 193, in __call__
    response = await self.dispatch_func(request, call_next)
               ^^^^^^^^^^^^^^^^^^^^^^^^^^^^^^^^^^^^^^^^^^^^
  File "/home/ai_user/.hermes/hermes-agent/hermes_cli/web_server.py", line 424, in auth_middleware
    return await call_next(request)
           ^^^^^^^^^^^^^^^^^^^^^^^^
  File "/home/ai_user/.hermes/hermes-agent/venv/lib/python3.11/site-packages/starlette/middleware/base.py", line 168, in call_next
    raise app_exc from app_exc.__cause__ or app_exc.__context__
  File "/home/ai_user/.hermes/hermes-agent/venv/lib/python3.11/site-packages/starlette/middleware/base.py", line 144, in coro
    await self.app(scope, receive_or_disconnect, send_no_error)
  File "/home/ai_user/.hermes/hermes-agent/venv/lib/python3.11/site-packages/starlette/middleware/base.py", line 191, in __call__
    with recv_stream, send_stream, collapse_excgroups():
  File "/home/ai_user/.local/share/uv/python/cpython-3.11.15-linux-x86_64-gnu/lib/python3.11/contextlib.py", line 158, in __exit__
    self.gen.throw(typ, value, traceback)
  File "/home/ai_user/.hermes/hermes-agent/venv/lib/python3.11/site-packages/starlette/_utils.py", line 87, in collapse_excgroups
    raise exc
  File "/home/ai_user/.hermes/hermes-agent/venv/lib/python3.11/site-packages/starlette/middleware/base.py", line 193, in __call__
    response = await self.dispatch_func(request, call_next)
               ^^^^^^^^^^^^^^^^^^^^^^^^^^^^^^^^^^^^^^^^^^^^
  File "/home/ai_user/.hermes/hermes-agent/hermes_cli/web_server.py", line 406, in _dashboard_auth_gate
    return await gated_auth_middleware(request, call_next)
           ^^^^^^^^^^^^^^^^^^^^^^^^^^^^^^^^^^^^^^^^^^^^^^^
  File "/home/ai_user/.hermes/hermes-agent/hermes_cli/dashboard_auth/middleware.py", line 182, in gated_auth_middleware
    return await call_next(request)
           ^^^^^^^^^^^^^^^^^^^^^^^^
  File "/home/ai_user/.hermes/hermes-agent/venv/lib/python3.11/site-packages/starlette/middleware/base.py", line 168, in call_next
    raise app_exc from app_exc.__cause__ or app_exc.__context__
  File "/home/ai_user/.hermes/hermes-agent/venv/lib/python3.11/site-packages/starlette/middleware/base.py", line 144, in coro
    await self.app(scope, receive_or_disconnect, send_no_error)
  File "/home/ai_user/.hermes/hermes-agent/venv/lib/python3.11/site-packages/starlette/middleware/base.py", line 191, in __call__
    with recv_stream, send_stream, collapse_excgroups():
  File "/home/ai_user/.local/share/uv/python/cpython-3.11.15-linux-x86_64-gnu/lib/python3.11/contextlib.py", line 158, in __exit__
    self.gen.throw(typ, value, traceback)
  File "/home/ai_user/.hermes/hermes-agent/venv/lib/python3.11/site-packages/starlette/_utils.py", line 87, in collapse_excgroups
    raise exc
  File "/home/ai_user/.hermes/hermes-agent/venv/lib/python3.11/site-packages/starlette/middleware/base.py", line 193, in __call__
    response = await self.dispatch_func(request, call_next)
               ^^^^^^^^^^^^^^^^^^^^^^^^^^^^^^^^^^^^^^^^^^^^
  File "/home/ai_user/.hermes/hermes-agent/hermes_cli/web_server.py", line 391, in host_header_middleware
    return await call_next(request)
           ^^^^^^^^^^^^^^^^^^^^^^^^
  File "/home/ai_user/.hermes/hermes-agent/venv/lib/python3.11/site-packages/starlette/middleware/base.py", line 168, in call_next
    raise app_exc from app_exc.__cause__ or app_exc.__context__
  File "/home/ai_user/.hermes/hermes-agent/venv/lib/python3.11/site-packages/starlette/middleware/base.py", line 144, in coro
    await self.app(scope, receive_or_disconnect, send_no_error)
  File "/home/ai_user/.hermes/hermes-agent/venv/lib/python3.11/site-packages/starlette/middleware/cors.py", line 88, in __call__
    await self.app(scope, receive, send)
  File "/home/ai_user/.hermes/hermes-agent/venv/lib/python3.11/site-packages/starlette/middleware/exceptions.py", line 63, in __call__
    await wrap_app_handling_exceptions(self.app, conn)(scope, receive, send)
  File "/home/ai_user/.hermes/hermes-agent/venv/lib/python3.11/site-packages/starlette/_exception_handler.py", line 53, in wrapped_app
    raise exc
  File "/home/ai_user/.hermes/hermes-agent/venv/lib/python3.11/site-packages/starlette/_exception_handler.py", line 42, in wrapped_app
    await app(scope, receive, sender)
  File "/home/ai_user/.hermes/hermes-agent/venv/lib/python3.11/site-packages/fastapi/middleware/asyncexitstack.py", line 18, in __call__
    await self.app(scope, receive, send)
  File "/home/ai_user/.hermes/hermes-agent/venv/lib/python3.11/site-packages/starlette/routing.py", line 660, in __call__
    await self.middleware_stack(scope, receive, send)
  File "/home/ai_user/.hermes/hermes-agent/venv/lib/python3.11/site-packages/starlette/routing.py", line 680, in app
    await route.handle(scope, receive, send)
  File "/home/ai_user/.hermes/hermes-agent/venv/lib/python3.11/site-packages/starlette/routing.py", line 276, in handle
    await self.app(scope, receive, send)
  File "/home/ai_user/.hermes/hermes-agent/venv/lib/python3.11/site-packages/fastapi/routing.py", line 119, in app
    await wrap_app_handling_exceptions(app, request)(scope, receive, send)
  File "/home/ai_user/.hermes/hermes-agent/venv/lib/python3.11/site-packages/starlette/_exception_handler.py", line 53, in wrapped_app
    raise exc
  File "/home/ai_user/.hermes/hermes-agent/venv/lib/python3.11/site-packages/starlette/_exception_handler.py", line 42, in wrapped_app
    await app(scope, receive, sender)
  File "/home/ai_user/.hermes/hermes-agent/venv/lib/python3.11/site-packages/fastapi/routing.py", line 105, in app
    response = await f(request)
               ^^^^^^^^^^^^^^^^
  File "/home/ai_user/.hermes/hermes-agent/venv/lib/python3.11/site-packages/fastapi/routing.py", line 431, in app
    raw_response = await run_endpoint_function(
                   ^^^^^^^^^^^^^^^^^^^^^^^^^^^^
  File "/home/ai_user/.hermes/hermes-agent/venv/lib/python3.11/site-packages/fastapi/routing.py", line 313, in run_endpoint_function
    return await dependant.call(**values)
           ^^^^^^^^^^^^^^^^^^^^^^^^^^^^^^
  File "/home/ai_user/.hermes/hermes-agent/hermes_cli/web_server.py", line 4841, in get_messaging_platforms
    with _profile_scope(profile) as scoped_dir:
  File "/home/ai_user/.local/share/uv/python/cpython-3.11.15-linux-x86_64-gnu/lib/python3.11/contextlib.py", line 137, in __enter__
    return next(self.gen)
           ^^^^^^^^^^^^^^
  File "/home/ai_user/.hermes/hermes-agent/hermes_cli/web_server.py", line 9405, in _profile_scope
    from tools import skills_tool as _skills_tool
  File "/home/ai_user/.hermes/hermes-agent/tools/skills_tool.py", line 82, in <module>
    from agent.skill_utils import (
ImportError: cannot import name 'is_skill_support_path' from 'agent.skill_utils' (/home/ai_user/.hermes/hermes-agent/agent/skill_utils.py)
ERROR:    Exception in ASGI application
  + Exception Group Traceback (most recent call last):
  |   File "/home/ai_user/.hermes/hermes-agent/venv/lib/python3.11/site-packages/starlette/_utils.py", line 81, in collapse_excgroups
  |     yield
  |   File "/home/ai_user/.hermes/hermes-agent/venv/lib/python3.11/site-packages/starlette/middleware/base.py", line 192, in __call__
  |     async with anyio.create_task_group() as task_group:
  |   File "/home/ai_user/.hermes/hermes-agent/venv/lib/python3.11/site-packages/anyio/_backends/_asyncio.py", line 783, in __aexit__
  |     raise BaseExceptionGroup(
  | ExceptionGroup: unhandled errors in a TaskGroup (1 sub-exception)
  +-+---------------- 1 ----------------
    | Traceback (most recent call last):
    |   File "/home/ai_user/.hermes/hermes-agent/venv/lib/python3.11/site-packages/uvicorn/protocols/http/httptools_impl.py", line 416, in run_asgi
    |     result = await app(  # type: ignore[func-returns-value]
    |              ^^^^^^^^^^^^^^^^^^^^^^^^^^^^^^^^^^^^^^^^^^^^^^
    |   File "/home/ai_user/.hermes/hermes-agent/venv/lib/python3.11/site-packages/fastapi/applications.py", line 1160, in __call__
    |     await super().__call__(scope, receive, send)
    |   File "/home/ai_user/.hermes/hermes-agent/venv/lib/python3.11/site-packages/starlette/applications.py", line 90, in __call__
    |     await self.middleware_stack(scope, receive, send)
    |   File "/home/ai_user/.hermes/hermes-agent/venv/lib/python3.11/site-packages/starlette/middleware/errors.py", line 186, in __call__
    |     raise exc
    |   File "/home/ai_user/.hermes/hermes-agent/venv/lib/python3.11/site-packages/starlette/middleware/errors.py", line 164, in __call__
    |     await self.app(scope, receive, _send)
    |   File "/home/ai_user/.hermes/hermes-agent/venv/lib/python3.11/site-packages/starlette/middleware/base.py", line 191, in __call__
    |     with recv_stream, send_stream, collapse_excgroups():
    |   File "/home/ai_user/.local/share/uv/python/cpython-3.11.15-linux-x86_64-gnu/lib/python3.11/contextlib.py", line 158, in __exit__
    |     self.gen.throw(typ, value, traceback)
    |   File "/home/ai_user/.hermes/hermes-agent/venv/lib/python3.11/site-packages/starlette/_utils.py", line 87, in collapse_excgroups
    |     raise exc
    |   File "/home/ai_user/.hermes/hermes-agent/venv/lib/python3.11/site-packages/starlette/middleware/base.py", line 193, in __call__
    |     response = await self.dispatch_func(request, call_next)
    |                ^^^^^^^^^^^^^^^^^^^^^^^^^^^^^^^^^^^^^^^^^^^^
    |   File "/home/ai_user/.hermes/hermes-agent/hermes_cli/web_server.py", line 424, in auth_middleware
    |     return await call_next(request)
    |            ^^^^^^^^^^^^^^^^^^^^^^^^
    |   File "/home/ai_user/.hermes/hermes-agent/venv/lib/python3.11/site-packages/starlette/middleware/base.py", line 168, in call_next
    |     raise app_exc from app_exc.__cause__ or app_exc.__context__
    |   File "/home/ai_user/.hermes/hermes-agent/venv/lib/python3.11/site-packages/starlette/middleware/base.py", line 144, in coro
    |     await self.app(scope, receive_or_disconnect, send_no_error)
    |   File "/home/ai_user/.hermes/hermes-agent/venv/lib/python3.11/site-packages/starlette/middleware/base.py", line 191, in __call__
    |     with recv_stream, send_stream, collapse_excgroups():
    |   File "/home/ai_user/.local/share/uv/python/cpython-3.11.15-linux-x86_64-gnu/lib/python3.11/contextlib.py", line 158, in __exit__
    |     self.gen.throw(typ, value, traceback)
    |   File "/home/ai_user/.hermes/hermes-agent/venv/lib/python3.11/site-packages/starlette/_utils.py", line 87, in collapse_excgroups
    |     raise exc
    |   File "/home/ai_user/.hermes/hermes-agent/venv/lib/python3.11/site-packages/starlette/middleware/base.py", line 193, in __call__
    |     response = await self.dispatch_func(request, call_next)
    |                ^^^^^^^^^^^^^^^^^^^^^^^^^^^^^^^^^^^^^^^^^^^^
    |   File "/home/ai_user/.hermes/hermes-agent/hermes_cli/web_server.py", line 406, in _dashboard_auth_gate
    |     return await gated_auth_middleware(request, call_next)
    |            ^^^^^^^^^^^^^^^^^^^^^^^^^^^^^^^^^^^^^^^^^^^^^^^
    |   File "/home/ai_user/.hermes/hermes-agent/hermes_cli/dashboard_auth/middleware.py", line 182, in gated_auth_middleware
    |     return await call_next(request)
    |            ^^^^^^^^^^^^^^^^^^^^^^^^
    |   File "/home/ai_user/.hermes/hermes-agent/venv/lib/python3.11/site-packages/starlette/middleware/base.py", line 168, in call_next
    |     raise app_exc from app_exc.__cause__ or app_exc.__context__
    |   File "/home/ai_user/.hermes/hermes-agent/venv/lib/python3.11/site-packages/starlette/middleware/base.py", line 144, in coro
    |     await self.app(scope, receive_or_disconnect, send_no_error)
    |   File "/home/ai_user/.hermes/hermes-agent/venv/lib/python3.11/site-packages/starlette/middleware/base.py", line 191, in __call__
    |     with recv_stream, send_stream, collapse_excgroups():
    |   File "/home/ai_user/.local/share/uv/python/cpython-3.11.15-linux-x86_64-gnu/lib/python3.11/contextlib.py", line 158, in __exit__
    |     self.gen.throw(typ, value, traceback)
    |   File "/home/ai_user/.hermes/hermes-agent/venv/lib/python3.11/site-packages/starlette/_utils.py", line 87, in collapse_excgroups
    |     raise exc
    |   File "/home/ai_user/.hermes/hermes-agent/venv/lib/python3.11/site-packages/starlette/middleware/base.py", line 193, in __call__
    |     response = await self.dispatch_func(request, call_next)
    |                ^^^^^^^^^^^^^^^^^^^^^^^^^^^^^^^^^^^^^^^^^^^^
    |   File "/home/ai_user/.hermes/hermes-agent/hermes_cli/web_server.py", line 391, in host_header_middleware
    |     return await call_next(request)
    |            ^^^^^^^^^^^^^^^^^^^^^^^^
    |   File "/home/ai_user/.hermes/hermes-agent/venv/lib/python3.11/site-packages/starlette/middleware/base.py", line 168, in call_next
    |     raise app_exc from app_exc.__cause__ or app_exc.__context__
    |   File "/home/ai_user/.hermes/hermes-agent/venv/lib/python3.11/site-packages/starlette/middleware/base.py", line 144, in coro
    |     await self.app(scope, receive_or_disconnect, send_no_error)
    |   File "/home/ai_user/.hermes/hermes-agent/venv/lib/python3.11/site-packages/starlette/middleware/cors.py", line 88, in __call__
    |     await self.app(scope, receive, send)
    |   File "/home/ai_user/.hermes/hermes-agent/venv/lib/python3.11/site-packages/starlette/middleware/exceptions.py", line 63, in __call__
    |     await wrap_app_handling_exceptions(self.app, conn)(scope, receive, send)
    |   File "/home/ai_user/.hermes/hermes-agent/venv/lib/python3.11/site-packages/starlette/_exception_handler.py", line 53, in wrapped_app
    |     raise exc
    |   File "/home/ai_user/.hermes/hermes-agent/venv/lib/python3.11/site-packages/starlette/_exception_handler.py", line 42, in wrapped_app
    |     await app(scope, receive, sender)
    |   File "/home/ai_user/.hermes/hermes-agent/venv/lib/python3.11/site-packages/fastapi/middleware/asyncexitstack.py", line 18, in __call__
    |     await self.app(scope, receive, send)
    |   File "/home/ai_user/.hermes/hermes-agent/venv/lib/python3.11/site-packages/starlette/routing.py", line 660, in __call__
    |     await self.middleware_stack(scope, receive, send)
    |   File "/home/ai_user/.hermes/hermes-agent/venv/lib/python3.11/site-packages/starlette/routing.py", line 680, in app
    |     await route.handle(scope, receive, send)
    |   File "/home/ai_user/.hermes/hermes-agent/venv/lib/python3.11/site-packages/starlette/routing.py", line 276, in handle
    |     await self.app(scope, receive, send)
    |   File "/home/ai_user/.hermes/hermes-agent/venv/lib/python3.11/site-packages/fastapi/routing.py", line 119, in app
    |     await wrap_app_handling_exceptions(app, request)(scope, receive, send)
    |   File "/home/ai_user/.hermes/hermes-agent/venv/lib/python3.11/site-packages/starlette/_exception_handler.py", line 53, in wrapped_app
    |     raise exc
    |   File "/home/ai_user/.hermes/hermes-agent/venv/lib/python3.11/site-packages/starlette/_exception_handler.py", line 42, in wrapped_app
    |     await app(scope, receive, sender)
    |   File "/home/ai_user/.hermes/hermes-agent/venv/lib/python3.11/site-packages/fastapi/routing.py", line 105, in app
    |     response = await f(request)
    |                ^^^^^^^^^^^^^^^^
    |   File "/home/ai_user/.hermes/hermes-agent/venv/lib/python3.11/site-packages/fastapi/routing.py", line 431, in app
    |     raw_response = await run_endpoint_function(
    |                    ^^^^^^^^^^^^^^^^^^^^^^^^^^^^
    |   File "/home/ai_user/.hermes/hermes-agent/venv/lib/python3.11/site-packages/fastapi/routing.py", line 313, in run_endpoint_function
    |     return await dependant.call(**values)
    |            ^^^^^^^^^^^^^^^^^^^^^^^^^^^^^^
    |   File "/home/ai_user/.hermes/hermes-agent/hermes_cli/web_server.py", line 4841, in get_messaging_platforms
    |     with _profile_scope(profile) as scoped_dir:
    |   File "/home/ai_user/.local/share/uv/python/cpython-3.11.15-linux-x86_64-gnu/lib/python3.11/contextlib.py", line 137, in __enter__
    |     return next(self.gen)
    |            ^^^^^^^^^^^^^^
    |   File "/home/ai_user/.hermes/hermes-agent/hermes_cli/web_server.py", line 9405, in _profile_scope
    |     from tools import skills_tool as _skills_tool
    |   File "/home/ai_user/.hermes/hermes-agent/tools/skills_tool.py", line 82, in <module>
    |     from agent.skill_utils import (
    | ImportError: cannot import name 'is_skill_support_path' from 'agent.skill_utils' (/home/ai_user/.hermes/hermes-agent/agent/skill_utils.py)
    +------------------------------------

The above exception was the direct cause of the following exception:

Traceback (most recent call last):
  File "/home/ai_user/.hermes/hermes-agent/venv/lib/python3.11/site-packages/uvicorn/protocols/http/httptools_impl.py", line 416, in run_asgi
    result = await app(  # type: ignore[func-returns-value]
             ^^^^^^^^^^^^^^^^^^^^^^^^^^^^^^^^^^^^^^^^^^^^^^
  File "/home/ai_user/.hermes/hermes-agent/venv/lib/python3.11/site-packages/fastapi/applications.py", line 1160, in __call__
    await super().__call__(scope, receive, send)
  File "/home/ai_user/.hermes/hermes-agent/venv/lib/python3.11/site-packages/starlette/applications.py", line 90, in __call__
    await self.middleware_stack(scope, receive, send)
  File "/home/ai_user/.hermes/hermes-agent/venv/lib/python3.11/site-packages/starlette/middleware/errors.py", line 186, in __call__
    raise exc
  File "/home/ai_user/.hermes/hermes-agent/venv/lib/python3.11/site-packages/starlette/middleware/errors.py", line 164, in __call__
    await self.app(scope, receive, _send)
  File "/home/ai_user/.hermes/hermes-agent/venv/lib/python3.11/site-packages/starlette/middleware/base.py", line 191, in __call__
    with recv_stream, send_stream, collapse_excgroups():
  File "/home/ai_user/.local/share/uv/python/cpython-3.11.15-linux-x86_64-gnu/lib/python3.11/contextlib.py", line 158, in __exit__
    self.gen.throw(typ, value, traceback)
  File "/home/ai_user/.hermes/hermes-agent/venv/lib/python3.11/site-packages/starlette/_utils.py", line 87, in collapse_excgroups
    raise exc
  File "/home/ai_user/.hermes/hermes-agent/venv/lib/python3.11/site-packages/starlette/middleware/base.py", line 193, in __call__
    response = await self.dispatch_func(request, call_next)
               ^^^^^^^^^^^^^^^^^^^^^^^^^^^^^^^^^^^^^^^^^^^^
  File "/home/ai_user/.hermes/hermes-agent/hermes_cli/web_server.py", line 424, in auth_middleware
    return await call_next(request)
           ^^^^^^^^^^^^^^^^^^^^^^^^
  File "/home/ai_user/.hermes/hermes-agent/venv/lib/python3.11/site-packages/starlette/middleware/base.py", line 168, in call_next
    raise app_exc from app_exc.__cause__ or app_exc.__context__
  File "/home/ai_user/.hermes/hermes-agent/venv/lib/python3.11/site-packages/starlette/middleware/base.py", line 144, in coro
    await self.app(scope, receive_or_disconnect, send_no_error)
  File "/home/ai_user/.hermes/hermes-agent/venv/lib/python3.11/site-packages/starlette/middleware/base.py", line 191, in __call__
    with recv_stream, send_stream, collapse_excgroups():
  File "/home/ai_user/.local/share/uv/python/cpython-3.11.15-linux-x86_64-gnu/lib/python3.11/contextlib.py", line 158, in __exit__
    self.gen.throw(typ, value, traceback)
  File "/home/ai_user/.hermes/hermes-agent/venv/lib/python3.11/site-packages/starlette/_utils.py", line 87, in collapse_excgroups
    raise exc
  File "/home/ai_user/.hermes/hermes-agent/venv/lib/python3.11/site-packages/starlette/middleware/base.py", line 193, in __call__
    response = await self.dispatch_func(request, call_next)
               ^^^^^^^^^^^^^^^^^^^^^^^^^^^^^^^^^^^^^^^^^^^^
  File "/home/ai_user/.hermes/hermes-agent/hermes_cli/web_server.py", line 406, in _dashboard_auth_gate
    return await gated_auth_middleware(request, call_next)
           ^^^^^^^^^^^^^^^^^^^^^^^^^^^^^^^^^^^^^^^^^^^^^^^
  File "/home/ai_user/.hermes/hermes-agent/hermes_cli/dashboard_auth/middleware.py", line 182, in gated_auth_middleware
    return await call_next(request)
           ^^^^^^^^^^^^^^^^^^^^^^^^
  File "/home/ai_user/.hermes/hermes-agent/venv/lib/python3.11/site-packages/starlette/middleware/base.py", line 168, in call_next
    raise app_exc from app_exc.__cause__ or app_exc.__context__
  File "/home/ai_user/.hermes/hermes-agent/venv/lib/python3.11/site-packages/starlette/middleware/base.py", line 144, in coro
    await self.app(scope, receive_or_disconnect, send_no_error)
  File "/home/ai_user/.hermes/hermes-agent/venv/lib/python3.11/site-packages/starlette/middleware/base.py", line 191, in __call__
    with recv_stream, send_stream, collapse_excgroups():
  File "/home/ai_user/.local/share/uv/python/cpython-3.11.15-linux-x86_64-gnu/lib/python3.11/contextlib.py", line 158, in __exit__
    self.gen.throw(typ, value, traceback)
  File "/home/ai_user/.hermes/hermes-agent/venv/lib/python3.11/site-packages/starlette/_utils.py", line 87, in collapse_excgroups
    raise exc
  File "/home/ai_user/.hermes/hermes-agent/venv/lib/python3.11/site-packages/starlette/middleware/base.py", line 193, in __call__
    response = await self.dispatch_func(request, call_next)
               ^^^^^^^^^^^^^^^^^^^^^^^^^^^^^^^^^^^^^^^^^^^^
  File "/home/ai_user/.hermes/hermes-agent/hermes_cli/web_server.py", line 391, in host_header_middleware
    return await call_next(request)
           ^^^^^^^^^^^^^^^^^^^^^^^^
  File "/home/ai_user/.hermes/hermes-agent/venv/lib/python3.11/site-packages/starlette/middleware/base.py", line 168, in call_next
    raise app_exc from app_exc.__cause__ or app_exc.__context__
  File "/home/ai_user/.hermes/hermes-agent/venv/lib/python3.11/site-packages/starlette/middleware/base.py", line 144, in coro
    await self.app(scope, receive_or_disconnect, send_no_error)
  File "/home/ai_user/.hermes/hermes-agent/venv/lib/python3.11/site-packages/starlette/middleware/cors.py", line 88, in __call__
    await self.app(scope, receive, send)
  File "/home/ai_user/.hermes/hermes-agent/venv/lib/python3.11/site-packages/starlette/middleware/exceptions.py", line 63, in __call__
    await wrap_app_handling_exceptions(self.app, conn)(scope, receive, send)
  File "/home/ai_user/.hermes/hermes-agent/venv/lib/python3.11/site-packages/starlette/_exception_handler.py", line 53, in wrapped_app
    raise exc
  File "/home/ai_user/.hermes/hermes-agent/venv/lib/python3.11/site-packages/starlette/_exception_handler.py", line 42, in wrapped_app
    await app(scope, receive, sender)
  File "/home/ai_user/.hermes/hermes-agent/venv/lib/python3.11/site-packages/fastapi/middleware/asyncexitstack.py", line 18, in __call__
    await self.app(scope, receive, send)
  File "/home/ai_user/.hermes/hermes-agent/venv/lib/python3.11/site-packages/starlette/routing.py", line 660, in __call__
    await self.middleware_stack(scope, receive, send)
  File "/home/ai_user/.hermes/hermes-agent/venv/lib/python3.11/site-packages/starlette/routing.py", line 680, in app
    await route.handle(scope, receive, send)
  File "/home/ai_user/.hermes/hermes-agent/venv/lib/python3.11/site-packages/starlette/routing.py", line 276, in handle
    await self.app(scope, receive, send)
  File "/home/ai_user/.hermes/hermes-agent/venv/lib/python3.11/site-packages/fastapi/routing.py", line 119, in app
    await wrap_app_handling_exceptions(app, request)(scope, receive, send)
  File "/home/ai_user/.hermes/hermes-agent/venv/lib/python3.11/site-packages/starlette/_exception_handler.py", line 53, in wrapped_app
    raise exc
  File "/home/ai_user/.hermes/hermes-agent/venv/lib/python3.11/site-packages/starlette/_exception_handler.py", line 42, in wrapped_app
    await app(scope, receive, sender)
  File "/home/ai_user/.hermes/hermes-agent/venv/lib/python3.11/site-packages/fastapi/routing.py", line 105, in app
    response = await f(request)
               ^^^^^^^^^^^^^^^^
  File "/home/ai_user/.hermes/hermes-agent/venv/lib/python3.11/site-packages/fastapi/routing.py", line 431, in app
    raw_response = await run_endpoint_function(
                   ^^^^^^^^^^^^^^^^^^^^^^^^^^^^
  File "/home/ai_user/.hermes/hermes-agent/venv/lib/python3.11/site-packages/fastapi/routing.py", line 313, in run_endpoint_function
    return await dependant.call(**values)
           ^^^^^^^^^^^^^^^^^^^^^^^^^^^^^^
  File "/home/ai_user/.hermes/hermes-agent/hermes_cli/web_server.py", line 4841, in get_messaging_platforms
    with _profile_scope(profile) as scoped_dir:
  File "/home/ai_user/.local/share/uv/python/cpython-3.11.15-linux-x86_64-gnu/lib/python3.11/contextlib.py", line 137, in __enter__
    return next(self.gen)
           ^^^^^^^^^^^^^^
  File "/home/ai_user/.hermes/hermes-agent/hermes_cli/web_server.py", line 9405, in _profile_scope
    from tools import skills_tool as _skills_tool
  File "/home/ai_user/.hermes/hermes-agent/tools/skills_tool.py", line 82, in <module>
    from agent.skill_utils import (
ImportError: cannot import name 'is_skill_support_path' from 'agent.skill_utils' (/home/ai_user/.hermes/hermes-agent/agent/skill_utils.py)
ERROR:    Exception in ASGI application
  + Exception Group Traceback (most recent call last):
  |   File "/home/ai_user/.hermes/hermes-agent/venv/lib/python3.11/site-packages/starlette/_utils.py", line 81, in collapse_excgroups
  |     yield
  |   File "/home/ai_user/.hermes/hermes-agent/venv/lib/python3.11/site-packages/starlette/middleware/base.py", line 192, in __call__
  |     async with anyio.create_task_group() as task_group:
  |   File "/home/ai_user/.hermes/hermes-agent/venv/lib/python3.11/site-packages/anyio/_backends/_asyncio.py", line 783, in __aexit__
  |     raise BaseExceptionGroup(
  | ExceptionGroup: unhandled errors in a TaskGroup (1 sub-exception)
  +-+---------------- 1 ----------------
    | Traceback (most recent call last):
    |   File "/home/ai_user/.hermes/hermes-agent/venv/lib/python3.11/site-packages/uvicorn/protocols/http/httptools_impl.py", line 416, in run_asgi
    |     result = await app(  # type: ignore[func-returns-value]
    |              ^^^^^^^^^^^^^^^^^^^^^^^^^^^^^^^^^^^^^^^^^^^^^^
    |   File "/home/ai_user/.hermes/hermes-agent/venv/lib/python3.11/site-packages/fastapi/applications.py", line 1160, in __call__
    |     await super().__call__(scope, receive, send)
    |   File "/home/ai_user/.hermes/hermes-agent/venv/lib/python3.11/site-packages/starlette/applications.py", line 90, in __call__
    |     await self.middleware_stack(scope, receive, send)
    |   File "/home/ai_user/.hermes/hermes-agent/venv/lib/python3.11/site-packages/starlette/middleware/errors.py", line 186, in __call__
    |     raise exc
    |   File "/home/ai_user/.hermes/hermes-agent/venv/lib/python3.11/site-packages/starlette/middleware/errors.py", line 164, in __call__
    |     await self.app(scope, receive, _send)
    |   File "/home/ai_user/.hermes/hermes-agent/venv/lib/python3.11/site-packages/starlette/middleware/base.py", line 191, in __call__
    |     with recv_stream, send_stream, collapse_excgroups():
    |   File "/home/ai_user/.local/share/uv/python/cpython-3.11.15-linux-x86_64-gnu/lib/python3.11/contextlib.py", line 158, in __exit__
    |     self.gen.throw(typ, value, traceback)
    |   File "/home/ai_user/.hermes/hermes-agent/venv/lib/python3.11/site-packages/starlette/_utils.py", line 87, in collapse_excgroups
    |     raise exc
    |   File "/home/ai_user/.hermes/hermes-agent/venv/lib/python3.11/site-packages/starlette/middleware/base.py", line 193, in __call__
    |     response = await self.dispatch_func(request, call_next)
    |                ^^^^^^^^^^^^^^^^^^^^^^^^^^^^^^^^^^^^^^^^^^^^
    |   File "/home/ai_user/.hermes/hermes-agent/hermes_cli/web_server.py", line 424, in auth_middleware
    |     return await call_next(request)
    |            ^^^^^^^^^^^^^^^^^^^^^^^^
    |   File "/home/ai_user/.hermes/hermes-agent/venv/lib/python3.11/site-packages/starlette/middleware/base.py", line 168, in call_next
    |     raise app_exc from app_exc.__cause__ or app_exc.__context__
    |   File "/home/ai_user/.hermes/hermes-agent/venv/lib/python3.11/site-packages/starlette/middleware/base.py", line 144, in coro
    |     await self.app(scope, receive_or_disconnect, send_no_error)
    |   File "/home/ai_user/.hermes/hermes-agent/venv/lib/python3.11/site-packages/starlette/middleware/base.py", line 191, in __call__
    |     with recv_stream, send_stream, collapse_excgroups():
    |   File "/home/ai_user/.local/share/uv/python/cpython-3.11.15-linux-x86_64-gnu/lib/python3.11/contextlib.py", line 158, in __exit__
    |     self.gen.throw(typ, value, traceback)
    |   File "/home/ai_user/.hermes/hermes-agent/venv/lib/python3.11/site-packages/starlette/_utils.py", line 87, in collapse_excgroups
    |     raise exc
    |   File "/home/ai_user/.hermes/hermes-agent/venv/lib/python3.11/site-packages/starlette/middleware/base.py", line 193, in __call__
    |     response = await self.dispatch_func(request, call_next)
    |                ^^^^^^^^^^^^^^^^^^^^^^^^^^^^^^^^^^^^^^^^^^^^
    |   File "/home/ai_user/.hermes/hermes-agent/hermes_cli/web_server.py", line 406, in _dashboard_auth_gate
    |     return await gated_auth_middleware(request, call_next)
    |            ^^^^^^^^^^^^^^^^^^^^^^^^^^^^^^^^^^^^^^^^^^^^^^^
    |   File "/home/ai_user/.hermes/hermes-agent/hermes_cli/dashboard_auth/middleware.py", line 182, in gated_auth_middleware
    |     return await call_next(request)
    |            ^^^^^^^^^^^^^^^^^^^^^^^^
    |   File "/home/ai_user/.hermes/hermes-agent/venv/lib/python3.11/site-packages/starlette/middleware/base.py", line 168, in call_next
    |     raise app_exc from app_exc.__cause__ or app_exc.__context__
    |   File "/home/ai_user/.hermes/hermes-agent/venv/lib/python3.11/site-packages/starlette/middleware/base.py", line 144, in coro
    |     await self.app(scope, receive_or_disconnect, send_no_error)
    |   File "/home/ai_user/.hermes/hermes-agent/venv/lib/python3.11/site-packages/starlette/middleware/base.py", line 191, in __call__
    |     with recv_stream, send_stream, collapse_excgroups():
    |   File "/home/ai_user/.local/share/uv/python/cpython-3.11.15-linux-x86_64-gnu/lib/python3.11/contextlib.py", line 158, in __exit__
    |     self.gen.throw(typ, value, traceback)
    |   File "/home/ai_user/.hermes/hermes-agent/venv/lib/python3.11/site-packages/starlette/_utils.py", line 87, in collapse_excgroups
    |     raise exc
    |   File "/home/ai_user/.hermes/hermes-agent/venv/lib/python3.11/site-packages/starlette/middleware/base.py", line 193, in __call__
    |     response = await self.dispatch_func(request, call_next)
    |                ^^^^^^^^^^^^^^^^^^^^^^^^^^^^^^^^^^^^^^^^^^^^
    |   File "/home/ai_user/.hermes/hermes-agent/hermes_cli/web_server.py", line 391, in host_header_middleware
    |     return await call_next(request)
    |            ^^^^^^^^^^^^^^^^^^^^^^^^
    |   File "/home/ai_user/.hermes/hermes-agent/venv/lib/python3.11/site-packages/starlette/middleware/base.py", line 168, in call_next
    |     raise app_exc from app_exc.__cause__ or app_exc.__context__
    |   File "/home/ai_user/.hermes/hermes-agent/venv/lib/python3.11/site-packages/starlette/middleware/base.py", line 144, in coro
    |     await self.app(scope, receive_or_disconnect, send_no_error)
    |   File "/home/ai_user/.hermes/hermes-agent/venv/lib/python3.11/site-packages/starlette/middleware/cors.py", line 88, in __call__
    |     await self.app(scope, receive, send)
    |   File "/home/ai_user/.hermes/hermes-agent/venv/lib/python3.11/site-packages/starlette/middleware/exceptions.py", line 63, in __call__
    |     await wrap_app_handling_exceptions(self.app, conn)(scope, receive, send)
    |   File "/home/ai_user/.hermes/hermes-agent/venv/lib/python3.11/site-packages/starlette/_exception_handler.py", line 53, in wrapped_app
    |     raise exc
    |   File "/home/ai_user/.hermes/hermes-agent/venv/lib/python3.11/site-packages/starlette/_exception_handler.py", line 42, in wrapped_app
    |     await app(scope, receive, sender)
    |   File "/home/ai_user/.hermes/hermes-agent/venv/lib/python3.11/site-packages/fastapi/middleware/asyncexitstack.py", line 18, in __call__
    |     await self.app(scope, receive, send)
    |   File "/home/ai_user/.hermes/hermes-agent/venv/lib/python3.11/site-packages/starlette/routing.py", line 660, in __call__
    |     await self.middleware_stack(scope, receive, send)
    |   File "/home/ai_user/.hermes/hermes-agent/venv/lib/python3.11/site-packages/starlette/routing.py", line 680, in app
    |     await route.handle(scope, receive, send)
    |   File "/home/ai_user/.hermes/hermes-agent/venv/lib/python3.11/site-packages/starlette/routing.py", line 276, in handle
    |     await self.app(scope, receive, send)
    |   File "/home/ai_user/.hermes/hermes-agent/venv/lib/python3.11/site-packages/fastapi/routing.py", line 119, in app
    |     await wrap_app_handling_exceptions(app, request)(scope, receive, send)
    |   File "/home/ai_user/.hermes/hermes-agent/venv/lib/python3.11/site-packages/starlette/_exception_handler.py", line 53, in wrapped_app
    |     raise exc
    |   File "/home/ai_user/.hermes/hermes-agent/venv/lib/python3.11/site-packages/starlette/_exception_handler.py", line 42, in wrapped_app
    |     await app(scope, receive, sender)
    |   File "/home/ai_user/.hermes/hermes-agent/venv/lib/python3.11/site-packages/fastapi/routing.py", line 105, in app
    |     response = await f(request)
    |                ^^^^^^^^^^^^^^^^
    |   File "/home/ai_user/.hermes/hermes-agent/venv/lib/python3.11/site-packages/fastapi/routing.py", line 431, in app
    |     raw_response = await run_endpoint_function(
    |                    ^^^^^^^^^^^^^^^^^^^^^^^^^^^^
    |   File "/home/ai_user/.hermes/hermes-agent/venv/lib/python3.11/site-packages/fastapi/routing.py", line 313, in run_endpoint_function
    |     return await dependant.call(**values)
    |            ^^^^^^^^^^^^^^^^^^^^^^^^^^^^^^
    |   File "/home/ai_user/.hermes/hermes-agent/hermes_cli/web_server.py", line 3042, in get_config
    |     with _profile_scope(profile):
    |   File "/home/ai_user/.local/share/uv/python/cpython-3.11.15-linux-x86_64-gnu/lib/python3.11/contextlib.py", line 137, in __enter__
    |     return next(self.gen)
    |            ^^^^^^^^^^^^^^
    |   File "/home/ai_user/.hermes/hermes-agent/hermes_cli/web_server.py", line 9405, in _profile_scope
    |     from tools import skills_tool as _skills_tool
    |   File "/home/ai_user/.hermes/hermes-agent/tools/skills_tool.py", line 82, in <module>
    |     from agent.skill_utils import (
    | ImportError: cannot import name 'is_skill_support_path' from 'agent.skill_utils' (/home/ai_user/.hermes/hermes-agent/agent/skill_utils.py)
    +------------------------------------

The above exception was the direct cause of the following exception:

Traceback (most recent call last):
  File "/home/ai_user/.hermes/hermes-agent/venv/lib/python3.11/site-packages/uvicorn/protocols/http/httptools_impl.py", line 416, in run_asgi
    result = await app(  # type: ignore[func-returns-value]
             ^^^^^^^^^^^^^^^^^^^^^^^^^^^^^^^^^^^^^^^^^^^^^^
  File "/home/ai_user/.hermes/hermes-agent/venv/lib/python3.11/site-packages/fastapi/applications.py", line 1160, in __call__
    await super().__call__(scope, receive, send)
  File "/home/ai_user/.hermes/hermes-agent/venv/lib/python3.11/site-packages/starlette/applications.py", line 90, in __call__
    await self.middleware_stack(scope, receive, send)
  File "/home/ai_user/.hermes/hermes-agent/venv/lib/python3.11/site-packages/starlette/middleware/errors.py", line 186, in __call__
    raise exc
  File "/home/ai_user/.hermes/hermes-agent/venv/lib/python3.11/site-packages/starlette/middleware/errors.py", line 164, in __call__
    await self.app(scope, receive, _send)
  File "/home/ai_user/.hermes/hermes-agent/venv/lib/python3.11/site-packages/starlette/middleware/base.py", line 191, in __call__
    with recv_stream, send_stream, collapse_excgroups():
  File "/home/ai_user/.local/share/uv/python/cpython-3.11.15-linux-x86_64-gnu/lib/python3.11/contextlib.py", line 158, in __exit__
    self.gen.throw(typ, value, traceback)
  File "/home/ai_user/.hermes/hermes-agent/venv/lib/python3.11/site-packages/starlette/_utils.py", line 87, in collapse_excgroups
    raise exc
  File "/home/ai_user/.hermes/hermes-agent/venv/lib/python3.11/site-packages/starlette/middleware/base.py", line 193, in __call__
    response = await self.dispatch_func(request, call_next)
               ^^^^^^^^^^^^^^^^^^^^^^^^^^^^^^^^^^^^^^^^^^^^
  File "/home/ai_user/.hermes/hermes-agent/hermes_cli/web_server.py", line 424, in auth_middleware
    return await call_next(request)
           ^^^^^^^^^^^^^^^^^^^^^^^^
  File "/home/ai_user/.hermes/hermes-agent/venv/lib/python3.11/site-packages/starlette/middleware/base.py", line 168, in call_next
    raise app_exc from app_exc.__cause__ or app_exc.__context__
  File "/home/ai_user/.hermes/hermes-agent/venv/lib/python3.11/site-packages/starlette/middleware/base.py", line 144, in coro
    await self.app(scope, receive_or_disconnect, send_no_error)
  File "/home/ai_user/.hermes/hermes-agent/venv/lib/python3.11/site-packages/starlette/middleware/base.py", line 191, in __call__
    with recv_stream, send_stream, collapse_excgroups():
  File "/home/ai_user/.local/share/uv/python/cpython-3.11.15-linux-x86_64-gnu/lib/python3.11/contextlib.py", line 158, in __exit__
    self.gen.throw(typ, value, traceback)
  File "/home/ai_user/.hermes/hermes-agent/venv/lib/python3.11/site-packages/starlette/_utils.py", line 87, in collapse_excgroups
    raise exc
  File "/home/ai_user/.hermes/hermes-agent/venv/lib/python3.11/site-packages/starlette/middleware/base.py", line 193, in __call__
    response = await self.dispatch_func(request, call_next)
               ^^^^^^^^^^^^^^^^^^^^^^^^^^^^^^^^^^^^^^^^^^^^
  File "/home/ai_user/.hermes/hermes-agent/hermes_cli/web_server.py", line 406, in _dashboard_auth_gate
    return await gated_auth_middleware(request, call_next)
           ^^^^^^^^^^^^^^^^^^^^^^^^^^^^^^^^^^^^^^^^^^^^^^^
  File "/home/ai_user/.hermes/hermes-agent/hermes_cli/dashboard_auth/middleware.py", line 182, in gated_auth_middleware
    return await call_next(request)
           ^^^^^^^^^^^^^^^^^^^^^^^^
  File "/home/ai_user/.hermes/hermes-agent/venv/lib/python3.11/site-packages/starlette/middleware/base.py", line 168, in call_next
    raise app_exc from app_exc.__cause__ or app_exc.__context__
  File "/home/ai_user/.hermes/hermes-agent/venv/lib/python3.11/site-packages/starlette/middleware/base.py", line 144, in coro
    await self.app(scope, receive_or_disconnect, send_no_error)
  File "/home/ai_user/.hermes/hermes-agent/venv/lib/python3.11/site-packages/starlette/middleware/base.py", line 191, in __call__
    with recv_stream, send_stream, collapse_excgroups():
  File "/home/ai_user/.local/share/uv/python/cpython-3.11.15-linux-x86_64-gnu/lib/python3.11/contextlib.py", line 158, in __exit__
    self.gen.throw(typ, value, traceback)
  File "/home/ai_user/.hermes/hermes-agent/venv/lib/python3.11/site-packages/starlette/_utils.py", line 87, in collapse_excgroups
    raise exc
  File "/home/ai_user/.hermes/hermes-agent/venv/lib/python3.11/site-packages/starlette/middleware/base.py", line 193, in __call__
    response = await self.dispatch_func(request, call_next)
               ^^^^^^^^^^^^^^^^^^^^^^^^^^^^^^^^^^^^^^^^^^^^
  File "/home/ai_user/.hermes/hermes-agent/hermes_cli/web_server.py", line 391, in host_header_middleware
    return await call_next(request)
           ^^^^^^^^^^^^^^^^^^^^^^^^
  File "/home/ai_user/.hermes/hermes-agent/venv/lib/python3.11/site-packages/starlette/middleware/base.py", line 168, in call_next
    raise app_exc from app_exc.__cause__ or app_exc.__context__
  File "/home/ai_user/.hermes/hermes-agent/venv/lib/python3.11/site-packages/starlette/middleware/base.py", line 144, in coro
    await self.app(scope, receive_or_disconnect, send_no_error)
  File "/home/ai_user/.hermes/hermes-agent/venv/lib/python3.11/site-packages/starlette/middleware/cors.py", line 88, in __call__
    await self.app(scope, receive, send)
  File "/home/ai_user/.hermes/hermes-agent/venv/lib/python3.11/site-packages/starlette/middleware/exceptions.py", line 63, in __call__
    await wrap_app_handling_exceptions(self.app, conn)(scope, receive, send)
  File "/home/ai_user/.hermes/hermes-agent/venv/lib/python3.11/site-packages/starlette/_exception_handler.py", line 53, in wrapped_app
    raise exc
  File "/home/ai_user/.hermes/hermes-agent/venv/lib/python3.11/site-packages/starlette/_exception_handler.py", line 42, in wrapped_app
    await app(scope, receive, sender)
  File "/home/ai_user/.hermes/hermes-agent/venv/lib/python3.11/site-packages/fastapi/middleware/asyncexitstack.py", line 18, in __call__
    await self.app(scope, receive, send)
  File "/home/ai_user/.hermes/hermes-agent/venv/lib/python3.11/site-packages/starlette/routing.py", line 660, in __call__
    await self.middleware_stack(scope, receive, send)
  File "/home/ai_user/.hermes/hermes-agent/venv/lib/python3.11/site-packages/starlette/routing.py", line 680, in app
    await route.handle(scope, receive, send)
  File "/home/ai_user/.hermes/hermes-agent/venv/lib/python3.11/site-packages/starlette/routing.py", line 276, in handle
    await self.app(scope, receive, send)
  File "/home/ai_user/.hermes/hermes-agent/venv/lib/python3.11/site-packages/fastapi/routing.py", line 119, in app
    await wrap_app_handling_exceptions(app, request)(scope, receive, send)
  File "/home/ai_user/.hermes/hermes-agent/venv/lib/python3.11/site-packages/starlette/_exception_handler.py", line 53, in wrapped_app
    raise exc
  File "/home/ai_user/.hermes/hermes-agent/venv/lib/python3.11/site-packages/starlette/_exception_handler.py", line 42, in wrapped_app
    await app(scope, receive, sender)
  File "/home/ai_user/.hermes/hermes-agent/venv/lib/python3.11/site-packages/fastapi/routing.py", line 105, in app
    response = await f(request)
               ^^^^^^^^^^^^^^^^
  File "/home/ai_user/.hermes/hermes-agent/venv/lib/python3.11/site-packages/fastapi/routing.py", line 431, in app
    raw_response = await run_endpoint_function(
                   ^^^^^^^^^^^^^^^^^^^^^^^^^^^^
  File "/home/ai_user/.hermes/hermes-agent/venv/lib/python3.11/site-packages/fastapi/routing.py", line 313, in run_endpoint_function
    return await dependant.call(**values)
           ^^^^^^^^^^^^^^^^^^^^^^^^^^^^^^
  File "/home/ai_user/.hermes/hermes-agent/hermes_cli/web_server.py", line 3042, in get_config
    with _profile_scope(profile):
  File "/home/ai_user/.local/share/uv/python/cpython-3.11.15-linux-x86_64-gnu/lib/python3.11/contextlib.py", line 137, in __enter__
    return next(self.gen)
           ^^^^^^^^^^^^^^
  File "/home/ai_user/.hermes/hermes-agent/hermes_cli/web_server.py", line 9405, in _profile_scope
    from tools import skills_tool as _skills_tool
  File "/home/ai_user/.hermes/hermes-agent/tools/skills_tool.py", line 82, in <module>
    from agent.skill_utils import (
ImportError: cannot import name 'is_skill_support_path' from 'agent.skill_utils' (/home/ai_user/.hermes/hermes-agent/agent/skill_utils.py)
ERROR:    Exception in ASGI application
  + Exception Group Traceback (most recent call last):
  |   File "/home/ai_user/.hermes/hermes-agent/venv/lib/python3.11/site-packages/starlette/_utils.py", line 81, in collapse_excgroups
  |     yield
  |   File "/home/ai_user/.hermes/hermes-agent/venv/lib/python3.11/site-packages/starlette/middleware/base.py", line 192, in __call__
  |     async with anyio.create_task_group() as task_group:
  |   File "/home/ai_user/.hermes/hermes-agent/venv/lib/python3.11/site-packages/anyio/_backends/_asyncio.py", line 783, in __aexit__
  |     raise BaseExceptionGroup(
  | ExceptionGroup: unhandled errors in a TaskGroup (1 sub-exception)
  +-+---------------- 1 ----------------
    | Traceback (most recent call last):
    |   File "/home/ai_user/.hermes/hermes-agent/venv/lib/python3.11/site-packages/uvicorn/protocols/http/httptools_impl.py", line 416, in run_asgi
    |     result = await app(  # type: ignore[func-returns-value]
    |              ^^^^^^^^^^^^^^^^^^^^^^^^^^^^^^^^^^^^^^^^^^^^^^
    |   File "/home/ai_user/.hermes/hermes-agent/venv/lib/python3.11/site-packages/fastapi/applications.py", line 1160, in __call__
    |     await super().__call__(scope, receive, send)
    |   File "/home/ai_user/.hermes/hermes-agent/venv/lib/python3.11/site-packages/starlette/applications.py", line 90, in __call__
    |     await self.middleware_stack(scope, receive, send)
    |   File "/home/ai_user/.hermes/hermes-agent/venv/lib/python3.11/site-packages/starlette/middleware/errors.py", line 186, in __call__
    |     raise exc
    |   File "/home/ai_user/.hermes/hermes-agent/venv/lib/python3.11/site-packages/starlette/middleware/errors.py", line 164, in __call__
    |     await self.app(scope, receive, _send)
    |   File "/home/ai_user/.hermes/hermes-agent/venv/lib/python3.11/site-packages/starlette/middleware/base.py", line 191, in __call__
    |     with recv_stream, send_stream, collapse_excgroups():
    |   File "/home/ai_user/.local/share/uv/python/cpython-3.11.15-linux-x86_64-gnu/lib/python3.11/contextlib.py", line 158, in __exit__
    |     self.gen.throw(typ, value, traceback)
    |   File "/home/ai_user/.hermes/hermes-agent/venv/lib/python3.11/site-packages/starlette/_utils.py", line 87, in collapse_excgroups
    |     raise exc
    |   File "/home/ai_user/.hermes/hermes-agent/venv/lib/python3.11/site-packages/starlette/middleware/base.py", line 193, in __call__
    |     response = await self.dispatch_func(request, call_next)
    |                ^^^^^^^^^^^^^^^^^^^^^^^^^^^^^^^^^^^^^^^^^^^^
    |   File "/home/ai_user/.hermes/hermes-agent/hermes_cli/web_server.py", line 424, in auth_middleware
    |     return await call_next(request)
    |            ^^^^^^^^^^^^^^^^^^^^^^^^
    |   File "/home/ai_user/.hermes/hermes-agent/venv/lib/python3.11/site-packages/starlette/middleware/base.py", line 168, in call_next
    |     raise app_exc from app_exc.__cause__ or app_exc.__context__
    |   File "/home/ai_user/.hermes/hermes-agent/venv/lib/python3.11/site-packages/starlette/middleware/base.py", line 144, in coro
    |     await self.app(scope, receive_or_disconnect, send_no_error)
    |   File "/home/ai_user/.hermes/hermes-agent/venv/lib/python3.11/site-packages/starlette/middleware/base.py", line 191, in __call__
    |     with recv_stream, send_stream, collapse_excgroups():
    |   File "/home/ai_user/.local/share/uv/python/cpython-3.11.15-linux-x86_64-gnu/lib/python3.11/contextlib.py", line 158, in __exit__
    |     self.gen.throw(typ, value, traceback)
    |   File "/home/ai_user/.hermes/hermes-agent/venv/lib/python3.11/site-packages/starlette/_utils.py", line 87, in collapse_excgroups
    |     raise exc
    |   File "/home/ai_user/.hermes/hermes-agent/venv/lib/python3.11/site-packages/starlette/middleware/base.py", line 193, in __call__
    |     response = await self.dispatch_func(request, call_next)
    |                ^^^^^^^^^^^^^^^^^^^^^^^^^^^^^^^^^^^^^^^^^^^^
    |   File "/home/ai_user/.hermes/hermes-agent/hermes_cli/web_server.py", line 406, in _dashboard_auth_gate
    |     return await gated_auth_middleware(request, call_next)
    |            ^^^^^^^^^^^^^^^^^^^^^^^^^^^^^^^^^^^^^^^^^^^^^^^
    |   File "/home/ai_user/.hermes/hermes-agent/hermes_cli/dashboard_auth/middleware.py", line 182, in gated_auth_middleware
    |     return await call_next(request)
    |            ^^^^^^^^^^^^^^^^^^^^^^^^
    |   File "/home/ai_user/.hermes/hermes-agent/venv/lib/python3.11/site-packages/starlette/middleware/base.py", line 168, in call_next
    |     raise app_exc from app_exc.__cause__ or app_exc.__context__
    |   File "/home/ai_user/.hermes/hermes-agent/venv/lib/python3.11/site-packages/starlette/middleware/base.py", line 144, in coro
    |     await self.app(scope, receive_or_disconnect, send_no_error)
    |   File "/home/ai_user/.hermes/hermes-agent/venv/lib/python3.11/site-packages/starlette/middleware/base.py", line 191, in __call__
    |     with recv_stream, send_stream, collapse_excgroups():
    |   File "/home/ai_user/.local/share/uv/python/cpython-3.11.15-linux-x86_64-gnu/lib/python3.11/contextlib.py", line 158, in __exit__
    |     self.gen.throw(typ, value, traceback)
    |   File "/home/ai_user/.hermes/hermes-agent/venv/lib/python3.11/site-packages/starlette/_utils.py", line 87, in collapse_excgroups
    |     raise exc
    |   File "/home/ai_user/.hermes/hermes-agent/venv/lib/python3.11/site-packages/starlette/middleware/base.py", line 193, in __call__
    |     response = await self.dispatch_func(request, call_next)
    |                ^^^^^^^^^^^^^^^^^^^^^^^^^^^^^^^^^^^^^^^^^^^^
    |   File "/home/ai_user/.hermes/hermes-agent/hermes_cli/web_server.py", line 391, in host_header_middleware
    |     return await call_next(request)
    |            ^^^^^^^^^^^^^^^^^^^^^^^^
    |   File "/home/ai_user/.hermes/hermes-agent/venv/lib/python3.11/site-packages/starlette/middleware/base.py", line 168, in call_next
    |     raise app_exc from app_exc.__cause__ or app_exc.__context__
    |   File "/home/ai_user/.hermes/hermes-agent/venv/lib/python3.11/site-packages/starlette/middleware/base.py", line 144, in coro
    |     await self.app(scope, receive_or_disconnect, send_no_error)
    |   File "/home/ai_user/.hermes/hermes-agent/venv/lib/python3.11/site-packages/starlette/middleware/cors.py", line 88, in __call__
    |     await self.app(scope, receive, send)
    |   File "/home/ai_user/.hermes/hermes-agent/venv/lib/python3.11/site-packages/starlette/middleware/exceptions.py", line 63, in __call__
    |     await wrap_app_handling_exceptions(self.app, conn)(scope, receive, send)
    |   File "/home/ai_user/.hermes/hermes-agent/venv/lib/python3.11/site-packages/starlette/_exception_handler.py", line 53, in wrapped_app
    |     raise exc
    |   File "/home/ai_user/.hermes/hermes-agent/venv/lib/python3.11/site-packages/starlette/_exception_handler.py", line 42, in wrapped_app
    |     await app(scope, receive, sender)
    |   File "/home/ai_user/.hermes/hermes-agent/venv/lib/python3.11/site-packages/fastapi/middleware/asyncexitstack.py", line 18, in __call__
    |     await self.app(scope, receive, send)
    |   File "/home/ai_user/.hermes/hermes-agent/venv/lib/python3.11/site-packages/starlette/routing.py", line 660, in __call__
    |     await self.middleware_stack(scope, receive, send)
    |   File "/home/ai_user/.hermes/hermes-agent/venv/lib/python3.11/site-packages/starlette/routing.py", line 680, in app
    |     await route.handle(scope, receive, send)
    |   File "/home/ai_user/.hermes/hermes-agent/venv/lib/python3.11/site-packages/starlette/routing.py", line 276, in handle
    |     await self.app(scope, receive, send)
    |   File "/home/ai_user/.hermes/hermes-agent/venv/lib/python3.11/site-packages/fastapi/routing.py", line 119, in app
    |     await wrap_app_handling_exceptions(app, request)(scope, receive, send)
    |   File "/home/ai_user/.hermes/hermes-agent/venv/lib/python3.11/site-packages/starlette/_exception_handler.py", line 53, in wrapped_app
    |     raise exc
    |   File "/home/ai_user/.hermes/hermes-agent/venv/lib/python3.11/site-packages/starlette/_exception_handler.py", line 42, in wrapped_app
    |     await app(scope, receive, sender)
    |   File "/home/ai_user/.hermes/hermes-agent/venv/lib/python3.11/site-packages/fastapi/routing.py", line 105, in app
    |     response = await f(request)
    |                ^^^^^^^^^^^^^^^^
    |   File "/home/ai_user/.hermes/hermes-agent/venv/lib/python3.11/site-packages/fastapi/routing.py", line 431, in app
    |     raw_response = await run_endpoint_function(
    |                    ^^^^^^^^^^^^^^^^^^^^^^^^^^^^
    |   File "/home/ai_user/.hermes/hermes-agent/venv/lib/python3.11/site-packages/fastapi/routing.py", line 313, in run_endpoint_function
    |     return await dependant.call(**values)
    |            ^^^^^^^^^^^^^^^^^^^^^^^^^^^^^^
    |   File "/home/ai_user/.hermes/hermes-agent/hermes_cli/web_server.py", line 9853, in get_config_raw
    |     with _profile_scope(profile):
    |   File "/home/ai_user/.local/share/uv/python/cpython-3.11.15-linux-x86_64-gnu/lib/python3.11/contextlib.py", line 137, in __enter__
    |     return next(self.gen)
    |            ^^^^^^^^^^^^^^
    |   File "/home/ai_user/.hermes/hermes-agent/hermes_cli/web_server.py", line 9405, in _profile_scope
    |     from tools import skills_tool as _skills_tool
    |   File "/home/ai_user/.hermes/hermes-agent/tools/skills_tool.py", line 82, in <module>
    |     from agent.skill_utils import (
    | ImportError: cannot import name 'is_skill_support_path' from 'agent.skill_utils' (/home/ai_user/.hermes/hermes-agent/agent/skill_utils.py)
    +------------------------------------

The above exception was the direct cause of the following exception:

Traceback (most recent call last):
  File "/home/ai_user/.hermes/hermes-agent/venv/lib/python3.11/site-packages/uvicorn/protocols/http/httptools_impl.py", line 416, in run_asgi
    result = await app(  # type: ignore[func-returns-value]
             ^^^^^^^^^^^^^^^^^^^^^^^^^^^^^^^^^^^^^^^^^^^^^^
  File "/home/ai_user/.hermes/hermes-agent/venv/lib/python3.11/site-packages/fastapi/applications.py", line 1160, in __call__
    await super().__call__(scope, receive, send)
  File "/home/ai_user/.hermes/hermes-agent/venv/lib/python3.11/site-packages/starlette/applications.py", line 90, in __call__
    await self.middleware_stack(scope, receive, send)
  File "/home/ai_user/.hermes/hermes-agent/venv/lib/python3.11/site-packages/starlette/middleware/errors.py", line 186, in __call__
    raise exc
  File "/home/ai_user/.hermes/hermes-agent/venv/lib/python3.11/site-packages/starlette/middleware/errors.py", line 164, in __call__
    await self.app(scope, receive, _send)
  File "/home/ai_user/.hermes/hermes-agent/venv/lib/python3.11/site-packages/starlette/middleware/base.py", line 191, in __call__
    with recv_stream, send_stream, collapse_excgroups():
  File "/home/ai_user/.local/share/uv/python/cpython-3.11.15-linux-x86_64-gnu/lib/python3.11/contextlib.py", line 158, in __exit__
    self.gen.throw(typ, value, traceback)
  File "/home/ai_user/.hermes/hermes-agent/venv/lib/python3.11/site-packages/starlette/_utils.py", line 87, in collapse_excgroups
    raise exc
  File "/home/ai_user/.hermes/hermes-agent/venv/lib/python3.11/site-packages/starlette/middleware/base.py", line 193, in __call__
    response = await self.dispatch_func(request, call_next)
               ^^^^^^^^^^^^^^^^^^^^^^^^^^^^^^^^^^^^^^^^^^^^
  File "/home/ai_user/.hermes/hermes-agent/hermes_cli/web_server.py", line 424, in auth_middleware
    return await call_next(request)
           ^^^^^^^^^^^^^^^^^^^^^^^^
  File "/home/ai_user/.hermes/hermes-agent/venv/lib/python3.11/site-packages/starlette/middleware/base.py", line 168, in call_next
    raise app_exc from app_exc.__cause__ or app_exc.__context__
  File "/home/ai_user/.hermes/hermes-agent/venv/lib/python3.11/site-packages/starlette/middleware/base.py", line 144, in coro
    await self.app(scope, receive_or_disconnect, send_no_error)
  File "/home/ai_user/.hermes/hermes-agent/venv/lib/python3.11/site-packages/starlette/middleware/base.py", line 191, in __call__
    with recv_stream, send_stream, collapse_excgroups():
  File "/home/ai_user/.local/share/uv/python/cpython-3.11.15-linux-x86_64-gnu/lib/python3.11/contextlib.py", line 158, in __exit__
    self.gen.throw(typ, value, traceback)
  File "/home/ai_user/.hermes/hermes-agent/venv/lib/python3.11/site-packages/starlette/_utils.py", line 87, in collapse_excgroups
    raise exc
  File "/home/ai_user/.hermes/hermes-agent/venv/lib/python3.11/site-packages/starlette/middleware/base.py", line 193, in __call__
    response = await self.dispatch_func(request, call_next)
               ^^^^^^^^^^^^^^^^^^^^^^^^^^^^^^^^^^^^^^^^^^^^
  File "/home/ai_user/.hermes/hermes-agent/hermes_cli/web_server.py", line 406, in _dashboard_auth_gate
    return await gated_auth_middleware(request, call_next)
           ^^^^^^^^^^^^^^^^^^^^^^^^^^^^^^^^^^^^^^^^^^^^^^^
  File "/home/ai_user/.hermes/hermes-agent/hermes_cli/dashboard_auth/middleware.py", line 182, in gated_auth_middleware
    return await call_next(request)
           ^^^^^^^^^^^^^^^^^^^^^^^^
  File "/home/ai_user/.hermes/hermes-agent/venv/lib/python3.11/site-packages/starlette/middleware/base.py", line 168, in call_next
    raise app_exc from app_exc.__cause__ or app_exc.__context__
  File "/home/ai_user/.hermes/hermes-agent/venv/lib/python3.11/site-packages/starlette/middleware/base.py", line 144, in coro
    await self.app(scope, receive_or_disconnect, send_no_error)
  File "/home/ai_user/.hermes/hermes-agent/venv/lib/python3.11/site-packages/starlette/middleware/base.py", line 191, in __call__
    with recv_stream, send_stream, collapse_excgroups():
  File "/home/ai_user/.local/share/uv/python/cpython-3.11.15-linux-x86_64-gnu/lib/python3.11/contextlib.py", line 158, in __exit__
    self.gen.throw(typ, value, traceback)
  File "/home/ai_user/.hermes/hermes-agent/venv/lib/python3.11/site-packages/starlette/_utils.py", line 87, in collapse_excgroups
    raise exc
  File "/home/ai_user/.hermes/hermes-agent/venv/lib/python3.11/site-packages/starlette/middleware/base.py", line 193, in __call__
    response = await self.dispatch_func(request, call_next)
               ^^^^^^^^^^^^^^^^^^^^^^^^^^^^^^^^^^^^^^^^^^^^
  File "/home/ai_user/.hermes/hermes-agent/hermes_cli/web_server.py", line 391, in host_header_middleware
    return await call_next(request)
           ^^^^^^^^^^^^^^^^^^^^^^^^
  File "/home/ai_user/.hermes/hermes-agent/venv/lib/python3.11/site-packages/starlette/middleware/base.py", line 168, in call_next
    raise app_exc from app_exc.__cause__ or app_exc.__context__
  File "/home/ai_user/.hermes/hermes-agent/venv/lib/python3.11/site-packages/starlette/middleware/base.py", line 144, in coro
    await self.app(scope, receive_or_disconnect, send_no_error)
  File "/home/ai_user/.hermes/hermes-agent/venv/lib/python3.11/site-packages/starlette/middleware/cors.py", line 88, in __call__
    await self.app(scope, receive, send)
  File "/home/ai_user/.hermes/hermes-agent/venv/lib/python3.11/site-packages/starlette/middleware/exceptions.py", line 63, in __call__
    await wrap_app_handling_exceptions(self.app, conn)(scope, receive, send)
  File "/home/ai_user/.hermes/hermes-agent/venv/lib/python3.11/site-packages/starlette/_exception_handler.py", line 53, in wrapped_app
    raise exc
  File "/home/ai_user/.hermes/hermes-agent/venv/lib/python3.11/site-packages/starlette/_exception_handler.py", line 42, in wrapped_app
    await app(scope, receive, sender)
  File "/home/ai_user/.hermes/hermes-agent/venv/lib/python3.11/site-packages/fastapi/middleware/asyncexitstack.py", line 18, in __call__
    await self.app(scope, receive, send)
  File "/home/ai_user/.hermes/hermes-agent/venv/lib/python3.11/site-packages/starlette/routing.py", line 660, in __call__
    await self.middleware_stack(scope, receive, send)
  File "/home/ai_user/.hermes/hermes-agent/venv/lib/python3.11/site-packages/starlette/routing.py", line 680, in app
    await route.handle(scope, receive, send)
  File "/home/ai_user/.hermes/hermes-agent/venv/lib/python3.11/site-packages/starlette/routing.py", line 276, in handle
    await self.app(scope, receive, send)
  File "/home/ai_user/.hermes/hermes-agent/venv/lib/python3.11/site-packages/fastapi/routing.py", line 119, in app
    await wrap_app_handling_exceptions(app, request)(scope, receive, send)
  File "/home/ai_user/.hermes/hermes-agent/venv/lib/python3.11/site-packages/starlette/_exception_handler.py", line 53, in wrapped_app
    raise exc
  File "/home/ai_user/.hermes/hermes-agent/venv/lib/python3.11/site-packages/starlette/_exception_handler.py", line 42, in wrapped_app
    await app(scope, receive, sender)
  File "/home/ai_user/.hermes/hermes-agent/venv/lib/python3.11/site-packages/fastapi/routing.py", line 105, in app
    response = await f(request)
               ^^^^^^^^^^^^^^^^
  File "/home/ai_user/.hermes/hermes-agent/venv/lib/python3.11/site-packages/fastapi/routing.py", line 431, in app
    raw_response = await run_endpoint_function(
                   ^^^^^^^^^^^^^^^^^^^^^^^^^^^^
  File "/home/ai_user/.hermes/hermes-agent/venv/lib/python3.11/site-packages/fastapi/routing.py", line 313, in run_endpoint_function
    return await dependant.call(**values)
           ^^^^^^^^^^^^^^^^^^^^^^^^^^^^^^
  File "/home/ai_user/.hermes/hermes-agent/hermes_cli/web_server.py", line 9853, in get_config_raw
    with _profile_scope(profile):
  File "/home/ai_user/.local/share/uv/python/cpython-3.11.15-linux-x86_64-gnu/lib/python3.11/contextlib.py", line 137, in __enter__
    return next(self.gen)
           ^^^^^^^^^^^^^^
  File "/home/ai_user/.hermes/hermes-agent/hermes_cli/web_server.py", line 9405, in _profile_scope
    from tools import skills_tool as _skills_tool
  File "/home/ai_user/.hermes/hermes-agent/tools/skills_tool.py", line 82, in <module>
    from agent.skill_utils import (
ImportError: cannot import name 'is_skill_support_path' from 'agent.skill_utils' (/home/ai_user/.hermes/hermes-agent/agent/skill_utils.py)
ERROR:    Exception in ASGI application
  + Exception Group Traceback (most recent call last):
  |   File "/home/ai_user/.hermes/hermes-agent/venv/lib/python3.11/site-packages/starlette/_utils.py", line 81, in collapse_excgroups
  |     yield
  |   File "/home/ai_user/.hermes/hermes-agent/venv/lib/python3.11/site-packages/starlette/middleware/base.py", line 192, in __call__
  |     async with anyio.create_task_group() as task_group:
  |   File "/home/ai_user/.hermes/hermes-agent/venv/lib/python3.11/site-packages/anyio/_backends/_asyncio.py", line 783, in __aexit__
  |     raise BaseExceptionGroup(
  | ExceptionGroup: unhandled errors in a TaskGroup (1 sub-exception)
  +-+---------------- 1 ----------------
    | Traceback (most recent call last):
    |   File "/home/ai_user/.hermes/hermes-agent/venv/lib/python3.11/site-packages/uvicorn/protocols/http/httptools_impl.py", line 416, in run_asgi
    |     result = await app(  # type: ignore[func-returns-value]
    |              ^^^^^^^^^^^^^^^^^^^^^^^^^^^^^^^^^^^^^^^^^^^^^^
    |   File "/home/ai_user/.hermes/hermes-agent/venv/lib/python3.11/site-packages/fastapi/applications.py", line 1160, in __call__
    |     await super().__call__(scope, receive, send)
    |   File "/home/ai_user/.hermes/hermes-agent/venv/lib/python3.11/site-packages/starlette/applications.py", line 90, in __call__
    |     await self.middleware_stack(scope, receive, send)
    |   File "/home/ai_user/.hermes/hermes-agent/venv/lib/python3.11/site-packages/starlette/middleware/errors.py", line 186, in __call__
    |     raise exc
    |   File "/home/ai_user/.hermes/hermes-agent/venv/lib/python3.11/site-packages/starlette/middleware/errors.py", line 164, in __call__
    |     await self.app(scope, receive, _send)
    |   File "/home/ai_user/.hermes/hermes-agent/venv/lib/python3.11/site-packages/starlette/middleware/base.py", line 191, in __call__
    |     with recv_stream, send_stream, collapse_excgroups():
    |   File "/home/ai_user/.local/share/uv/python/cpython-3.11.15-linux-x86_64-gnu/lib/python3.11/contextlib.py", line 158, in __exit__
    |     self.gen.throw(typ, value, traceback)
    |   File "/home/ai_user/.hermes/hermes-agent/venv/lib/python3.11/site-packages/starlette/_utils.py", line 87, in collapse_excgroups
    |     raise exc
    |   File "/home/ai_user/.hermes/hermes-agent/venv/lib/python3.11/site-packages/starlette/middleware/base.py", line 193, in __call__
    |     response = await self.dispatch_func(request, call_next)
    |                ^^^^^^^^^^^^^^^^^^^^^^^^^^^^^^^^^^^^^^^^^^^^
    |   File "/home/ai_user/.hermes/hermes-agent/hermes_cli/web_server.py", line 424, in auth_middleware
    |     return await call_next(request)
    |            ^^^^^^^^^^^^^^^^^^^^^^^^
    |   File "/home/ai_user/.hermes/hermes-agent/venv/lib/python3.11/site-packages/starlette/middleware/base.py", line 168, in call_next
    |     raise app_exc from app_exc.__cause__ or app_exc.__context__
    |   File "/home/ai_user/.hermes/hermes-agent/venv/lib/python3.11/site-packages/starlette/middleware/base.py", line 144, in coro
    |     await self.app(scope, receive_or_disconnect, send_no_error)
    |   File "/home/ai_user/.hermes/hermes-agent/venv/lib/python3.11/site-packages/starlette/middleware/base.py", line 191, in __call__
    |     with recv_stream, send_stream, collapse_excgroups():
    |   File "/home/ai_user/.local/share/uv/python/cpython-3.11.15-linux-x86_64-gnu/lib/python3.11/contextlib.py", line 158, in __exit__
    |     self.gen.throw(typ, value, traceback)
    |   File "/home/ai_user/.hermes/hermes-agent/venv/lib/python3.11/site-packages/starlette/_utils.py", line 87, in collapse_excgroups
    |     raise exc
    |   File "/home/ai_user/.hermes/hermes-agent/venv/lib/python3.11/site-packages/starlette/middleware/base.py", line 193, in __call__
    |     response = await self.dispatch_func(request, call_next)
    |                ^^^^^^^^^^^^^^^^^^^^^^^^^^^^^^^^^^^^^^^^^^^^
    |   File "/home/ai_user/.hermes/hermes-agent/hermes_cli/web_server.py", line 406, in _dashboard_auth_gate
    |     return await gated_auth_middleware(request, call_next)
    |            ^^^^^^^^^^^^^^^^^^^^^^^^^^^^^^^^^^^^^^^^^^^^^^^
    |   File "/home/ai_user/.hermes/hermes-agent/hermes_cli/dashboard_auth/middleware.py", line 182, in gated_auth_middleware
    |     return await call_next(request)
    |            ^^^^^^^^^^^^^^^^^^^^^^^^
    |   File "/home/ai_user/.hermes/hermes-agent/venv/lib/python3.11/site-packages/starlette/middleware/base.py", line 168, in call_next
    |     raise app_exc from app_exc.__cause__ or app_exc.__context__
    |   File "/home/ai_user/.hermes/hermes-agent/venv/lib/python3.11/site-packages/starlette/middleware/base.py", line 144, in coro
    |     await self.app(scope, receive_or_disconnect, send_no_error)
    |   File "/home/ai_user/.hermes/hermes-agent/venv/lib/python3.11/site-packages/starlette/middleware/base.py", line 191, in __call__
    |     with recv_stream, send_stream, collapse_excgroups():
    |   File "/home/ai_user/.local/share/uv/python/cpython-3.11.15-linux-x86_64-gnu/lib/python3.11/contextlib.py", line 158, in __exit__
    |     self.gen.throw(typ, value, traceback)
    |   File "/home/ai_user/.hermes/hermes-agent/venv/lib/python3.11/site-packages/starlette/_utils.py", line 87, in collapse_excgroups
    |     raise exc
    |   File "/home/ai_user/.hermes/hermes-agent/venv/lib/python3.11/site-packages/starlette/middleware/base.py", line 193, in __call__
    |     response = await self.dispatch_func(request, call_next)
    |                ^^^^^^^^^^^^^^^^^^^^^^^^^^^^^^^^^^^^^^^^^^^^
    |   File "/home/ai_user/.hermes/hermes-agent/hermes_cli/web_server.py", line 391, in host_header_middleware
    |     return await call_next(request)
    |            ^^^^^^^^^^^^^^^^^^^^^^^^
    |   File "/home/ai_user/.hermes/hermes-agent/venv/lib/python3.11/site-packages/starlette/middleware/base.py", line 168, in call_next
    |     raise app_exc from app_exc.__cause__ or app_exc.__context__
    |   File "/home/ai_user/.hermes/hermes-agent/venv/lib/python3.11/site-packages/starlette/middleware/base.py", line 144, in coro
    |     await self.app(scope, receive_or_disconnect, send_no_error)
    |   File "/home/ai_user/.hermes/hermes-agent/venv/lib/python3.11/site-packages/starlette/middleware/cors.py", line 88, in __call__
    |     await self.app(scope, receive, send)
    |   File "/home/ai_user/.hermes/hermes-agent/venv/lib/python3.11/site-packages/starlette/middleware/exceptions.py", line 63, in __call__
    |     await wrap_app_handling_exceptions(self.app, conn)(scope, receive, send)
    |   File "/home/ai_user/.hermes/hermes-agent/venv/lib/python3.11/site-packages/starlette/_exception_handler.py", line 53, in wrapped_app
    |     raise exc
    |   File "/home/ai_user/.hermes/hermes-agent/venv/lib/python3.11/site-packages/starlette/_exception_handler.py", line 42, in wrapped_app
    |     await app(scope, receive, sender)
    |   File "/home/ai_user/.hermes/hermes-agent/venv/lib/python3.11/site-packages/fastapi/middleware/asyncexitstack.py", line 18, in __call__
    |     await self.app(scope, receive, send)
    |   File "/home/ai_user/.hermes/hermes-agent/venv/lib/python3.11/site-packages/starlette/routing.py", line 660, in __call__
    |     await self.middleware_stack(scope, receive, send)
    |   File "/home/ai_user/.hermes/hermes-agent/venv/lib/python3.11/site-packages/starlette/routing.py", line 680, in app
    |     await route.handle(scope, receive, send)
    |   File "/home/ai_user/.hermes/hermes-agent/venv/lib/python3.11/site-packages/starlette/routing.py", line 276, in handle
    |     await self.app(scope, receive, send)
    |   File "/home/ai_user/.hermes/hermes-agent/venv/lib/python3.11/site-packages/fastapi/routing.py", line 119, in app
    |     await wrap_app_handling_exceptions(app, request)(scope, receive, send)
    |   File "/home/ai_user/.hermes/hermes-agent/venv/lib/python3.11/site-packages/starlette/_exception_handler.py", line 53, in wrapped_app
    |     raise exc
    |   File "/home/ai_user/.hermes/hermes-agent/venv/lib/python3.11/site-packages/starlette/_exception_handler.py", line 42, in wrapped_app
    |     await app(scope, receive, sender)
    |   File "/home/ai_user/.hermes/hermes-agent/venv/lib/python3.11/site-packages/fastapi/routing.py", line 105, in app
    |     response = await f(request)
    |                ^^^^^^^^^^^^^^^^
    |   File "/home/ai_user/.hermes/hermes-agent/venv/lib/python3.11/site-packages/fastapi/routing.py", line 431, in app
    |     raw_response = await run_endpoint_function(
    |                    ^^^^^^^^^^^^^^^^^^^^^^^^^^^^
    |   File "/home/ai_user/.hermes/hermes-agent/venv/lib/python3.11/site-packages/fastapi/routing.py", line 313, in run_endpoint_function
    |     return await dependant.call(**values)
    |            ^^^^^^^^^^^^^^^^^^^^^^^^^^^^^^
    |   File "/home/ai_user/.hermes/hermes-agent/hermes_cli/web_server.py", line 3621, in get_env_vars
    |     with _profile_scope(profile):
    |   File "/home/ai_user/.local/share/uv/python/cpython-3.11.15-linux-x86_64-gnu/lib/python3.11/contextlib.py", line 137, in __enter__
    |     return next(self.gen)
    |            ^^^^^^^^^^^^^^
    |   File "/home/ai_user/.hermes/hermes-agent/hermes_cli/web_server.py", line 9405, in _profile_scope
    |     from tools import skills_tool as _skills_tool
    |   File "/home/ai_user/.hermes/hermes-agent/tools/skills_tool.py", line 82, in <module>
    |     from agent.skill_utils import (
    | ImportError: cannot import name 'is_skill_support_path' from 'agent.skill_utils' (/home/ai_user/.hermes/hermes-agent/agent/skill_utils.py)
    +------------------------------------

The above exception was the direct cause of the following exception:

Traceback (most recent call last):
  File "/home/ai_user/.hermes/hermes-agent/venv/lib/python3.11/site-packages/uvicorn/protocols/http/httptools_impl.py", line 416, in run_asgi
    result = await app(  # type: ignore[func-returns-value]
             ^^^^^^^^^^^^^^^^^^^^^^^^^^^^^^^^^^^^^^^^^^^^^^
  File "/home/ai_user/.hermes/hermes-agent/venv/lib/python3.11/site-packages/fastapi/applications.py", line 1160, in __call__
    await super().__call__(scope, receive, send)
  File "/home/ai_user/.hermes/hermes-agent/venv/lib/python3.11/site-packages/starlette/applications.py", line 90, in __call__
    await self.middleware_stack(scope, receive, send)
  File "/home/ai_user/.hermes/hermes-agent/venv/lib/python3.11/site-packages/starlette/middleware/errors.py", line 186, in __call__
    raise exc
  File "/home/ai_user/.hermes/hermes-agent/venv/lib/python3.11/site-packages/starlette/middleware/errors.py", line 164, in __call__
    await self.app(scope, receive, _send)
  File "/home/ai_user/.hermes/hermes-agent/venv/lib/python3.11/site-packages/starlette/middleware/base.py", line 191, in __call__
    with recv_stream, send_stream, collapse_excgroups():
  File "/home/ai_user/.local/share/uv/python/cpython-3.11.15-linux-x86_64-gnu/lib/python3.11/contextlib.py", line 158, in __exit__
    self.gen.throw(typ, value, traceback)
  File "/home/ai_user/.hermes/hermes-agent/venv/lib/python3.11/site-packages/starlette/_utils.py", line 87, in collapse_excgroups
    raise exc
  File "/home/ai_user/.hermes/hermes-agent/venv/lib/python3.11/site-packages/starlette/middleware/base.py", line 193, in __call__
    response = await self.dispatch_func(request, call_next)
               ^^^^^^^^^^^^^^^^^^^^^^^^^^^^^^^^^^^^^^^^^^^^
  File "/home/ai_user/.hermes/hermes-agent/hermes_cli/web_server.py", line 424, in auth_middleware
    return await call_next(request)
           ^^^^^^^^^^^^^^^^^^^^^^^^
  File "/home/ai_user/.hermes/hermes-agent/venv/lib/python3.11/site-packages/starlette/middleware/base.py", line 168, in call_next
    raise app_exc from app_exc.__cause__ or app_exc.__context__
  File "/home/ai_user/.hermes/hermes-agent/venv/lib/python3.11/site-packages/starlette/middleware/base.py", line 144, in coro
    await self.app(scope, receive_or_disconnect, send_no_error)
  File "/home/ai_user/.hermes/hermes-agent/venv/lib/python3.11/site-packages/starlette/middleware/base.py", line 191, in __call__
    with recv_stream, send_stream, collapse_excgroups():
  File "/home/ai_user/.local/share/uv/python/cpython-3.11.15-linux-x86_64-gnu/lib/python3.11/contextlib.py", line 158, in __exit__
    self.gen.throw(typ, value, traceback)
  File "/home/ai_user/.hermes/hermes-agent/venv/lib/python3.11/site-packages/starlette/_utils.py", line 87, in collapse_excgroups
    raise exc
  File "/home/ai_user/.hermes/hermes-agent/venv/lib/python3.11/site-packages/starlette/middleware/base.py", line 193, in __call__
    response = await self.dispatch_func(request, call_next)
               ^^^^^^^^^^^^^^^^^^^^^^^^^^^^^^^^^^^^^^^^^^^^
  File "/home/ai_user/.hermes/hermes-agent/hermes_cli/web_server.py", line 406, in _dashboard_auth_gate
    return await gated_auth_middleware(request, call_next)
           ^^^^^^^^^^^^^^^^^^^^^^^^^^^^^^^^^^^^^^^^^^^^^^^
  File "/home/ai_user/.hermes/hermes-agent/hermes_cli/dashboard_auth/middleware.py", line 182, in gated_auth_middleware
    return await call_next(request)
           ^^^^^^^^^^^^^^^^^^^^^^^^
  File "/home/ai_user/.hermes/hermes-agent/venv/lib/python3.11/site-packages/starlette/middleware/base.py", line 168, in call_next
    raise app_exc from app_exc.__cause__ or app_exc.__context__
  File "/home/ai_user/.hermes/hermes-agent/venv/lib/python3.11/site-packages/starlette/middleware/base.py", line 144, in coro
    await self.app(scope, receive_or_disconnect, send_no_error)
  File "/home/ai_user/.hermes/hermes-agent/venv/lib/python3.11/site-packages/starlette/middleware/base.py", line 191, in __call__
    with recv_stream, send_stream, collapse_excgroups():
  File "/home/ai_user/.local/share/uv/python/cpython-3.11.15-linux-x86_64-gnu/lib/python3.11/contextlib.py", line 158, in __exit__
    self.gen.throw(typ, value, traceback)
  File "/home/ai_user/.hermes/hermes-agent/venv/lib/python3.11/site-packages/starlette/_utils.py", line 87, in collapse_excgroups
    raise exc
  File "/home/ai_user/.hermes/hermes-agent/venv/lib/python3.11/site-packages/starlette/middleware/base.py", line 193, in __call__
    response = await self.dispatch_func(request, call_next)
               ^^^^^^^^^^^^^^^^^^^^^^^^^^^^^^^^^^^^^^^^^^^^
  File "/home/ai_user/.hermes/hermes-agent/hermes_cli/web_server.py", line 391, in host_header_middleware
    return await call_next(request)
           ^^^^^^^^^^^^^^^^^^^^^^^^
  File "/home/ai_user/.hermes/hermes-agent/venv/lib/python3.11/site-packages/starlette/middleware/base.py", line 168, in call_next
    raise app_exc from app_exc.__cause__ or app_exc.__context__
  File "/home/ai_user/.hermes/hermes-agent/venv/lib/python3.11/site-packages/starlette/middleware/base.py", line 144, in coro
    await self.app(scope, receive_or_disconnect, send_no_error)
  File "/home/ai_user/.hermes/hermes-agent/venv/lib/python3.11/site-packages/starlette/middleware/cors.py", line 88, in __call__
    await self.app(scope, receive, send)
  File "/home/ai_user/.hermes/hermes-agent/venv/lib/python3.11/site-packages/starlette/middleware/exceptions.py", line 63, in __call__
    await wrap_app_handling_exceptions(self.app, conn)(scope, receive, send)
  File "/home/ai_user/.hermes/hermes-agent/venv/lib/python3.11/site-packages/starlette/_exception_handler.py", line 53, in wrapped_app
    raise exc
  File "/home/ai_user/.hermes/hermes-agent/venv/lib/python3.11/site-packages/starlette/_exception_handler.py", line 42, in wrapped_app
    await app(scope, receive, sender)
  File "/home/ai_user/.hermes/hermes-agent/venv/lib/python3.11/site-packages/fastapi/middleware/asyncexitstack.py", line 18, in __call__
    await self.app(scope, receive, send)
  File "/home/ai_user/.hermes/hermes-agent/venv/lib/python3.11/site-packages/starlette/routing.py", line 660, in __call__
    await self.middleware_stack(scope, receive, send)
  File "/home/ai_user/.hermes/hermes-agent/venv/lib/python3.11/site-packages/starlette/routing.py", line 680, in app
    await route.handle(scope, receive, send)
  File "/home/ai_user/.hermes/hermes-agent/venv/lib/python3.11/site-packages/starlette/routing.py", line 276, in handle
    await self.app(scope, receive, send)
  File "/home/ai_user/.hermes/hermes-agent/venv/lib/python3.11/site-packages/fastapi/routing.py", line 119, in app
    await wrap_app_handling_exceptions(app, request)(scope, receive, send)
  File "/home/ai_user/.hermes/hermes-agent/venv/lib/python3.11/site-packages/starlette/_exception_handler.py", line 53, in wrapped_app
    raise exc
  File "/home/ai_user/.hermes/hermes-agent/venv/lib/python3.11/site-packages/starlette/_exception_handler.py", line 42, in wrapped_app
    await app(scope, receive, sender)
  File "/home/ai_user/.hermes/hermes-agent/venv/lib/python3.11/site-packages/fastapi/routing.py", line 105, in app
    response = await f(request)
               ^^^^^^^^^^^^^^^^
  File "/home/ai_user/.hermes/hermes-agent/venv/lib/python3.11/site-packages/fastapi/routing.py", line 431, in app
    raw_response = await run_endpoint_function(
                   ^^^^^^^^^^^^^^^^^^^^^^^^^^^^
  File "/home/ai_user/.hermes/hermes-agent/venv/lib/python3.11/site-packages/fastapi/routing.py", line 313, in run_endpoint_function
    return await dependant.call(**values)
           ^^^^^^^^^^^^^^^^^^^^^^^^^^^^^^
  File "/home/ai_user/.hermes/hermes-agent/hermes_cli/web_server.py", line 3621, in get_env_vars
    with _profile_scope(profile):
  File "/home/ai_user/.local/share/uv/python/cpython-3.11.15-linux-x86_64-gnu/lib/python3.11/contextlib.py", line 137, in __enter__
    return next(self.gen)
           ^^^^^^^^^^^^^^
  File "/home/ai_user/.hermes/hermes-agent/hermes_cli/web_server.py", line 9405, in _profile_scope
    from tools import skills_tool as _skills_tool
  File "/home/ai_user/.hermes/hermes-agent/tools/skills_tool.py", line 82, in <module>
    from agent.skill_utils import (
ImportError: cannot import name 'is_skill_support_path' from 'agent.skill_utils' (/home/ai_user/.hermes/hermes-agent/agent/skill_utils.py)
ERROR:    Exception in ASGI application
  + Exception Group Traceback (most recent call last):
  |   File "/home/ai_user/.hermes/hermes-agent/venv/lib/python3.11/site-packages/starlette/_utils.py", line 81, in collapse_excgroups
  |     yield
  |   File "/home/ai_user/.hermes/hermes-agent/venv/lib/python3.11/site-packages/starlette/middleware/base.py", line 192, in __call__
  |     async with anyio.create_task_group() as task_group:
  |   File "/home/ai_user/.hermes/hermes-agent/venv/lib/python3.11/site-packages/anyio/_backends/_asyncio.py", line 783, in __aexit__
  |     raise BaseExceptionGroup(
  | ExceptionGroup: unhandled errors in a TaskGroup (1 sub-exception)
  +-+---------------- 1 ----------------
    | Traceback (most recent call last):
    |   File "/home/ai_user/.hermes/hermes-agent/venv/lib/python3.11/site-packages/uvicorn/protocols/http/httptools_impl.py", line 416, in run_asgi
    |     result = await app(  # type: ignore[func-returns-value]
    |              ^^^^^^^^^^^^^^^^^^^^^^^^^^^^^^^^^^^^^^^^^^^^^^
    |   File "/home/ai_user/.hermes/hermes-agent/venv/lib/python3.11/site-packages/fastapi/applications.py", line 1160, in __call__
    |     await super().__call__(scope, receive, send)
    |   File "/home/ai_user/.hermes/hermes-agent/venv/lib/python3.11/site-packages/starlette/applications.py", line 90, in __call__
    |     await self.middleware_stack(scope, receive, send)
    |   File "/home/ai_user/.hermes/hermes-agent/venv/lib/python3.11/site-packages/starlette/middleware/errors.py", line 186, in __call__
    |     raise exc
    |   File "/home/ai_user/.hermes/hermes-agent/venv/lib/python3.11/site-packages/starlette/middleware/errors.py", line 164, in __call__
    |     await self.app(scope, receive, _send)
    |   File "/home/ai_user/.hermes/hermes-agent/venv/lib/python3.11/site-packages/starlette/middleware/base.py", line 191, in __call__
    |     with recv_stream, send_stream, collapse_excgroups():
    |   File "/home/ai_user/.local/share/uv/python/cpython-3.11.15-linux-x86_64-gnu/lib/python3.11/contextlib.py", line 158, in __exit__
    |     self.gen.throw(typ, value, traceback)
    |   File "/home/ai_user/.hermes/hermes-agent/venv/lib/python3.11/site-packages/starlette/_utils.py", line 87, in collapse_excgroups
    |     raise exc
    |   File "/home/ai_user/.hermes/hermes-agent/venv/lib/python3.11/site-packages/starlette/middleware/base.py", line 193, in __call__
    |     response = await self.dispatch_func(request, call_next)
    |                ^^^^^^^^^^^^^^^^^^^^^^^^^^^^^^^^^^^^^^^^^^^^
    |   File "/home/ai_user/.hermes/hermes-agent/hermes_cli/web_server.py", line 424, in auth_middleware
    |     return await call_next(request)
    |            ^^^^^^^^^^^^^^^^^^^^^^^^
    |   File "/home/ai_user/.hermes/hermes-agent/venv/lib/python3.11/site-packages/starlette/middleware/base.py", line 168, in call_next
    |     raise app_exc from app_exc.__cause__ or app_exc.__context__
    |   File "/home/ai_user/.hermes/hermes-agent/venv/lib/python3.11/site-packages/starlette/middleware/base.py", line 144, in coro
    |     await self.app(scope, receive_or_disconnect, send_no_error)
    |   File "/home/ai_user/.hermes/hermes-agent/venv/lib/python3.11/site-packages/starlette/middleware/base.py", line 191, in __call__
    |     with recv_stream, send_stream, collapse_excgroups():
    |   File "/home/ai_user/.local/share/uv/python/cpython-3.11.15-linux-x86_64-gnu/lib/python3.11/contextlib.py", line 158, in __exit__
    |     self.gen.throw(typ, value, traceback)
    |   File "/home/ai_user/.hermes/hermes-agent/venv/lib/python3.11/site-packages/starlette/_utils.py", line 87, in collapse_excgroups
    |     raise exc
    |   File "/home/ai_user/.hermes/hermes-agent/venv/lib/python3.11/site-packages/starlette/middleware/base.py", line 193, in __call__
    |     response = await self.dispatch_func(request, call_next)
    |                ^^^^^^^^^^^^^^^^^^^^^^^^^^^^^^^^^^^^^^^^^^^^
    |   File "/home/ai_user/.hermes/hermes-agent/hermes_cli/web_server.py", line 406, in _dashboard_auth_gate
    |     return await gated_auth_middleware(request, call_next)
    |            ^^^^^^^^^^^^^^^^^^^^^^^^^^^^^^^^^^^^^^^^^^^^^^^
    |   File "/home/ai_user/.hermes/hermes-agent/hermes_cli/dashboard_auth/middleware.py", line 182, in gated_auth_middleware
    |     return await call_next(request)
    |            ^^^^^^^^^^^^^^^^^^^^^^^^
    |   File "/home/ai_user/.hermes/hermes-agent/venv/lib/python3.11/site-packages/starlette/middleware/base.py", line 168, in call_next
    |     raise app_exc from app_exc.__cause__ or app_exc.__context__
    |   File "/home/ai_user/.hermes/hermes-agent/venv/lib/python3.11/site-packages/starlette/middleware/base.py", line 144, in coro
    |     await self.app(scope, receive_or_disconnect, send_no_error)
    |   File "/home/ai_user/.hermes/hermes-agent/venv/lib/python3.11/site-packages/starlette/middleware/base.py", line 191, in __call__
    |     with recv_stream, send_stream, collapse_excgroups():
    |   File "/home/ai_user/.local/share/uv/python/cpython-3.11.15-linux-x86_64-gnu/lib/python3.11/contextlib.py", line 158, in __exit__
    |     self.gen.throw(typ, value, traceback)
    |   File "/home/ai_user/.hermes/hermes-agent/venv/lib/python3.11/site-packages/starlette/_utils.py", line 87, in collapse_excgroups
    |     raise exc
    |   File "/home/ai_user/.hermes/hermes-agent/venv/lib/python3.11/site-packages/starlette/middleware/base.py", line 193, in __call__
    |     response = await self.dispatch_func(request, call_next)
    |                ^^^^^^^^^^^^^^^^^^^^^^^^^^^^^^^^^^^^^^^^^^^^
    |   File "/home/ai_user/.hermes/hermes-agent/hermes_cli/web_server.py", line 391, in host_header_middleware
    |     return await call_next(request)
    |            ^^^^^^^^^^^^^^^^^^^^^^^^
    |   File "/home/ai_user/.hermes/hermes-agent/venv/lib/python3.11/site-packages/starlette/middleware/base.py", line 168, in call_next
    |     raise app_exc from app_exc.__cause__ or app_exc.__context__
    |   File "/home/ai_user/.hermes/hermes-agent/venv/lib/python3.11/site-packages/starlette/middleware/base.py", line 144, in coro
    |     await self.app(scope, receive_or_disconnect, send_no_error)
    |   File "/home/ai_user/.hermes/hermes-agent/venv/lib/python3.11/site-packages/starlette/middleware/cors.py", line 88, in __call__
    |     await self.app(scope, receive, send)
    |   File "/home/ai_user/.hermes/hermes-agent/venv/lib/python3.11/site-packages/starlette/middleware/exceptions.py", line 63, in __call__
    |     await wrap_app_handling_exceptions(self.app, conn)(scope, receive, send)
    |   File "/home/ai_user/.hermes/hermes-agent/venv/lib/python3.11/site-packages/starlette/_exception_handler.py", line 53, in wrapped_app
    |     raise exc
    |   File "/home/ai_user/.hermes/hermes-agent/venv/lib/python3.11/site-packages/starlette/_exception_handler.py", line 42, in wrapped_app
    |     await app(scope, receive, sender)
    |   File "/home/ai_user/.hermes/hermes-agent/venv/lib/python3.11/site-packages/fastapi/middleware/asyncexitstack.py", line 18, in __call__
    |     await self.app(scope, receive, send)
    |   File "/home/ai_user/.hermes/hermes-agent/venv/lib/python3.11/site-packages/starlette/routing.py", line 660, in __call__
    |     await self.middleware_stack(scope, receive, send)
    |   File "/home/ai_user/.hermes/hermes-agent/venv/lib/python3.11/site-packages/starlette/routing.py", line 680, in app
    |     await route.handle(scope, receive, send)
    |   File "/home/ai_user/.hermes/hermes-agent/venv/lib/python3.11/site-packages/starlette/routing.py", line 276, in handle
    |     await self.app(scope, receive, send)
    |   File "/home/ai_user/.hermes/hermes-agent/venv/lib/python3.11/site-packages/fastapi/routing.py", line 119, in app
    |     await wrap_app_handling_exceptions(app, request)(scope, receive, send)
    |   File "/home/ai_user/.hermes/hermes-agent/venv/lib/python3.11/site-packages/starlette/_exception_handler.py", line 53, in wrapped_app
    |     raise exc
    |   File "/home/ai_user/.hermes/hermes-agent/venv/lib/python3.11/site-packages/starlette/_exception_handler.py", line 42, in wrapped_app
    |     await app(scope, receive, sender)
    |   File "/home/ai_user/.hermes/hermes-agent/venv/lib/python3.11/site-packages/fastapi/routing.py", line 105, in app
    |     response = await f(request)
    |                ^^^^^^^^^^^^^^^^
    |   File "/home/ai_user/.hermes/hermes-agent/venv/lib/python3.11/site-packages/fastapi/routing.py", line 431, in app
    |     raw_response = await run_endpoint_function(
    |                    ^^^^^^^^^^^^^^^^^^^^^^^^^^^^
    |   File "/home/ai_user/.hermes/hermes-agent/venv/lib/python3.11/site-packages/fastapi/routing.py", line 313, in run_endpoint_function
    |     return await dependant.call(**values)
    |            ^^^^^^^^^^^^^^^^^^^^^^^^^^^^^^
    |   File "/home/ai_user/.hermes/hermes-agent/hermes_cli/web_server.py", line 3042, in get_config
    |     with _profile_scope(profile):
    |   File "/home/ai_user/.local/share/uv/python/cpython-3.11.15-linux-x86_64-gnu/lib/python3.11/contextlib.py", line 137, in __enter__
    |     return next(self.gen)
    |            ^^^^^^^^^^^^^^
    |   File "/home/ai_user/.hermes/hermes-agent/hermes_cli/web_server.py", line 9405, in _profile_scope
    |     from tools import skills_tool as _skills_tool
    |   File "/home/ai_user/.hermes/hermes-agent/tools/skills_tool.py", line 82, in <module>
    |     from agent.skill_utils import (
    | ImportError: cannot import name 'is_skill_support_path' from 'agent.skill_utils' (/home/ai_user/.hermes/hermes-agent/agent/skill_utils.py)
    +------------------------------------

The above exception was the direct cause of the following exception:

Traceback (most recent call last):
  File "/home/ai_user/.hermes/hermes-agent/venv/lib/python3.11/site-packages/uvicorn/protocols/http/httptools_impl.py", line 416, in run_asgi
    result = await app(  # type: ignore[func-returns-value]
             ^^^^^^^^^^^^^^^^^^^^^^^^^^^^^^^^^^^^^^^^^^^^^^
  File "/home/ai_user/.hermes/hermes-agent/venv/lib/python3.11/site-packages/fastapi/applications.py", line 1160, in __call__
    await super().__call__(scope, receive, send)
  File "/home/ai_user/.hermes/hermes-agent/venv/lib/python3.11/site-packages/starlette/applications.py", line 90, in __call__
    await self.middleware_stack(scope, receive, send)
  File "/home/ai_user/.hermes/hermes-agent/venv/lib/python3.11/site-packages/starlette/middleware/errors.py", line 186, in __call__
    raise exc
  File "/home/ai_user/.hermes/hermes-agent/venv/lib/python3.11/site-packages/starlette/middleware/errors.py", line 164, in __call__
    await self.app(scope, receive, _send)
  File "/home/ai_user/.hermes/hermes-agent/venv/lib/python3.11/site-packages/starlette/middleware/base.py", line 191, in __call__
    with recv_stream, send_stream, collapse_excgroups():
  File "/home/ai_user/.local/share/uv/python/cpython-3.11.15-linux-x86_64-gnu/lib/python3.11/contextlib.py", line 158, in __exit__
    self.gen.throw(typ, value, traceback)
  File "/home/ai_user/.hermes/hermes-agent/venv/lib/python3.11/site-packages/starlette/_utils.py", line 87, in collapse_excgroups
    raise exc
  File "/home/ai_user/.hermes/hermes-agent/venv/lib/python3.11/site-packages/starlette/middleware/base.py", line 193, in __call__
    response = await self.dispatch_func(request, call_next)
               ^^^^^^^^^^^^^^^^^^^^^^^^^^^^^^^^^^^^^^^^^^^^
  File "/home/ai_user/.hermes/hermes-agent/hermes_cli/web_server.py", line 424, in auth_middleware
    return await call_next(request)
           ^^^^^^^^^^^^^^^^^^^^^^^^
  File "/home/ai_user/.hermes/hermes-agent/venv/lib/python3.11/site-packages/starlette/middleware/base.py", line 168, in call_next
    raise app_exc from app_exc.__cause__ or app_exc.__context__
  File "/home/ai_user/.hermes/hermes-agent/venv/lib/python3.11/site-packages/starlette/middleware/base.py", line 144, in coro
    await self.app(scope, receive_or_disconnect, send_no_error)
  File "/home/ai_user/.hermes/hermes-agent/venv/lib/python3.11/site-packages/starlette/middleware/base.py", line 191, in __call__
    with recv_stream, send_stream, collapse_excgroups():
  File "/home/ai_user/.local/share/uv/python/cpython-3.11.15-linux-x86_64-gnu/lib/python3.11/contextlib.py", line 158, in __exit__
    self.gen.throw(typ, value, traceback)
  File "/home/ai_user/.hermes/hermes-agent/venv/lib/python3.11/site-packages/starlette/_utils.py", line 87, in collapse_excgroups
    raise exc
  File "/home/ai_user/.hermes/hermes-agent/venv/lib/python3.11/site-packages/starlette/middleware/base.py", line 193, in __call__
    response = await self.dispatch_func(request, call_next)
               ^^^^^^^^^^^^^^^^^^^^^^^^^^^^^^^^^^^^^^^^^^^^
  File "/home/ai_user/.hermes/hermes-agent/hermes_cli/web_server.py", line 406, in _dashboard_auth_gate
    return await gated_auth_middleware(request, call_next)
           ^^^^^^^^^^^^^^^^^^^^^^^^^^^^^^^^^^^^^^^^^^^^^^^
  File "/home/ai_user/.hermes/hermes-agent/hermes_cli/dashboard_auth/middleware.py", line 182, in gated_auth_middleware
    return await call_next(request)
           ^^^^^^^^^^^^^^^^^^^^^^^^
  File "/home/ai_user/.hermes/hermes-agent/venv/lib/python3.11/site-packages/starlette/middleware/base.py", line 168, in call_next
    raise app_exc from app_exc.__cause__ or app_exc.__context__
  File "/home/ai_user/.hermes/hermes-agent/venv/lib/python3.11/site-packages/starlette/middleware/base.py", line 144, in coro
    await self.app(scope, receive_or_disconnect, send_no_error)
  File "/home/ai_user/.hermes/hermes-agent/venv/lib/python3.11/site-packages/starlette/middleware/base.py", line 191, in __call__
    with recv_stream, send_stream, collapse_excgroups():
  File "/home/ai_user/.local/share/uv/python/cpython-3.11.15-linux-x86_64-gnu/lib/python3.11/contextlib.py", line 158, in __exit__
    self.gen.throw(typ, value, traceback)
  File "/home/ai_user/.hermes/hermes-agent/venv/lib/python3.11/site-packages/starlette/_utils.py", line 87, in collapse_excgroups
    raise exc
  File "/home/ai_user/.hermes/hermes-agent/venv/lib/python3.11/site-packages/starlette/middleware/base.py", line 193, in __call__
    response = await self.dispatch_func(request, call_next)
               ^^^^^^^^^^^^^^^^^^^^^^^^^^^^^^^^^^^^^^^^^^^^
  File "/home/ai_user/.hermes/hermes-agent/hermes_cli/web_server.py", line 391, in host_header_middleware
    return await call_next(request)
           ^^^^^^^^^^^^^^^^^^^^^^^^
  File "/home/ai_user/.hermes/hermes-agent/venv/lib/python3.11/site-packages/starlette/middleware/base.py", line 168, in call_next
    raise app_exc from app_exc.__cause__ or app_exc.__context__
  File "/home/ai_user/.hermes/hermes-agent/venv/lib/python3.11/site-packages/starlette/middleware/base.py", line 144, in coro
    await self.app(scope, receive_or_disconnect, send_no_error)
  File "/home/ai_user/.hermes/hermes-agent/venv/lib/python3.11/site-packages/starlette/middleware/cors.py", line 88, in __call__
    await self.app(scope, receive, send)
  File "/home/ai_user/.hermes/hermes-agent/venv/lib/python3.11/site-packages/starlette/middleware/exceptions.py", line 63, in __call__
    await wrap_app_handling_exceptions(self.app, conn)(scope, receive, send)
  File "/home/ai_user/.hermes/hermes-agent/venv/lib/python3.11/site-packages/starlette/_exception_handler.py", line 53, in wrapped_app
    raise exc
  File "/home/ai_user/.hermes/hermes-agent/venv/lib/python3.11/site-packages/starlette/_exception_handler.py", line 42, in wrapped_app
    await app(scope, receive, sender)
  File "/home/ai_user/.hermes/hermes-agent/venv/lib/python3.11/site-packages/fastapi/middleware/asyncexitstack.py", line 18, in __call__
    await self.app(scope, receive, send)
  File "/home/ai_user/.hermes/hermes-agent/venv/lib/python3.11/site-packages/starlette/routing.py", line 660, in __call__
    await self.middleware_stack(scope, receive, send)
  File "/home/ai_user/.hermes/hermes-agent/venv/lib/python3.11/site-packages/starlette/routing.py", line 680, in app
    await route.handle(scope, receive, send)
  File "/home/ai_user/.hermes/hermes-agent/venv/lib/python3.11/site-packages/starlette/routing.py", line 276, in handle
    await self.app(scope, receive, send)
  File "/home/ai_user/.hermes/hermes-agent/venv/lib/python3.11/site-packages/fastapi/routing.py", line 119, in app
    await wrap_app_handling_exceptions(app, request)(scope, receive, send)
  File "/home/ai_user/.hermes/hermes-agent/venv/lib/python3.11/site-packages/starlette/_exception_handler.py", line 53, in wrapped_app
    raise exc
  File "/home/ai_user/.hermes/hermes-agent/venv/lib/python3.11/site-packages/starlette/_exception_handler.py", line 42, in wrapped_app
    await app(scope, receive, sender)
  File "/home/ai_user/.hermes/hermes-agent/venv/lib/python3.11/site-packages/fastapi/routing.py", line 105, in app
    response = await f(request)
               ^^^^^^^^^^^^^^^^
  File "/home/ai_user/.hermes/hermes-agent/venv/lib/python3.11/site-packages/fastapi/routing.py", line 431, in app
    raw_response = await run_endpoint_function(
                   ^^^^^^^^^^^^^^^^^^^^^^^^^^^^
  File "/home/ai_user/.hermes/hermes-agent/venv/lib/python3.11/site-packages/fastapi/routing.py", line 313, in run_endpoint_function
    return await dependant.call(**values)
           ^^^^^^^^^^^^^^^^^^^^^^^^^^^^^^
  File "/home/ai_user/.hermes/hermes-agent/hermes_cli/web_server.py", line 3042, in get_config
    with _profile_scope(profile):
  File "/home/ai_user/.local/share/uv/python/cpython-3.11.15-linux-x86_64-gnu/lib/python3.11/contextlib.py", line 137, in __enter__
    return next(self.gen)
           ^^^^^^^^^^^^^^
  File "/home/ai_user/.hermes/hermes-agent/hermes_cli/web_server.py", line 9405, in _profile_scope
    from tools import skills_tool as _skills_tool
  File "/home/ai_user/.hermes/hermes-agent/tools/skills_tool.py", line 82, in <module>
    from agent.skill_utils import (
ImportError: cannot import name 'is_skill_support_path' from 'agent.skill_utils' (/home/ai_user/.hermes/hermes-agent/agent/skill_utils.py)
ERROR:    Exception in ASGI application
  + Exception Group Traceback (most recent call last):
  |   File "/home/ai_user/.hermes/hermes-agent/venv/lib/python3.11/site-packages/starlette/_utils.py", line 81, in collapse_excgroups
  |     yield
  |   File "/home/ai_user/.hermes/hermes-agent/venv/lib/python3.11/site-packages/starlette/middleware/base.py", line 192, in __call__
  |     async with anyio.create_task_group() as task_group:
  |   File "/home/ai_user/.hermes/hermes-agent/venv/lib/python3.11/site-packages/anyio/_backends/_asyncio.py", line 783, in __aexit__
  |     raise BaseExceptionGroup(
  | ExceptionGroup: unhandled errors in a TaskGroup (1 sub-exception)
  +-+---------------- 1 ----------------
    | Traceback (most recent call last):
    |   File "/home/ai_user/.hermes/hermes-agent/venv/lib/python3.11/site-packages/uvicorn/protocols/http/httptools_impl.py", line 416, in run_asgi
    |     result = await app(  # type: ignore[func-returns-value]
    |              ^^^^^^^^^^^^^^^^^^^^^^^^^^^^^^^^^^^^^^^^^^^^^^
    |   File "/home/ai_user/.hermes/hermes-agent/venv/lib/python3.11/site-packages/fastapi/applications.py", line 1160, in __call__
    |     await super().__call__(scope, receive, send)
    |   File "/home/ai_user/.hermes/hermes-agent/venv/lib/python3.11/site-packages/starlette/applications.py", line 90, in __call__
    |     await self.middleware_stack(scope, receive, send)
    |   File "/home/ai_user/.hermes/hermes-agent/venv/lib/python3.11/site-packages/starlette/middleware/errors.py", line 186, in __call__
    |     raise exc
    |   File "/home/ai_user/.hermes/hermes-agent/venv/lib/python3.11/site-packages/starlette/middleware/errors.py", line 164, in __call__
    |     await self.app(scope, receive, _send)
    |   File "/home/ai_user/.hermes/hermes-agent/venv/lib/python3.11/site-packages/starlette/middleware/base.py", line 191, in __call__
    |     with recv_stream, send_stream, collapse_excgroups():
    |   File "/home/ai_user/.local/share/uv/python/cpython-3.11.15-linux-x86_64-gnu/lib/python3.11/contextlib.py", line 158, in __exit__
    |     self.gen.throw(typ, value, traceback)
    |   File "/home/ai_user/.hermes/hermes-agent/venv/lib/python3.11/site-packages/starlette/_utils.py", line 87, in collapse_excgroups
    |     raise exc
    |   File "/home/ai_user/.hermes/hermes-agent/venv/lib/python3.11/site-packages/starlette/middleware/base.py", line 193, in __call__
    |     response = await self.dispatch_func(request, call_next)
    |                ^^^^^^^^^^^^^^^^^^^^^^^^^^^^^^^^^^^^^^^^^^^^
    |   File "/home/ai_user/.hermes/hermes-agent/hermes_cli/web_server.py", line 424, in auth_middleware
    |     return await call_next(request)
    |            ^^^^^^^^^^^^^^^^^^^^^^^^
    |   File "/home/ai_user/.hermes/hermes-agent/venv/lib/python3.11/site-packages/starlette/middleware/base.py", line 168, in call_next
    |     raise app_exc from app_exc.__cause__ or app_exc.__context__
    |   File "/home/ai_user/.hermes/hermes-agent/venv/lib/python3.11/site-packages/starlette/middleware/base.py", line 144, in coro
    |     await self.app(scope, receive_or_disconnect, send_no_error)
    |   File "/home/ai_user/.hermes/hermes-agent/venv/lib/python3.11/site-packages/starlette/middleware/base.py", line 191, in __call__
    |     with recv_stream, send_stream, collapse_excgroups():
    |   File "/home/ai_user/.local/share/uv/python/cpython-3.11.15-linux-x86_64-gnu/lib/python3.11/contextlib.py", line 158, in __exit__
    |     self.gen.throw(typ, value, traceback)
    |   File "/home/ai_user/.hermes/hermes-agent/venv/lib/python3.11/site-packages/starlette/_utils.py", line 87, in collapse_excgroups
    |     raise exc
    |   File "/home/ai_user/.hermes/hermes-agent/venv/lib/python3.11/site-packages/starlette/middleware/base.py", line 193, in __call__
    |     response = await self.dispatch_func(request, call_next)
    |                ^^^^^^^^^^^^^^^^^^^^^^^^^^^^^^^^^^^^^^^^^^^^
    |   File "/home/ai_user/.hermes/hermes-agent/hermes_cli/web_server.py", line 406, in _dashboard_auth_gate
    |     return await gated_auth_middleware(request, call_next)
    |            ^^^^^^^^^^^^^^^^^^^^^^^^^^^^^^^^^^^^^^^^^^^^^^^
    |   File "/home/ai_user/.hermes/hermes-agent/hermes_cli/dashboard_auth/middleware.py", line 182, in gated_auth_middleware
    |     return await call_next(request)
    |            ^^^^^^^^^^^^^^^^^^^^^^^^
    |   File "/home/ai_user/.hermes/hermes-agent/venv/lib/python3.11/site-packages/starlette/middleware/base.py", line 168, in call_next
    |     raise app_exc from app_exc.__cause__ or app_exc.__context__
    |   File "/home/ai_user/.hermes/hermes-agent/venv/lib/python3.11/site-packages/starlette/middleware/base.py", line 144, in coro
    |     await self.app(scope, receive_or_disconnect, send_no_error)
    |   File "/home/ai_user/.hermes/hermes-agent/venv/lib/python3.11/site-packages/starlette/middleware/base.py", line 191, in __call__
    |     with recv_stream, send_stream, collapse_excgroups():
    |   File "/home/ai_user/.local/share/uv/python/cpython-3.11.15-linux-x86_64-gnu/lib/python3.11/contextlib.py", line 158, in __exit__
    |     self.gen.throw(typ, value, traceback)
    |   File "/home/ai_user/.hermes/hermes-agent/venv/lib/python3.11/site-packages/starlette/_utils.py", line 87, in collapse_excgroups
    |     raise exc
    |   File "/home/ai_user/.hermes/hermes-agent/venv/lib/python3.11/site-packages/starlette/middleware/base.py", line 193, in __call__
    |     response = await self.dispatch_func(request, call_next)
    |                ^^^^^^^^^^^^^^^^^^^^^^^^^^^^^^^^^^^^^^^^^^^^
    |   File "/home/ai_user/.hermes/hermes-agent/hermes_cli/web_server.py", line 391, in host_header_middleware
    |     return await call_next(request)
    |            ^^^^^^^^^^^^^^^^^^^^^^^^
    |   File "/home/ai_user/.hermes/hermes-agent/venv/lib/python3.11/site-packages/starlette/middleware/base.py", line 168, in call_next
    |     raise app_exc from app_exc.__cause__ or app_exc.__context__
    |   File "/home/ai_user/.hermes/hermes-agent/venv/lib/python3.11/site-packages/starlette/middleware/base.py", line 144, in coro
    |     await self.app(scope, receive_or_disconnect, send_no_error)
    |   File "/home/ai_user/.hermes/hermes-agent/venv/lib/python3.11/site-packages/starlette/middleware/cors.py", line 88, in __call__
    |     await self.app(scope, receive, send)
    |   File "/home/ai_user/.hermes/hermes-agent/venv/lib/python3.11/site-packages/starlette/middleware/exceptions.py", line 63, in __call__
    |     await wrap_app_handling_exceptions(self.app, conn)(scope, receive, send)
    |   File "/home/ai_user/.hermes/hermes-agent/venv/lib/python3.11/site-packages/starlette/_exception_handler.py", line 53, in wrapped_app
    |     raise exc
    |   File "/home/ai_user/.hermes/hermes-agent/venv/lib/python3.11/site-packages/starlette/_exception_handler.py", line 42, in wrapped_app
    |     await app(scope, receive, sender)
    |   File "/home/ai_user/.hermes/hermes-agent/venv/lib/python3.11/site-packages/fastapi/middleware/asyncexitstack.py", line 18, in __call__
    |     await self.app(scope, receive, send)
    |   File "/home/ai_user/.hermes/hermes-agent/venv/lib/python3.11/site-packages/starlette/routing.py", line 660, in __call__
    |     await self.middleware_stack(scope, receive, send)
    |   File "/home/ai_user/.hermes/hermes-agent/venv/lib/python3.11/site-packages/starlette/routing.py", line 680, in app
    |     await route.handle(scope, receive, send)
    |   File "/home/ai_user/.hermes/hermes-agent/venv/lib/python3.11/site-packages/starlette/routing.py", line 276, in handle
    |     await self.app(scope, receive, send)
    |   File "/home/ai_user/.hermes/hermes-agent/venv/lib/python3.11/site-packages/fastapi/routing.py", line 119, in app
    |     await wrap_app_handling_exceptions(app, request)(scope, receive, send)
    |   File "/home/ai_user/.hermes/hermes-agent/venv/lib/python3.11/site-packages/starlette/_exception_handler.py", line 53, in wrapped_app
    |     raise exc
    |   File "/home/ai_user/.hermes/hermes-agent/venv/lib/python3.11/site-packages/starlette/_exception_handler.py", line 42, in wrapped_app
    |     await app(scope, receive, sender)
    |   File "/home/ai_user/.hermes/hermes-agent/venv/lib/python3.11/site-packages/fastapi/routing.py", line 105, in app
    |     response = await f(request)
    |                ^^^^^^^^^^^^^^^^
    |   File "/home/ai_user/.hermes/hermes-agent/venv/lib/python3.11/site-packages/fastapi/routing.py", line 431, in app
    |     raw_response = await run_endpoint_function(
    |                    ^^^^^^^^^^^^^^^^^^^^^^^^^^^^
    |   File "/home/ai_user/.hermes/hermes-agent/venv/lib/python3.11/site-packages/fastapi/routing.py", line 313, in run_endpoint_function
    |     return await dependant.call(**values)
    |            ^^^^^^^^^^^^^^^^^^^^^^^^^^^^^^
    |   File "/home/ai_user/.hermes/hermes-agent/hermes_cli/web_server.py", line 3042, in get_config
    |     with _profile_scope(profile):
    |   File "/home/ai_user/.local/share/uv/python/cpython-3.11.15-linux-x86_64-gnu/lib/python3.11/contextlib.py", line 137, in __enter__
    |     return next(self.gen)
    |            ^^^^^^^^^^^^^^
    |   File "/home/ai_user/.hermes/hermes-agent/hermes_cli/web_server.py", line 9405, in _profile_scope
    |     from tools import skills_tool as _skills_tool
    |   File "/home/ai_user/.hermes/hermes-agent/tools/skills_tool.py", line 82, in <module>
    |     from agent.skill_utils import (
    | ImportError: cannot import name 'is_skill_support_path' from 'agent.skill_utils' (/home/ai_user/.hermes/hermes-agent/agent/skill_utils.py)
    +------------------------------------

The above exception was the direct cause of the following exception:

Traceback (most recent call last):
  File "/home/ai_user/.hermes/hermes-agent/venv/lib/python3.11/site-packages/uvicorn/protocols/http/httptools_impl.py", line 416, in run_asgi
    result = await app(  # type: ignore[func-returns-value]
             ^^^^^^^^^^^^^^^^^^^^^^^^^^^^^^^^^^^^^^^^^^^^^^
  File "/home/ai_user/.hermes/hermes-agent/venv/lib/python3.11/site-packages/fastapi/applications.py", line 1160, in __call__
    await super().__call__(scope, receive, send)
  File "/home/ai_user/.hermes/hermes-agent/venv/lib/python3.11/site-packages/starlette/applications.py", line 90, in __call__
    await self.middleware_stack(scope, receive, send)
  File "/home/ai_user/.hermes/hermes-agent/venv/lib/python3.11/site-packages/starlette/middleware/errors.py", line 186, in __call__
    raise exc
  File "/home/ai_user/.hermes/hermes-agent/venv/lib/python3.11/site-packages/starlette/middleware/errors.py", line 164, in __call__
    await self.app(scope, receive, _send)
  File "/home/ai_user/.hermes/hermes-agent/venv/lib/python3.11/site-packages/starlette/middleware/base.py", line 191, in __call__
    with recv_stream, send_stream, collapse_excgroups():
  File "/home/ai_user/.local/share/uv/python/cpython-3.11.15-linux-x86_64-gnu/lib/python3.11/contextlib.py", line 158, in __exit__
    self.gen.throw(typ, value, traceback)
  File "/home/ai_user/.hermes/hermes-agent/venv/lib/python3.11/site-packages/starlette/_utils.py", line 87, in collapse_excgroups
    raise exc
  File "/home/ai_user/.hermes/hermes-agent/venv/lib/python3.11/site-packages/starlette/middleware/base.py", line 193, in __call__
    response = await self.dispatch_func(request, call_next)
               ^^^^^^^^^^^^^^^^^^^^^^^^^^^^^^^^^^^^^^^^^^^^
  File "/home/ai_user/.hermes/hermes-agent/hermes_cli/web_server.py", line 424, in auth_middleware
    return await call_next(request)
           ^^^^^^^^^^^^^^^^^^^^^^^^
  File "/home/ai_user/.hermes/hermes-agent/venv/lib/python3.11/site-packages/starlette/middleware/base.py", line 168, in call_next
    raise app_exc from app_exc.__cause__ or app_exc.__context__
  File "/home/ai_user/.hermes/hermes-agent/venv/lib/python3.11/site-packages/starlette/middleware/base.py", line 144, in coro
    await self.app(scope, receive_or_disconnect, send_no_error)
  File "/home/ai_user/.hermes/hermes-agent/venv/lib/python3.11/site-packages/starlette/middleware/base.py", line 191, in __call__
    with recv_stream, send_stream, collapse_excgroups():
  File "/home/ai_user/.local/share/uv/python/cpython-3.11.15-linux-x86_64-gnu/lib/python3.11/contextlib.py", line 158, in __exit__
    self.gen.throw(typ, value, traceback)
  File "/home/ai_user/.hermes/hermes-agent/venv/lib/python3.11/site-packages/starlette/_utils.py", line 87, in collapse_excgroups
    raise exc
  File "/home/ai_user/.hermes/hermes-agent/venv/lib/python3.11/site-packages/starlette/middleware/base.py", line 193, in __call__
    response = await self.dispatch_func(request, call_next)
               ^^^^^^^^^^^^^^^^^^^^^^^^^^^^^^^^^^^^^^^^^^^^
  File "/home/ai_user/.hermes/hermes-agent/hermes_cli/web_server.py", line 406, in _dashboard_auth_gate
    return await gated_auth_middleware(request, call_next)
           ^^^^^^^^^^^^^^^^^^^^^^^^^^^^^^^^^^^^^^^^^^^^^^^
  File "/home/ai_user/.hermes/hermes-agent/hermes_cli/dashboard_auth/middleware.py", line 182, in gated_auth_middleware
    return await call_next(request)
           ^^^^^^^^^^^^^^^^^^^^^^^^
  File "/home/ai_user/.hermes/hermes-agent/venv/lib/python3.11/site-packages/starlette/middleware/base.py", line 168, in call_next
    raise app_exc from app_exc.__cause__ or app_exc.__context__
  File "/home/ai_user/.hermes/hermes-agent/venv/lib/python3.11/site-packages/starlette/middleware/base.py", line 144, in coro
    await self.app(scope, receive_or_disconnect, send_no_error)
  File "/home/ai_user/.hermes/hermes-agent/venv/lib/python3.11/site-packages/starlette/middleware/base.py", line 191, in __call__
    with recv_stream, send_stream, collapse_excgroups():
  File "/home/ai_user/.local/share/uv/python/cpython-3.11.15-linux-x86_64-gnu/lib/python3.11/contextlib.py", line 158, in __exit__
    self.gen.throw(typ, value, traceback)
  File "/home/ai_user/.hermes/hermes-agent/venv/lib/python3.11/site-packages/starlette/_utils.py", line 87, in collapse_excgroups
    raise exc
  File "/home/ai_user/.hermes/hermes-agent/venv/lib/python3.11/site-packages/starlette/middleware/base.py", line 193, in __call__
    response = await self.dispatch_func(request, call_next)
               ^^^^^^^^^^^^^^^^^^^^^^^^^^^^^^^^^^^^^^^^^^^^
  File "/home/ai_user/.hermes/hermes-agent/hermes_cli/web_server.py", line 391, in host_header_middleware
    return await call_next(request)
           ^^^^^^^^^^^^^^^^^^^^^^^^
  File "/home/ai_user/.hermes/hermes-agent/venv/lib/python3.11/site-packages/starlette/middleware/base.py", line 168, in call_next
    raise app_exc from app_exc.__cause__ or app_exc.__context__
  File "/home/ai_user/.hermes/hermes-agent/venv/lib/python3.11/site-packages/starlette/middleware/base.py", line 144, in coro
    await self.app(scope, receive_or_disconnect, send_no_error)
  File "/home/ai_user/.hermes/hermes-agent/venv/lib/python3.11/site-packages/starlette/middleware/cors.py", line 88, in __call__
    await self.app(scope, receive, send)
  File "/home/ai_user/.hermes/hermes-agent/venv/lib/python3.11/site-packages/starlette/middleware/exceptions.py", line 63, in __call__
    await wrap_app_handling_exceptions(self.app, conn)(scope, receive, send)
  File "/home/ai_user/.hermes/hermes-agent/venv/lib/python3.11/site-packages/starlette/_exception_handler.py", line 53, in wrapped_app
    raise exc
  File "/home/ai_user/.hermes/hermes-agent/venv/lib/python3.11/site-packages/starlette/_exception_handler.py", line 42, in wrapped_app
    await app(scope, receive, sender)
  File "/home/ai_user/.hermes/hermes-agent/venv/lib/python3.11/site-packages/fastapi/middleware/asyncexitstack.py", line 18, in __call__
    await self.app(scope, receive, send)
  File "/home/ai_user/.hermes/hermes-agent/venv/lib/python3.11/site-packages/starlette/routing.py", line 660, in __call__
    await self.middleware_stack(scope, receive, send)
  File "/home/ai_user/.hermes/hermes-agent/venv/lib/python3.11/site-packages/starlette/routing.py", line 680, in app
    await route.handle(scope, receive, send)
  File "/home/ai_user/.hermes/hermes-agent/venv/lib/python3.11/site-packages/starlette/routing.py", line 276, in handle
    await self.app(scope, receive, send)
  File "/home/ai_user/.hermes/hermes-agent/venv/lib/python3.11/site-packages/fastapi/routing.py", line 119, in app
    await wrap_app_handling_exceptions(app, request)(scope, receive, send)
  File "/home/ai_user/.hermes/hermes-agent/venv/lib/python3.11/site-packages/starlette/_exception_handler.py", line 53, in wrapped_app
    raise exc
  File "/home/ai_user/.hermes/hermes-agent/venv/lib/python3.11/site-packages/starlette/_exception_handler.py", line 42, in wrapped_app
    await app(scope, receive, sender)
  File "/home/ai_user/.hermes/hermes-agent/venv/lib/python3.11/site-packages/fastapi/routing.py", line 105, in app
    response = await f(request)
               ^^^^^^^^^^^^^^^^
  File "/home/ai_user/.hermes/hermes-agent/venv/lib/python3.11/site-packages/fastapi/routing.py", line 431, in app
    raw_response = await run_endpoint_function(
                   ^^^^^^^^^^^^^^^^^^^^^^^^^^^^
  File "/home/ai_user/.hermes/hermes-agent/venv/lib/python3.11/site-packages/fastapi/routing.py", line 313, in run_endpoint_function
    return await dependant.call(**values)
           ^^^^^^^^^^^^^^^^^^^^^^^^^^^^^^
  File "/home/ai_user/.hermes/hermes-agent/hermes_cli/web_server.py", line 3042, in get_config
    with _profile_scope(profile):
  File "/home/ai_user/.local/share/uv/python/cpython-3.11.15-linux-x86_64-gnu/lib/python3.11/contextlib.py", line 137, in __enter__
    return next(self.gen)
           ^^^^^^^^^^^^^^
  File "/home/ai_user/.hermes/hermes-agent/hermes_cli/web_server.py", line 9405, in _profile_scope
    from tools import skills_tool as _skills_tool
  File "/home/ai_user/.hermes/hermes-agent/tools/skills_tool.py", line 82, in <module>
    from agent.skill_utils import (
ImportError: cannot import name 'is_skill_support_path' from 'agent.skill_utils' (/home/ai_user/.hermes/hermes-agent/agent/skill_utils.py)
ERROR:    Exception in ASGI application
  + Exception Group Traceback (most recent call last):
  |   File "/home/ai_user/.hermes/hermes-agent/venv/lib/python3.11/site-packages/starlette/_utils.py", line 81, in collapse_excgroups
  |     yield
  |   File "/home/ai_user/.hermes/hermes-agent/venv/lib/python3.11/site-packages/starlette/middleware/base.py", line 192, in __call__
  |     async with anyio.create_task_group() as task_group:
  |   File "/home/ai_user/.hermes/hermes-agent/venv/lib/python3.11/site-packages/anyio/_backends/_asyncio.py", line 783, in __aexit__
  |     raise BaseExceptionGroup(
  | ExceptionGroup: unhandled errors in a TaskGroup (1 sub-exception)
  +-+---------------- 1 ----------------
    | Traceback (most recent call last):
    |   File "/home/ai_user/.hermes/hermes-agent/venv/lib/python3.11/site-packages/uvicorn/protocols/http/httptools_impl.py", line 416, in run_asgi
    |     result = await app(  # type: ignore[func-returns-value]
    |              ^^^^^^^^^^^^^^^^^^^^^^^^^^^^^^^^^^^^^^^^^^^^^^
    |   File "/home/ai_user/.hermes/hermes-agent/venv/lib/python3.11/site-packages/fastapi/applications.py", line 1160, in __call__
    |     await super().__call__(scope, receive, send)
    |   File "/home/ai_user/.hermes/hermes-agent/venv/lib/python3.11/site-packages/starlette/applications.py", line 90, in __call__
    |     await self.middleware_stack(scope, receive, send)
    |   File "/home/ai_user/.hermes/hermes-agent/venv/lib/python3.11/site-packages/starlette/middleware/errors.py", line 186, in __call__
    |     raise exc
    |   File "/home/ai_user/.hermes/hermes-agent/venv/lib/python3.11/site-packages/starlette/middleware/errors.py", line 164, in __call__
    |     await self.app(scope, receive, _send)
    |   File "/home/ai_user/.hermes/hermes-agent/venv/lib/python3.11/site-packages/starlette/middleware/base.py", line 191, in __call__
    |     with recv_stream, send_stream, collapse_excgroups():
    |   File "/home/ai_user/.local/share/uv/python/cpython-3.11.15-linux-x86_64-gnu/lib/python3.11/contextlib.py", line 158, in __exit__
    |     self.gen.throw(typ, value, traceback)
    |   File "/home/ai_user/.hermes/hermes-agent/venv/lib/python3.11/site-packages/starlette/_utils.py", line 87, in collapse_excgroups
    |     raise exc
    |   File "/home/ai_user/.hermes/hermes-agent/venv/lib/python3.11/site-packages/starlette/middleware/base.py", line 193, in __call__
    |     response = await self.dispatch_func(request, call_next)
    |                ^^^^^^^^^^^^^^^^^^^^^^^^^^^^^^^^^^^^^^^^^^^^
    |   File "/home/ai_user/.hermes/hermes-agent/hermes_cli/web_server.py", line 424, in auth_middleware
    |     return await call_next(request)
    |            ^^^^^^^^^^^^^^^^^^^^^^^^
    |   File "/home/ai_user/.hermes/hermes-agent/venv/lib/python3.11/site-packages/starlette/middleware/base.py", line 168, in call_next
    |     raise app_exc from app_exc.__cause__ or app_exc.__context__
    |   File "/home/ai_user/.hermes/hermes-agent/venv/lib/python3.11/site-packages/starlette/middleware/base.py", line 144, in coro
    |     await self.app(scope, receive_or_disconnect, send_no_error)
    |   File "/home/ai_user/.hermes/hermes-agent/venv/lib/python3.11/site-packages/starlette/middleware/base.py", line 191, in __call__
    |     with recv_stream, send_stream, collapse_excgroups():
    |   File "/home/ai_user/.local/share/uv/python/cpython-3.11.15-linux-x86_64-gnu/lib/python3.11/contextlib.py", line 158, in __exit__
    |     self.gen.throw(typ, value, traceback)
    |   File "/home/ai_user/.hermes/hermes-agent/venv/lib/python3.11/site-packages/starlette/_utils.py", line 87, in collapse_excgroups
    |     raise exc
    |   File "/home/ai_user/.hermes/hermes-agent/venv/lib/python3.11/site-packages/starlette/middleware/base.py", line 193, in __call__
    |     response = await self.dispatch_func(request, call_next)
    |                ^^^^^^^^^^^^^^^^^^^^^^^^^^^^^^^^^^^^^^^^^^^^
    |   File "/home/ai_user/.hermes/hermes-agent/hermes_cli/web_server.py", line 406, in _dashboard_auth_gate
    |     return await gated_auth_middleware(request, call_next)
    |            ^^^^^^^^^^^^^^^^^^^^^^^^^^^^^^^^^^^^^^^^^^^^^^^
    |   File "/home/ai_user/.hermes/hermes-agent/hermes_cli/dashboard_auth/middleware.py", line 182, in gated_auth_middleware
    |     return await call_next(request)
    |            ^^^^^^^^^^^^^^^^^^^^^^^^
    |   File "/home/ai_user/.hermes/hermes-agent/venv/lib/python3.11/site-packages/starlette/middleware/base.py", line 168, in call_next
    |     raise app_exc from app_exc.__cause__ or app_exc.__context__
    |   File "/home/ai_user/.hermes/hermes-agent/venv/lib/python3.11/site-packages/starlette/middleware/base.py", line 144, in coro
    |     await self.app(scope, receive_or_disconnect, send_no_error)
    |   File "/home/ai_user/.hermes/hermes-agent/venv/lib/python3.11/site-packages/starlette/middleware/base.py", line 191, in __call__
    |     with recv_stream, send_stream, collapse_excgroups():
    |   File "/home/ai_user/.local/share/uv/python/cpython-3.11.15-linux-x86_64-gnu/lib/python3.11/contextlib.py", line 158, in __exit__
    |     self.gen.throw(typ, value, traceback)
    |   File "/home/ai_user/.hermes/hermes-agent/venv/lib/python3.11/site-packages/starlette/_utils.py", line 87, in collapse_excgroups
    |     raise exc
    |   File "/home/ai_user/.hermes/hermes-agent/venv/lib/python3.11/site-packages/starlette/middleware/base.py", line 193, in __call__
    |     response = await self.dispatch_func(request, call_next)
    |                ^^^^^^^^^^^^^^^^^^^^^^^^^^^^^^^^^^^^^^^^^^^^
    |   File "/home/ai_user/.hermes/hermes-agent/hermes_cli/web_server.py", line 391, in host_header_middleware
    |     return await call_next(request)
    |            ^^^^^^^^^^^^^^^^^^^^^^^^
    |   File "/home/ai_user/.hermes/hermes-agent/venv/lib/python3.11/site-packages/starlette/middleware/base.py", line 168, in call_next
    |     raise app_exc from app_exc.__cause__ or app_exc.__context__
    |   File "/home/ai_user/.hermes/hermes-agent/venv/lib/python3.11/site-packages/starlette/middleware/base.py", line 144, in coro
    |     await self.app(scope, receive_or_disconnect, send_no_error)
    |   File "/home/ai_user/.hermes/hermes-agent/venv/lib/python3.11/site-packages/starlette/middleware/cors.py", line 88, in __call__
    |     await self.app(scope, receive, send)
    |   File "/home/ai_user/.hermes/hermes-agent/venv/lib/python3.11/site-packages/starlette/middleware/exceptions.py", line 63, in __call__
    |     await wrap_app_handling_exceptions(self.app, conn)(scope, receive, send)
    |   File "/home/ai_user/.hermes/hermes-agent/venv/lib/python3.11/site-packages/starlette/_exception_handler.py", line 53, in wrapped_app
    |     raise exc
    |   File "/home/ai_user/.hermes/hermes-agent/venv/lib/python3.11/site-packages/starlette/_exception_handler.py", line 42, in wrapped_app
    |     await app(scope, receive, sender)
    |   File "/home/ai_user/.hermes/hermes-agent/venv/lib/python3.11/site-packages/fastapi/middleware/asyncexitstack.py", line 18, in __call__
    |     await self.app(scope, receive, send)
    |   File "/home/ai_user/.hermes/hermes-agent/venv/lib/python3.11/site-packages/starlette/routing.py", line 660, in __call__
    |     await self.middleware_stack(scope, receive, send)
    |   File "/home/ai_user/.hermes/hermes-agent/venv/lib/python3.11/site-packages/starlette/routing.py", line 680, in app
    |     await route.handle(scope, receive, send)
    |   File "/home/ai_user/.hermes/hermes-agent/venv/lib/python3.11/site-packages/starlette/routing.py", line 276, in handle
    |     await self.app(scope, receive, send)
    |   File "/home/ai_user/.hermes/hermes-agent/venv/lib/python3.11/site-packages/fastapi/routing.py", line 119, in app
    |     await wrap_app_handling_exceptions(app, request)(scope, receive, send)
    |   File "/home/ai_user/.hermes/hermes-agent/venv/lib/python3.11/site-packages/starlette/_exception_handler.py", line 53, in wrapped_app
    |     raise exc
    |   File "/home/ai_user/.hermes/hermes-agent/venv/lib/python3.11/site-packages/starlette/_exception_handler.py", line 42, in wrapped_app
    |     await app(scope, receive, sender)
    |   File "/home/ai_user/.hermes/hermes-agent/venv/lib/python3.11/site-packages/fastapi/routing.py", line 105, in app
    |     response = await f(request)
    |                ^^^^^^^^^^^^^^^^
    |   File "/home/ai_user/.hermes/hermes-agent/venv/lib/python3.11/site-packages/fastapi/routing.py", line 431, in app
    |     raw_response = await run_endpoint_function(
    |                    ^^^^^^^^^^^^^^^^^^^^^^^^^^^^
    |   File "/home/ai_user/.hermes/hermes-agent/venv/lib/python3.11/site-packages/fastapi/routing.py", line 313, in run_endpoint_function
    |     return await dependant.call(**values)
    |            ^^^^^^^^^^^^^^^^^^^^^^^^^^^^^^
    |   File "/home/ai_user/.hermes/hermes-agent/hermes_cli/web_server.py", line 9443, in get_skills
    |     from tools.skills_tool import _find_all_skills
    |   File "/home/ai_user/.hermes/hermes-agent/tools/skills_tool.py", line 82, in <module>
    |     from agent.skill_utils import (
    | ImportError: cannot import name 'is_skill_support_path' from 'agent.skill_utils' (/home/ai_user/.hermes/hermes-agent/agent/skill_utils.py)
    +------------------------------------

The above exception was the direct cause of the following exception:

Traceback (most recent call last):
  File "/home/ai_user/.hermes/hermes-agent/venv/lib/python3.11/site-packages/uvicorn/protocols/http/httptools_impl.py", line 416, in run_asgi
    result = await app(  # type: ignore[func-returns-value]
             ^^^^^^^^^^^^^^^^^^^^^^^^^^^^^^^^^^^^^^^^^^^^^^
  File "/home/ai_user/.hermes/hermes-agent/venv/lib/python3.11/site-packages/fastapi/applications.py", line 1160, in __call__
    await super().__call__(scope, receive, send)
  File "/home/ai_user/.hermes/hermes-agent/venv/lib/python3.11/site-packages/starlette/applications.py", line 90, in __call__
    await self.middleware_stack(scope, receive, send)
  File "/home/ai_user/.hermes/hermes-agent/venv/lib/python3.11/site-packages/starlette/middleware/errors.py", line 186, in __call__
    raise exc
  File "/home/ai_user/.hermes/hermes-agent/venv/lib/python3.11/site-packages/starlette/middleware/errors.py", line 164, in __call__
    await self.app(scope, receive, _send)
  File "/home/ai_user/.hermes/hermes-agent/venv/lib/python3.11/site-packages/starlette/middleware/base.py", line 191, in __call__
    with recv_stream, send_stream, collapse_excgroups():
  File "/home/ai_user/.local/share/uv/python/cpython-3.11.15-linux-x86_64-gnu/lib/python3.11/contextlib.py", line 158, in __exit__
    self.gen.throw(typ, value, traceback)
  File "/home/ai_user/.hermes/hermes-agent/venv/lib/python3.11/site-packages/starlette/_utils.py", line 87, in collapse_excgroups
    raise exc
  File "/home/ai_user/.hermes/hermes-agent/venv/lib/python3.11/site-packages/starlette/middleware/base.py", line 193, in __call__
    response = await self.dispatch_func(request, call_next)
               ^^^^^^^^^^^^^^^^^^^^^^^^^^^^^^^^^^^^^^^^^^^^
  File "/home/ai_user/.hermes/hermes-agent/hermes_cli/web_server.py", line 424, in auth_middleware
    return await call_next(request)
           ^^^^^^^^^^^^^^^^^^^^^^^^
  File "/home/ai_user/.hermes/hermes-agent/venv/lib/python3.11/site-packages/starlette/middleware/base.py", line 168, in call_next
    raise app_exc from app_exc.__cause__ or app_exc.__context__
  File "/home/ai_user/.hermes/hermes-agent/venv/lib/python3.11/site-packages/starlette/middleware/base.py", line 144, in coro
    await self.app(scope, receive_or_disconnect, send_no_error)
  File "/home/ai_user/.hermes/hermes-agent/venv/lib/python3.11/site-packages/starlette/middleware/base.py", line 191, in __call__
    with recv_stream, send_stream, collapse_excgroups():
  File "/home/ai_user/.local/share/uv/python/cpython-3.11.15-linux-x86_64-gnu/lib/python3.11/contextlib.py", line 158, in __exit__
    self.gen.throw(typ, value, traceback)
  File "/home/ai_user/.hermes/hermes-agent/venv/lib/python3.11/site-packages/starlette/_utils.py", line 87, in collapse_excgroups
    raise exc
  File "/home/ai_user/.hermes/hermes-agent/venv/lib/python3.11/site-packages/starlette/middleware/base.py", line 193, in __call__
    response = await self.dispatch_func(request, call_next)
               ^^^^^^^^^^^^^^^^^^^^^^^^^^^^^^^^^^^^^^^^^^^^
  File "/home/ai_user/.hermes/hermes-agent/hermes_cli/web_server.py", line 406, in _dashboard_auth_gate
    return await gated_auth_middleware(request, call_next)
           ^^^^^^^^^^^^^^^^^^^^^^^^^^^^^^^^^^^^^^^^^^^^^^^
  File "/home/ai_user/.hermes/hermes-agent/hermes_cli/dashboard_auth/middleware.py", line 182, in gated_auth_middleware
    return await call_next(request)
           ^^^^^^^^^^^^^^^^^^^^^^^^
  File "/home/ai_user/.hermes/hermes-agent/venv/lib/python3.11/site-packages/starlette/middleware/base.py", line 168, in call_next
    raise app_exc from app_exc.__cause__ or app_exc.__context__
  File "/home/ai_user/.hermes/hermes-agent/venv/lib/python3.11/site-packages/starlette/middleware/base.py", line 144, in coro
    await self.app(scope, receive_or_disconnect, send_no_error)
  File "/home/ai_user/.hermes/hermes-agent/venv/lib/python3.11/site-packages/starlette/middleware/base.py", line 191, in __call__
    with recv_stream, send_stream, collapse_excgroups():
  File "/home/ai_user/.local/share/uv/python/cpython-3.11.15-linux-x86_64-gnu/lib/python3.11/contextlib.py", line 158, in __exit__
    self.gen.throw(typ, value, traceback)
  File "/home/ai_user/.hermes/hermes-agent/venv/lib/python3.11/site-packages/starlette/_utils.py", line 87, in collapse_excgroups
    raise exc
  File "/home/ai_user/.hermes/hermes-agent/venv/lib/python3.11/site-packages/starlette/middleware/base.py", line 193, in __call__
    response = await self.dispatch_func(request, call_next)
               ^^^^^^^^^^^^^^^^^^^^^^^^^^^^^^^^^^^^^^^^^^^^
  File "/home/ai_user/.hermes/hermes-agent/hermes_cli/web_server.py", line 391, in host_header_middleware
    return await call_next(request)
           ^^^^^^^^^^^^^^^^^^^^^^^^
  File "/home/ai_user/.hermes/hermes-agent/venv/lib/python3.11/site-packages/starlette/middleware/base.py", line 168, in call_next
    raise app_exc from app_exc.__cause__ or app_exc.__context__
  File "/home/ai_user/.hermes/hermes-agent/venv/lib/python3.11/site-packages/starlette/middleware/base.py", line 144, in coro
    await self.app(scope, receive_or_disconnect, send_no_error)
  File "/home/ai_user/.hermes/hermes-agent/venv/lib/python3.11/site-packages/starlette/middleware/cors.py", line 88, in __call__
    await self.app(scope, receive, send)
  File "/home/ai_user/.hermes/hermes-agent/venv/lib/python3.11/site-packages/starlette/middleware/exceptions.py", line 63, in __call__
    await wrap_app_handling_exceptions(self.app, conn)(scope, receive, send)
  File "/home/ai_user/.hermes/hermes-agent/venv/lib/python3.11/site-packages/starlette/_exception_handler.py", line 53, in wrapped_app
    raise exc
  File "/home/ai_user/.hermes/hermes-agent/venv/lib/python3.11/site-packages/starlette/_exception_handler.py", line 42, in wrapped_app
    await app(scope, receive, sender)
  File "/home/ai_user/.hermes/hermes-agent/venv/lib/python3.11/site-packages/fastapi/middleware/asyncexitstack.py", line 18, in __call__
    await self.app(scope, receive, send)
  File "/home/ai_user/.hermes/hermes-agent/venv/lib/python3.11/site-packages/starlette/routing.py", line 660, in __call__
    await self.middleware_stack(scope, receive, send)
  File "/home/ai_user/.hermes/hermes-agent/venv/lib/python3.11/site-packages/starlette/routing.py", line 680, in app
    await route.handle(scope, receive, send)
  File "/home/ai_user/.hermes/hermes-agent/venv/lib/python3.11/site-packages/starlette/routing.py", line 276, in handle
    await self.app(scope, receive, send)
  File "/home/ai_user/.hermes/hermes-agent/venv/lib/python3.11/site-packages/fastapi/routing.py", line 119, in app
    await wrap_app_handling_exceptions(app, request)(scope, receive, send)
  File "/home/ai_user/.hermes/hermes-agent/venv/lib/python3.11/site-packages/starlette/_exception_handler.py", line 53, in wrapped_app
    raise exc
  File "/home/ai_user/.hermes/hermes-agent/venv/lib/python3.11/site-packages/starlette/_exception_handler.py", line 42, in wrapped_app
    await app(scope, receive, sender)
  File "/home/ai_user/.hermes/hermes-agent/venv/lib/python3.11/site-packages/fastapi/routing.py", line 105, in app
    response = await f(request)
               ^^^^^^^^^^^^^^^^
  File "/home/ai_user/.hermes/hermes-agent/venv/lib/python3.11/site-packages/fastapi/routing.py", line 431, in app
    raw_response = await run_endpoint_function(
                   ^^^^^^^^^^^^^^^^^^^^^^^^^^^^
  File "/home/ai_user/.hermes/hermes-agent/venv/lib/python3.11/site-packages/fastapi/routing.py", line 313, in run_endpoint_function
    return await dependant.call(**values)
           ^^^^^^^^^^^^^^^^^^^^^^^^^^^^^^
  File "/home/ai_user/.hermes/hermes-agent/hermes_cli/web_server.py", line 9443, in get_skills
    from tools.skills_tool import _find_all_skills
  File "/home/ai_user/.hermes/hermes-agent/tools/skills_tool.py", line 82, in <module>
    from agent.skill_utils import (
ImportError: cannot import name 'is_skill_support_path' from 'agent.skill_utils' (/home/ai_user/.hermes/hermes-agent/agent/skill_utils.py)
ERROR:    Exception in ASGI application
  + Exception Group Traceback (most recent call last):
  |   File "/home/ai_user/.hermes/hermes-agent/venv/lib/python3.11/site-packages/starlette/_utils.py", line 81, in collapse_excgroups
  |     yield
  |   File "/home/ai_user/.hermes/hermes-agent/venv/lib/python3.11/site-packages/starlette/middleware/base.py", line 192, in __call__
  |     async with anyio.create_task_group() as task_group:
  |   File "/home/ai_user/.hermes/hermes-agent/venv/lib/python3.11/site-packages/anyio/_backends/_asyncio.py", line 783, in __aexit__
  |     raise BaseExceptionGroup(
  | ExceptionGroup: unhandled errors in a TaskGroup (1 sub-exception)
  +-+---------------- 1 ----------------
    | Traceback (most recent call last):
    |   File "/home/ai_user/.hermes/hermes-agent/venv/lib/python3.11/site-packages/uvicorn/protocols/http/httptools_impl.py", line 416, in run_asgi
    |     result = await app(  # type: ignore[func-returns-value]
    |              ^^^^^^^^^^^^^^^^^^^^^^^^^^^^^^^^^^^^^^^^^^^^^^
    |   File "/home/ai_user/.hermes/hermes-agent/venv/lib/python3.11/site-packages/fastapi/applications.py", line 1160, in __call__
    |     await super().__call__(scope, receive, send)
    |   File "/home/ai_user/.hermes/hermes-agent/venv/lib/python3.11/site-packages/starlette/applications.py", line 90, in __call__
    |     await self.middleware_stack(scope, receive, send)
    |   File "/home/ai_user/.hermes/hermes-agent/venv/lib/python3.11/site-packages/starlette/middleware/errors.py", line 186, in __call__
    |     raise exc
    |   File "/home/ai_user/.hermes/hermes-agent/venv/lib/python3.11/site-packages/starlette/middleware/errors.py", line 164, in __call__
    |     await self.app(scope, receive, _send)
    |   File "/home/ai_user/.hermes/hermes-agent/venv/lib/python3.11/site-packages/starlette/middleware/base.py", line 191, in __call__
    |     with recv_stream, send_stream, collapse_excgroups():
    |   File "/home/ai_user/.local/share/uv/python/cpython-3.11.15-linux-x86_64-gnu/lib/python3.11/contextlib.py", line 158, in __exit__
    |     self.gen.throw(typ, value, traceback)
    |   File "/home/ai_user/.hermes/hermes-agent/venv/lib/python3.11/site-packages/starlette/_utils.py", line 87, in collapse_excgroups
    |     raise exc
    |   File "/home/ai_user/.hermes/hermes-agent/venv/lib/python3.11/site-packages/starlette/middleware/base.py", line 193, in __call__
    |     response = await self.dispatch_func(request, call_next)
    |                ^^^^^^^^^^^^^^^^^^^^^^^^^^^^^^^^^^^^^^^^^^^^
    |   File "/home/ai_user/.hermes/hermes-agent/hermes_cli/web_server.py", line 424, in auth_middleware
    |     return await call_next(request)
    |            ^^^^^^^^^^^^^^^^^^^^^^^^
    |   File "/home/ai_user/.hermes/hermes-agent/venv/lib/python3.11/site-packages/starlette/middleware/base.py", line 168, in call_next
    |     raise app_exc from app_exc.__cause__ or app_exc.__context__
    |   File "/home/ai_user/.hermes/hermes-agent/venv/lib/python3.11/site-packages/starlette/middleware/base.py", line 144, in coro
    |     await self.app(scope, receive_or_disconnect, send_no_error)
    |   File "/home/ai_user/.hermes/hermes-agent/venv/lib/python3.11/site-packages/starlette/middleware/base.py", line 191, in __call__
    |     with recv_stream, send_stream, collapse_excgroups():
    |   File "/home/ai_user/.local/share/uv/python/cpython-3.11.15-linux-x86_64-gnu/lib/python3.11/contextlib.py", line 158, in __exit__
    |     self.gen.throw(typ, value, traceback)
    |   File "/home/ai_user/.hermes/hermes-agent/venv/lib/python3.11/site-packages/starlette/_utils.py", line 87, in collapse_excgroups
    |     raise exc
    |   File "/home/ai_user/.hermes/hermes-agent/venv/lib/python3.11/site-packages/starlette/middleware/base.py", line 193, in __call__
    |     response = await self.dispatch_func(request, call_next)
    |                ^^^^^^^^^^^^^^^^^^^^^^^^^^^^^^^^^^^^^^^^^^^^
    |   File "/home/ai_user/.hermes/hermes-agent/hermes_cli/web_server.py", line 406, in _dashboard_auth_gate
    |     return await gated_auth_middleware(request, call_next)
    |            ^^^^^^^^^^^^^^^^^^^^^^^^^^^^^^^^^^^^^^^^^^^^^^^
    |   File "/home/ai_user/.hermes/hermes-agent/hermes_cli/dashboard_auth/middleware.py", line 182, in gated_auth_middleware
    |     return await call_next(request)
    |            ^^^^^^^^^^^^^^^^^^^^^^^^
    |   File "/home/ai_user/.hermes/hermes-agent/venv/lib/python3.11/site-packages/starlette/middleware/base.py", line 168, in call_next
    |     raise app_exc from app_exc.__cause__ or app_exc.__context__
    |   File "/home/ai_user/.hermes/hermes-agent/venv/lib/python3.11/site-packages/starlette/middleware/base.py", line 144, in coro
    |     await self.app(scope, receive_or_disconnect, send_no_error)
    |   File "/home/ai_user/.hermes/hermes-agent/venv/lib/python3.11/site-packages/starlette/middleware/base.py", line 191, in __call__
    |     with recv_stream, send_stream, collapse_excgroups():
    |   File "/home/ai_user/.local/share/uv/python/cpython-3.11.15-linux-x86_64-gnu/lib/python3.11/contextlib.py", line 158, in __exit__
    |     self.gen.throw(typ, value, traceback)
    |   File "/home/ai_user/.hermes/hermes-agent/venv/lib/python3.11/site-packages/starlette/_utils.py", line 87, in collapse_excgroups
    |     raise exc
    |   File "/home/ai_user/.hermes/hermes-agent/venv/lib/python3.11/site-packages/starlette/middleware/base.py", line 193, in __call__
    |     response = await self.dispatch_func(request, call_next)
    |                ^^^^^^^^^^^^^^^^^^^^^^^^^^^^^^^^^^^^^^^^^^^^
    |   File "/home/ai_user/.hermes/hermes-agent/hermes_cli/web_server.py", line 391, in host_header_middleware
    |     return await call_next(request)
    |            ^^^^^^^^^^^^^^^^^^^^^^^^
    |   File "/home/ai_user/.hermes/hermes-agent/venv/lib/python3.11/site-packages/starlette/middleware/base.py", line 168, in call_next
    |     raise app_exc from app_exc.__cause__ or app_exc.__context__
    |   File "/home/ai_user/.hermes/hermes-agent/venv/lib/python3.11/site-packages/starlette/middleware/base.py", line 144, in coro
    |     await self.app(scope, receive_or_disconnect, send_no_error)
    |   File "/home/ai_user/.hermes/hermes-agent/venv/lib/python3.11/site-packages/starlette/middleware/cors.py", line 88, in __call__
    |     await self.app(scope, receive, send)
    |   File "/home/ai_user/.hermes/hermes-agent/venv/lib/python3.11/site-packages/starlette/middleware/exceptions.py", line 63, in __call__
    |     await wrap_app_handling_exceptions(self.app, conn)(scope, receive, send)
    |   File "/home/ai_user/.hermes/hermes-agent/venv/lib/python3.11/site-packages/starlette/_exception_handler.py", line 53, in wrapped_app
    |     raise exc
    |   File "/home/ai_user/.hermes/hermes-agent/venv/lib/python3.11/site-packages/starlette/_exception_handler.py", line 42, in wrapped_app
    |     await app(scope, receive, sender)
    |   File "/home/ai_user/.hermes/hermes-agent/venv/lib/python3.11/site-packages/fastapi/middleware/asyncexitstack.py", line 18, in __call__
    |     await self.app(scope, receive, send)
    |   File "/home/ai_user/.hermes/hermes-agent/venv/lib/python3.11/site-packages/starlette/routing.py", line 660, in __call__
    |     await self.middleware_stack(scope, receive, send)
    |   File "/home/ai_user/.hermes/hermes-agent/venv/lib/python3.11/site-packages/starlette/routing.py", line 680, in app
    |     await route.handle(scope, receive, send)
    |   File "/home/ai_user/.hermes/hermes-agent/venv/lib/python3.11/site-packages/starlette/routing.py", line 276, in handle
    |     await self.app(scope, receive, send)
    |   File "/home/ai_user/.hermes/hermes-agent/venv/lib/python3.11/site-packages/fastapi/routing.py", line 119, in app
    |     await wrap_app_handling_exceptions(app, request)(scope, receive, send)
    |   File "/home/ai_user/.hermes/hermes-agent/venv/lib/python3.11/site-packages/starlette/_exception_handler.py", line 53, in wrapped_app
    |     raise exc
    |   File "/home/ai_user/.hermes/hermes-agent/venv/lib/python3.11/site-packages/starlette/_exception_handler.py", line 42, in wrapped_app
    |     await app(scope, receive, sender)
    |   File "/home/ai_user/.hermes/hermes-agent/venv/lib/python3.11/site-packages/fastapi/routing.py", line 105, in app
    |     response = await f(request)
    |                ^^^^^^^^^^^^^^^^
    |   File "/home/ai_user/.hermes/hermes-agent/venv/lib/python3.11/site-packages/fastapi/routing.py", line 431, in app
    |     raw_response = await run_endpoint_function(
    |                    ^^^^^^^^^^^^^^^^^^^^^^^^^^^^
    |   File "/home/ai_user/.hermes/hermes-agent/venv/lib/python3.11/site-packages/fastapi/routing.py", line 313, in run_endpoint_function
    |     return await dependant.call(**values)
    |            ^^^^^^^^^^^^^^^^^^^^^^^^^^^^^^
    |   File "/home/ai_user/.hermes/hermes-agent/hermes_cli/web_server.py", line 9557, in get_toolsets
    |     with _profile_scope(profile):
    |   File "/home/ai_user/.local/share/uv/python/cpython-3.11.15-linux-x86_64-gnu/lib/python3.11/contextlib.py", line 137, in __enter__
    |     return next(self.gen)
    |            ^^^^^^^^^^^^^^
    |   File "/home/ai_user/.hermes/hermes-agent/hermes_cli/web_server.py", line 9405, in _profile_scope
    |     from tools import skills_tool as _skills_tool
    |   File "/home/ai_user/.hermes/hermes-agent/tools/skills_tool.py", line 82, in <module>
    |     from agent.skill_utils import (
    | ImportError: cannot import name 'is_skill_support_path' from 'agent.skill_utils' (/home/ai_user/.hermes/hermes-agent/agent/skill_utils.py)
    +------------------------------------

The above exception was the direct cause of the following exception:

Traceback (most recent call last):
  File "/home/ai_user/.hermes/hermes-agent/venv/lib/python3.11/site-packages/uvicorn/protocols/http/httptools_impl.py", line 416, in run_asgi
    result = await app(  # type: ignore[func-returns-value]
             ^^^^^^^^^^^^^^^^^^^^^^^^^^^^^^^^^^^^^^^^^^^^^^
  File "/home/ai_user/.hermes/hermes-agent/venv/lib/python3.11/site-packages/fastapi/applications.py", line 1160, in __call__
    await super().__call__(scope, receive, send)
  File "/home/ai_user/.hermes/hermes-agent/venv/lib/python3.11/site-packages/starlette/applications.py", line 90, in __call__
    await self.middleware_stack(scope, receive, send)
  File "/home/ai_user/.hermes/hermes-agent/venv/lib/python3.11/site-packages/starlette/middleware/errors.py", line 186, in __call__
    raise exc
  File "/home/ai_user/.hermes/hermes-agent/venv/lib/python3.11/site-packages/starlette/middleware/errors.py", line 164, in __call__
    await self.app(scope, receive, _send)
  File "/home/ai_user/.hermes/hermes-agent/venv/lib/python3.11/site-packages/starlette/middleware/base.py", line 191, in __call__
    with recv_stream, send_stream, collapse_excgroups():
  File "/home/ai_user/.local/share/uv/python/cpython-3.11.15-linux-x86_64-gnu/lib/python3.11/contextlib.py", line 158, in __exit__
    self.gen.throw(typ, value, traceback)
  File "/home/ai_user/.hermes/hermes-agent/venv/lib/python3.11/site-packages/starlette/_utils.py", line 87, in collapse_excgroups
    raise exc
  File "/home/ai_user/.hermes/hermes-agent/venv/lib/python3.11/site-packages/starlette/middleware/base.py", line 193, in __call__
    response = await self.dispatch_func(request, call_next)
               ^^^^^^^^^^^^^^^^^^^^^^^^^^^^^^^^^^^^^^^^^^^^
  File "/home/ai_user/.hermes/hermes-agent/hermes_cli/web_server.py", line 424, in auth_middleware
    return await call_next(request)
           ^^^^^^^^^^^^^^^^^^^^^^^^
  File "/home/ai_user/.hermes/hermes-agent/venv/lib/python3.11/site-packages/starlette/middleware/base.py", line 168, in call_next
    raise app_exc from app_exc.__cause__ or app_exc.__context__
  File "/home/ai_user/.hermes/hermes-agent/venv/lib/python3.11/site-packages/starlette/middleware/base.py", line 144, in coro
    await self.app(scope, receive_or_disconnect, send_no_error)
  File "/home/ai_user/.hermes/hermes-agent/venv/lib/python3.11/site-packages/starlette/middleware/base.py", line 191, in __call__
    with recv_stream, send_stream, collapse_excgroups():
  File "/home/ai_user/.local/share/uv/python/cpython-3.11.15-linux-x86_64-gnu/lib/python3.11/contextlib.py", line 158, in __exit__
    self.gen.throw(typ, value, traceback)
  File "/home/ai_user/.hermes/hermes-agent/venv/lib/python3.11/site-packages/starlette/_utils.py", line 87, in collapse_excgroups
    raise exc
  File "/home/ai_user/.hermes/hermes-agent/venv/lib/python3.11/site-packages/starlette/middleware/base.py", line 193, in __call__
    response = await self.dispatch_func(request, call_next)
               ^^^^^^^^^^^^^^^^^^^^^^^^^^^^^^^^^^^^^^^^^^^^
  File "/home/ai_user/.hermes/hermes-agent/hermes_cli/web_server.py", line 406, in _dashboard_auth_gate
    return await gated_auth_middleware(request, call_next)
           ^^^^^^^^^^^^^^^^^^^^^^^^^^^^^^^^^^^^^^^^^^^^^^^
  File "/home/ai_user/.hermes/hermes-agent/hermes_cli/dashboard_auth/middleware.py", line 182, in gated_auth_middleware
    return await call_next(request)
           ^^^^^^^^^^^^^^^^^^^^^^^^
  File "/home/ai_user/.hermes/hermes-agent/venv/lib/python3.11/site-packages/starlette/middleware/base.py", line 168, in call_next
    raise app_exc from app_exc.__cause__ or app_exc.__context__
  File "/home/ai_user/.hermes/hermes-agent/venv/lib/python3.11/site-packages/starlette/middleware/base.py", line 144, in coro
    await self.app(scope, receive_or_disconnect, send_no_error)
  File "/home/ai_user/.hermes/hermes-agent/venv/lib/python3.11/site-packages/starlette/middleware/base.py", line 191, in __call__
    with recv_stream, send_stream, collapse_excgroups():
  File "/home/ai_user/.local/share/uv/python/cpython-3.11.15-linux-x86_64-gnu/lib/python3.11/contextlib.py", line 158, in __exit__
    self.gen.throw(typ, value, traceback)
  File "/home/ai_user/.hermes/hermes-agent/venv/lib/python3.11/site-packages/starlette/_utils.py", line 87, in collapse_excgroups
    raise exc
  File "/home/ai_user/.hermes/hermes-agent/venv/lib/python3.11/site-packages/starlette/middleware/base.py", line 193, in __call__
    response = await self.dispatch_func(request, call_next)
               ^^^^^^^^^^^^^^^^^^^^^^^^^^^^^^^^^^^^^^^^^^^^
  File "/home/ai_user/.hermes/hermes-agent/hermes_cli/web_server.py", line 391, in host_header_middleware
    return await call_next(request)
           ^^^^^^^^^^^^^^^^^^^^^^^^
  File "/home/ai_user/.hermes/hermes-agent/venv/lib/python3.11/site-packages/starlette/middleware/base.py", line 168, in call_next
    raise app_exc from app_exc.__cause__ or app_exc.__context__
  File "/home/ai_user/.hermes/hermes-agent/venv/lib/python3.11/site-packages/starlette/middleware/base.py", line 144, in coro
    await self.app(scope, receive_or_disconnect, send_no_error)
  File "/home/ai_user/.hermes/hermes-agent/venv/lib/python3.11/site-packages/starlette/middleware/cors.py", line 88, in __call__
    await self.app(scope, receive, send)
  File "/home/ai_user/.hermes/hermes-agent/venv/lib/python3.11/site-packages/starlette/middleware/exceptions.py", line 63, in __call__
    await wrap_app_handling_exceptions(self.app, conn)(scope, receive, send)
  File "/home/ai_user/.hermes/hermes-agent/venv/lib/python3.11/site-packages/starlette/_exception_handler.py", line 53, in wrapped_app
    raise exc
  File "/home/ai_user/.hermes/hermes-agent/venv/lib/python3.11/site-packages/starlette/_exception_handler.py", line 42, in wrapped_app
    await app(scope, receive, sender)
  File "/home/ai_user/.hermes/hermes-agent/venv/lib/python3.11/site-packages/fastapi/middleware/asyncexitstack.py", line 18, in __call__
    await self.app(scope, receive, send)
  File "/home/ai_user/.hermes/hermes-agent/venv/lib/python3.11/site-packages/starlette/routing.py", line 660, in __call__
    await self.middleware_stack(scope, receive, send)
  File "/home/ai_user/.hermes/hermes-agent/venv/lib/python3.11/site-packages/starlette/routing.py", line 680, in app
    await route.handle(scope, receive, send)
  File "/home/ai_user/.hermes/hermes-agent/venv/lib/python3.11/site-packages/starlette/routing.py", line 276, in handle
    await self.app(scope, receive, send)
  File "/home/ai_user/.hermes/hermes-agent/venv/lib/python3.11/site-packages/fastapi/routing.py", line 119, in app
    await wrap_app_handling_exceptions(app, request)(scope, receive, send)
  File "/home/ai_user/.hermes/hermes-agent/venv/lib/python3.11/site-packages/starlette/_exception_handler.py", line 53, in wrapped_app
    raise exc
  File "/home/ai_user/.hermes/hermes-agent/venv/lib/python3.11/site-packages/starlette/_exception_handler.py", line 42, in wrapped_app
    await app(scope, receive, sender)
  File "/home/ai_user/.hermes/hermes-agent/venv/lib/python3.11/site-packages/fastapi/routing.py", line 105, in app
    response = await f(request)
               ^^^^^^^^^^^^^^^^
  File "/home/ai_user/.hermes/hermes-agent/venv/lib/python3.11/site-packages/fastapi/routing.py", line 431, in app
    raw_response = await run_endpoint_function(
                   ^^^^^^^^^^^^^^^^^^^^^^^^^^^^
  File "/home/ai_user/.hermes/hermes-agent/venv/lib/python3.11/site-packages/fastapi/routing.py", line 313, in run_endpoint_function
    return await dependant.call(**values)
           ^^^^^^^^^^^^^^^^^^^^^^^^^^^^^^
  File "/home/ai_user/.hermes/hermes-agent/hermes_cli/web_server.py", line 9557, in get_toolsets
    with _profile_scope(profile):
  File "/home/ai_user/.local/share/uv/python/cpython-3.11.15-linux-x86_64-gnu/lib/python3.11/contextlib.py", line 137, in __enter__
    return next(self.gen)
           ^^^^^^^^^^^^^^
  File "/home/ai_user/.hermes/hermes-agent/hermes_cli/web_server.py", line 9405, in _profile_scope
    from tools import skills_tool as _skills_tool
  File "/home/ai_user/.hermes/hermes-agent/tools/skills_tool.py", line 82, in <module>
    from agent.skill_utils import (
ImportError: cannot import name 'is_skill_support_path' from 'agent.skill_utils' (/home/ai_user/.hermes/hermes-agent/agent/skill_utils.py)
→ Building web UI...
    
    > web@0.0.0 build
    > tsc -b && vite build
    
    vite v8.0.16 building client environment for production...
    [2K
    transforming...✓ 2127 modules transformed.
    rendering chunks...
    computing gzip size...
    ../hermes_cli/web_dist/index.html                                         0.51 kB │ gzip:   0.32 kB
    ../hermes_cli/web_dist/assets/Mondwest-Regular-CWscgue7.woff2            23.82 kB
    ../hermes_cli/web_dist/assets/RulesExpanded-Regular-l8uVympt.woff2       33.82 kB
    ../hermes_cli/web_dist/assets/RulesExpanded-Bold-DZA7s8Pa.woff2          35.01 kB
    ../hermes_cli/web_dist/assets/RulesCompressed-Regular-BSXFyF4x.woff2     37.76 kB
    ../hermes_cli/web_dist/assets/RulesCompressed-Medium-CA76_CrB.woff2      38.84 kB
    ../hermes_cli/web_dist/assets/Collapse-Bold-mgICk9-_.woff2               59.14 kB
    ../hermes_cli/web_dist/assets/Collapse-Regular-DysayoTY.woff2            62.81 kB
    ../hermes_cli/web_dist/assets/filler-bg0-DxMaWJpb.webp                  185.27 kB
    ../hermes_cli/web_dist/assets/index-iCkz8vHc.css                        111.33 kB │ gzip:  17.68 kB
    ../hermes_cli/web_dist/assets/index-Cf_F7UMt.js                       1,892.25 kB │ gzip: 538.36 kB
    
    ✓ built in 596ms
    [plugin builtin:vite-reporter]
    (!) Some chunks are larger than 500 kB after minification. Consider:
    - Using dynamic import() to code-split the application
    - Use build.rolldownOptions.output.codeSplitting to improve chunking: https://rolldown.rs/reference/OutputOptions.codeSplitting
    - Adjust chunk size limit for this warning via build.chunkSizeWarningLimit.
  ✓ Web UI built
HERMES_DASHBOARD_READY port=9119
Installing TUI dependencies…
→ Building web UI...
    
    > web@0.0.0 build
    > tsc -b && vite build
    
    vite v8.0.16 building client environment for production...
    [2K
    transforming...✓ 2127 modules transformed.
    rendering chunks...
    computing gzip size...
    ../hermes_cli/web_dist/index.html                                         0.51 kB │ gzip:   0.32 kB
    ../hermes_cli/web_dist/assets/Mondwest-Regular-CWscgue7.woff2            23.82 kB
    ../hermes_cli/web_dist/assets/RulesExpanded-Regular-l8uVympt.woff2       33.82 kB
    ../hermes_cli/web_dist/assets/RulesExpanded-Bold-DZA7s8Pa.woff2          35.01 kB
    ../hermes_cli/web_dist/assets/RulesCompressed-Regular-BSXFyF4x.woff2     37.76 kB
    ../hermes_cli/web_dist/assets/RulesCompressed-Medium-CA76_CrB.woff2      38.84 kB
    ../hermes_cli/web_dist/assets/Collapse-Bold-mgICk9-_.woff2               59.14 kB
    ../hermes_cli/web_dist/assets/Collapse-Regular-DysayoTY.woff2            62.81 kB
    ../hermes_cli/web_dist/assets/filler-bg0-DxMaWJpb.webp                  185.27 kB
    ../hermes_cli/web_dist/assets/index-iCkz8vHc.css                        111.33 kB │ gzip:  17.68 kB
    ../hermes_cli/web_dist/assets/index-Cf_F7UMt.js                       1,892.25 kB │ gzip: 538.36 kB
    
    ✓ built in 941ms
    [plugin builtin:vite-reporter]
    (!) Some chunks are larger than 500 kB after minification. Consider:
    - Using dynamic import() to code-split the application
    - Use build.rolldownOptions.output.codeSplitting to improve chunking: https://rolldown.rs/reference/OutputOptions.codeSplitting
    - Adjust chunk size limit for this warning via build.chunkSizeWarningLimit.
  ✓ Web UI built
HERMES_DASHBOARD_READY port=9119
→ Building web UI...
    
    > web@0.0.0 build
    > tsc -b && vite build
    
    vite v8.0.16 building client environment for production...
    [2K
    transforming...✓ 2127 modules transformed.
    rendering chunks...
    computing gzip size...
    ../hermes_cli/web_dist/index.html                                         0.51 kB │ gzip:   0.32 kB
    ../hermes_cli/web_dist/assets/Mondwest-Regular-CWscgue7.woff2            23.82 kB
    ../hermes_cli/web_dist/assets/RulesExpanded-Regular-l8uVympt.woff2       33.82 kB
    ../hermes_cli/web_dist/assets/RulesExpanded-Bold-DZA7s8Pa.woff2          35.01 kB
    ../hermes_cli/web_dist/assets/RulesCompressed-Regular-BSXFyF4x.woff2     37.76 kB
    ../hermes_cli/web_dist/assets/RulesCompressed-Medium-CA76_CrB.woff2      38.84 kB
    ../hermes_cli/web_dist/assets/Collapse-Bold-mgICk9-_.woff2               59.14 kB
    ../hermes_cli/web_dist/assets/Collapse-Regular-DysayoTY.woff2            62.81 kB
    ../hermes_cli/web_dist/assets/filler-bg0-DxMaWJpb.webp                  185.27 kB
    ../hermes_cli/web_dist/assets/index-iCkz8vHc.css                        111.33 kB │ gzip:  17.68 kB
    ../hermes_cli/web_dist/assets/index-Cf_F7UMt.js                       1,892.25 kB │ gzip: 538.36 kB
    
    ✓ built in 631ms
    [plugin builtin:vite-reporter]
    (!) Some chunks are larger than 500 kB after minification. Consider:
    - Using dynamic import() to code-split the application
    - Use build.rolldownOptions.output.codeSplitting to improve chunking: https://rolldown.rs/reference/OutputOptions.codeSplitting
    - Adjust chunk size limit for this warning via build.chunkSizeWarningLimit.
  ✓ Web UI built
HERMES_DASHBOARD_READY port=9119
HERMES_DASHBOARD_READY port=9119
HERMES_DASHBOARD_READY port=9119
Installing TUI dependencies…
  💾 Self-improvement review: Patched SKILL.md in skill 'agentmemory-clean-sessions' (1 replacement). · Patched SKILL.md in skill 'hermes-devops-umbrella' (1 replacement).
  💾 Self-improvement review: Patched SKILL.md in skill 'hermes-devops-umbrella' (1 replacement). · Patched SKILL.md in skill 'context-budget' (1 replacement).
→ Building web UI...
    
    > web@0.0.0 build
    > tsc -b && vite build
    
    vite v8.0.16 building client environment for production...
    [2K
    transforming...✓ 2127 modules transformed.
    rendering chunks...
    computing gzip size...
    ../hermes_cli/web_dist/index.html                                         0.51 kB │ gzip:   0.31 kB
    ../hermes_cli/web_dist/assets/Mondwest-Regular-CWscgue7.woff2            23.82 kB
    ../hermes_cli/web_dist/assets/RulesExpanded-Regular-l8uVympt.woff2       33.82 kB
    ../hermes_cli/web_dist/assets/RulesExpanded-Bold-DZA7s8Pa.woff2          35.01 kB
    ../hermes_cli/web_dist/assets/RulesCompressed-Regular-BSXFyF4x.woff2     37.76 kB
    ../hermes_cli/web_dist/assets/RulesCompressed-Medium-CA76_CrB.woff2      38.84 kB
    ../hermes_cli/web_dist/assets/Collapse-Bold-mgICk9-_.woff2               59.14 kB
    ../hermes_cli/web_dist/assets/Collapse-Regular-DysayoTY.woff2            62.81 kB
    ../hermes_cli/web_dist/assets/filler-bg0-DxMaWJpb.webp                  185.27 kB
    ../hermes_cli/web_dist/assets/index-iCkz8vHc.css                        111.33 kB │ gzip:  17.68 kB
    ../hermes_cli/web_dist/assets/index-B1rLnUpw.js                       1,892.56 kB │ gzip: 538.42 kB
    
    ✓ built in 1.21s
    [plugin builtin:vite-reporter]
    (!) Some chunks are larger than 500 kB after minification. Consider:
    - Using dynamic import() to code-split the application
    - Use build.rolldownOptions.output.codeSplitting to improve chunking: https://rolldown.rs/reference/OutputOptions.codeSplitting
    - Adjust chunk size limit for this warning via build.chunkSizeWarningLimit.
  ✓ Web UI built
HERMES_DASHBOARD_READY port=9119
HERMES_DASHBOARD_READY port=9119
HERMES_DASHBOARD_READY port=9119
HERMES_DASHBOARD_READY port=9119
Installing TUI dependencies…
  Hermes Web UI → http://127.0.0.1:9119
{"jsonrpc": "2.0", "method": "event", "params": {"type": "session.info", "session_id": "e727a655", "payload": {"model": "mimo-v2.5", "provider": "xiaomi", "reasoning_effort": "high", "service_tier": "", "fast": false, "yolo": false, "tools": {"browser": ["browser_back", "browser_click", "browser_console", "browser_get_images", "browser_navigate", "browser_press", "browser_scroll", "browser_snapshot", "browser_type", "browser_vision"], "clarify": ["clarify"], "cronjob": ["cronjob"], "curator-evolver": ["curator_evidence_report"], "delegation": ["delegate_task"], "code_execution": ["execute_code"], "mcp-agentmemory": ["mcp_agentmemory_memory_action_create", "mcp_agentmemory_memory_action_update", "mcp_agentmemory_memory_audit", "mcp_agentmemory_memory_checkpoint", "mcp_agentmemory_memory_claude_bridge_sync", "mcp_agentmemory_memory_commit_lookup", "mcp_agentmemory_memory_commits", "mcp_agentmemory_memory_compress_file", "mcp_agentmemory_memory_consolidate", "mcp_agentmemory_memory_crystallize", "mcp_agentmemory_memory_diagnose", "mcp_agentmemory_memory_export", "mcp_agentmemory_memory_facet_query", "mcp_agentmemory_memory_facet_tag", "mcp_agentmemory_memory_file_history", "mcp_agentmemory_memory_frontier", "mcp_agentmemory_memory_governance_delete", "mcp_agentmemory_memory_graph_query", "mcp_agentmemory_memory_heal", "mcp_agentmemory_memory_insight_list", "mcp_agentmemory_memory_lease", "mcp_agentmemory_memory_lesson_recall", "mcp_agentmemory_memory_lesson_save", "mcp_agentmemory_memory_mesh_sync", "mcp_agentmemory_memory_next", "mcp_agentmemory_memory_obsidian_export", "mcp_agentmemory_memory_patterns", "mcp_agentmemory_memory_profile", "mcp_agentmemory_memory_recall", "mcp_agentmemory_memory_reflect", "mcp_agentmemory_memory_relations", "mcp_agentmemory_memory_routine_run", "mcp_agentmemory_memory_save", "mcp_agentmemory_memory_sentinel_create", "mcp_agentmemory_memory_sentinel_trigger", "mcp_agentmemory_memory_sessions", "mcp_agentmemory_memory_signal_read", "mcp_agentmemory_memory_signal_send", "mcp_agentmemory_memory_sketch_create", "mcp_agentmemory_memory_sketch_promote", "mcp_agentmemory_memory_slot_append", "mcp_agentmemory_memory_slot_create", "mcp_agentmemory_memory_slot_delete", "mcp_agentmemory_memory_slot_get", "mcp_agentmemory_memory_slot_list", "mcp_agentmemory_memory_slot_replace", "mcp_agentmemory_memory_smart_search", "mcp_agentmemory_memory_snapshot_create", "mcp_agentmemory_memory_team_feed", "mcp_agentmemory_memory_team_share", "mcp_agentmemory_memory_timeline", "mcp_agentmemory_memory_verify", "mcp_agentmemory_memory_vision_search"], "mcp-headroom": ["mcp_headroom_headroom_compress", "mcp_headroom_headroom_retrieve", "mcp_headroom_headroom_stats"], "memory": ["memory"], "moa": ["mixture_of_agents"], "file": ["patch", "read_file", "search_files", "write_file"], "terminal": ["process", "terminal"], "session_search": ["session_search"], "skills": ["skill_manage", "skill_view", "skills_list"], "tts": ["text_to_speech"], "todo": ["todo"], "vision": ["vision_analyze"], "web": ["web_extract", "web_search"], "other": ["memory_recall", "memory_save", "memory_search"]}, "skills": {"general": ["add-deadline", "creative-umbrella", "csv-parsing", "data-analysis", "database-operations", "debugging-umbrella", "dispatching-parallel-agents", "end-of-day", "git-operations", "github", "graphify", "harness", "hermes-devops", "hermes-dojo", "json-formatting", "media-umbrella", "mlops-umbrella", "ponytail-audit", "ponytail-debt", "ponytail-review", "ponytail", "productivity-umbrella", "project-workflow", "read-file", "rebuild-schedule", "research-assistant", "research-umbrella", "search-files", "skill-manage", "skill-view", "terminal-run", "terminal", "todo", "web-extract", "write-file"], "agent-improvement": ["agent-self-debug", "strategic-compact"], "autonomous-ai-agents": ["hermes-agent"], "devops": ["agentmemory-clean-sessions", "webhook-subscriptions"], "email": ["himalaya"], "github": ["github-code-review"], "mcp": ["native-mcp"], "meta": ["context-budget", "Skill Factory", "skill-router", "tools-router"], "note-taking": ["obsidian"], "productivity": ["google-workspace"], "project-workflow": ["daily-brief"], "software-development": ["debugging-hermes-tui-commands", "hermes-agent-skill-authoring"]}, "cwd": "/workspace", "branch": "", "personality": "kawaii", "running": false, "desktop_contract": 2, "version": "0.16.0", "release_date": "2026.6.5", "update_behind": 30, "update_command": "hermes update", "usage": {"model": "mimo-v2.5", "input": 0, "output": 0, "cache_read": 0, "cache_write": 0, "reasoning": 0, "prompt": 0, "completion": 0, "total": 0, "calls": 0, "context_used": 0, "context_max": 1048576, "context_percent": 0, "compressions": 0, "cost_status": "unknown"}, "profile_name": "default", "mcp_servers": [{"name": "agentmemory", "transport": "stdio", "tools": 53, "connected": true, "disabled": false, "status": "connected", "sampling": {"requests": 0, "errors": 0, "tokens_used": 0, "tool_use_count": 0}}, {"name": "codegraph", "transport": "stdio", "tools": 0, "connected": true, "disabled": false, "status": "connected", "sampling": {"requests": 0, "errors": 0, "tokens_used": 0, "tool_use_count": 0}}, {"name": "headroom", "transport": "stdio", "tools": 3, "connected": true, "disabled": false, "status": "connected", "sampling": {"requests": 0, "errors": 0, "tokens_used": 0, "tool_use_count": 0}}], "system_prompt": "", "config_warning": "config.yaml has empty section(s): `context_file_max_chars`, `max_concurrent_sessions`. Remove the line(s) or set them to `{}` — empty sections silently drop nested settings."}}}
→ Building web UI...
    
    > web@0.0.0 build
    > tsc -b && vite build
    
    vite v8.0.16 building client environment for production...
    [2K
    transforming...✓ 2127 modules transformed.
    rendering chunks...
    computing gzip size...
    ../hermes_cli/web_dist/index.html                                         0.51 kB │ gzip:   0.31 kB
    ../hermes_cli/web_dist/assets/Mondwest-Regular-CWscgue7.woff2            23.82 kB
    ../hermes_cli/web_dist/assets/RulesExpanded-Regular-l8uVympt.woff2       33.82 kB
    ../hermes_cli/web_dist/assets/RulesExpanded-Bold-DZA7s8Pa.woff2          35.01 kB
    ../hermes_cli/web_dist/assets/RulesCompressed-Regular-BSXFyF4x.woff2     37.76 kB
    ../hermes_cli/web_dist/assets/RulesCompressed-Medium-CA76_CrB.woff2      38.84 kB
    ../hermes_cli/web_dist/assets/Collapse-Bold-mgICk9-_.woff2               59.14 kB
    ../hermes_cli/web_dist/assets/Collapse-Regular-DysayoTY.woff2            62.81 kB
    ../hermes_cli/web_dist/assets/filler-bg0-DxMaWJpb.webp                  185.27 kB
    ../hermes_cli/web_dist/assets/index-DlSFkve0.css                        111.50 kB │ gzip:  17.71 kB
    ../hermes_cli/web_dist/assets/index-DEbbDkIx.js                       1,892.80 kB │ gzip: 538.45 kB
    
    ✓ built in 588ms
    [plugin builtin:vite-reporter]
    (!) Some chunks are larger than 500 kB after minification. Consider:
    - Using dynamic import() to code-split the application
    - Use build.rolldownOptions.output.codeSplitting to improve chunking: https://rolldown.rs/reference/OutputOptions.codeSplitting
    - Adjust chunk size limit for this warning via build.chunkSizeWarningLimit.
  ✓ Web UI built
HERMES_DASHBOARD_READY port=9119
Installing TUI dependencies…
→ Building web UI...
    
    > web@0.0.0 build
    > tsc -b && vite build
    
    vite v8.0.16 building client environment for production...
    [2K
    transforming...✓ 2127 modules transformed.
    rendering chunks...
    computing gzip size...
    ../hermes_cli/web_dist/index.html                                         0.51 kB │ gzip:   0.31 kB
    ../hermes_cli/web_dist/assets/Mondwest-Regular-CWscgue7.woff2            23.82 kB
    ../hermes_cli/web_dist/assets/RulesExpanded-Regular-l8uVympt.woff2       33.82 kB
    ../hermes_cli/web_dist/assets/RulesExpanded-Bold-DZA7s8Pa.woff2          35.01 kB
    ../hermes_cli/web_dist/assets/RulesCompressed-Regular-BSXFyF4x.woff2     37.76 kB
    ../hermes_cli/web_dist/assets/RulesCompressed-Medium-CA76_CrB.woff2      38.84 kB
    ../hermes_cli/web_dist/assets/Collapse-Bold-mgICk9-_.woff2               59.14 kB
    ../hermes_cli/web_dist/assets/Collapse-Regular-DysayoTY.woff2            62.81 kB
    ../hermes_cli/web_dist/assets/filler-bg0-DxMaWJpb.webp                  185.27 kB
    ../hermes_cli/web_dist/assets/index-DlSFkve0.css                        111.50 kB │ gzip:  17.71 kB
    ../hermes_cli/web_dist/assets/index-DEbbDkIx.js                       1,892.80 kB │ gzip: 538.45 kB
    
    ✓ built in 656ms
    [plugin builtin:vite-reporter]
    (!) Some chunks are larger than 500 kB after minification. Consider:
    - Using dynamic import() to code-split the application
    - Use build.rolldownOptions.output.codeSplitting to improve chunking: https://rolldown.rs/reference/OutputOptions.codeSplitting
    - Adjust chunk size limit for this warning via build.chunkSizeWarningLimit.
  ✓ Web UI built
HERMES_DASHBOARD_READY port=9119
HERMES_DASHBOARD_READY port=9119
HERMES_DASHBOARD_READY port=9119
HERMES_DASHBOARD_READY port=9119
Installing TUI dependencies…
npm install failed.
npm install failed.
npm install failed.
npm install failed.
→ Building web UI...
    
    > web@0.0.0 build
    > tsc -b && vite build
    
    vite v8.0.16 building client environment for production...
    [2K
    transforming...✓ 2127 modules transformed.
    rendering chunks...
    computing gzip size...
    ../hermes_cli/web_dist/index.html                                         0.51 kB │ gzip:   0.32 kB
    ../hermes_cli/web_dist/assets/Mondwest-Regular-CWscgue7.woff2            23.82 kB
    ../hermes_cli/web_dist/assets/RulesExpanded-Regular-l8uVympt.woff2       33.82 kB
    ../hermes_cli/web_dist/assets/RulesExpanded-Bold-DZA7s8Pa.woff2          35.01 kB
    ../hermes_cli/web_dist/assets/RulesCompressed-Regular-BSXFyF4x.woff2     37.76 kB
    ../hermes_cli/web_dist/assets/RulesCompressed-Medium-CA76_CrB.woff2      38.84 kB
    ../hermes_cli/web_dist/assets/Collapse-Bold-mgICk9-_.woff2               59.14 kB
    ../hermes_cli/web_dist/assets/Collapse-Regular-DysayoTY.woff2            62.81 kB
    ../hermes_cli/web_dist/assets/filler-bg0-DxMaWJpb.webp                  185.27 kB
    ../hermes_cli/web_dist/assets/index-DJxmcHRv.css                        111.60 kB │ gzip:  17.73 kB
    ../hermes_cli/web_dist/assets/index-DqP06m2P.js                       1,894.58 kB │ gzip: 538.80 kB
    
    [plugin builtin:vite-reporter]
    (!) Some chunks are larger than 500 kB after minification. Consider:
    - Using dynamic import() to code-split the application
    - Use build.rolldownOptions.output.codeSplitting to improve chunking: https://rolldown.rs/reference/OutputOptions.codeSplitting
    - Adjust chunk size limit for this warning via build.chunkSizeWarningLimit.
    ✓ built in 565ms
  ✓ Web UI built
HERMES_DASHBOARD_READY port=9119
HERMES_DASHBOARD_READY port=9119
Installing TUI dependencies…
→ Building web UI...
    
    > web@0.0.0 build
    > tsc -b && vite build
    
    vite v8.0.16 building client environment for production...
    [2K
    transforming...✓ 2127 modules transformed.
    rendering chunks...
    computing gzip size...
    ../hermes_cli/web_dist/index.html                                         0.51 kB │ gzip:   0.32 kB
    ../hermes_cli/web_dist/assets/Mondwest-Regular-CWscgue7.woff2            23.82 kB
    ../hermes_cli/web_dist/assets/RulesExpanded-Regular-l8uVympt.woff2       33.82 kB
    ../hermes_cli/web_dist/assets/RulesExpanded-Bold-DZA7s8Pa.woff2          35.01 kB
    ../hermes_cli/web_dist/assets/RulesCompressed-Regular-BSXFyF4x.woff2     37.76 kB
    ../hermes_cli/web_dist/assets/RulesCompressed-Medium-CA76_CrB.woff2      38.84 kB
    ../hermes_cli/web_dist/assets/Collapse-Bold-mgICk9-_.woff2               59.14 kB
    ../hermes_cli/web_dist/assets/Collapse-Regular-DysayoTY.woff2            62.81 kB
    ../hermes_cli/web_dist/assets/filler-bg0-DxMaWJpb.webp                  185.27 kB
    ../hermes_cli/web_dist/assets/index-DJxmcHRv.css                        111.60 kB │ gzip:  17.73 kB
    ../hermes_cli/web_dist/assets/index-g5jqNFCz.js                       1,896.11 kB │ gzip: 539.37 kB
    
    ✓ built in 641ms
    [plugin builtin:vite-reporter]
    (!) Some chunks are larger than 500 kB after minification. Consider:
    - Using dynamic import() to code-split the application
    - Use build.rolldownOptions.output.codeSplitting to improve chunking: https://rolldown.rs/reference/OutputOptions.codeSplitting
    - Adjust chunk size limit for this warning via build.chunkSizeWarningLimit.
  ✓ Web UI built
HERMES_DASHBOARD_READY port=9119
HERMES_DASHBOARD_READY port=9119
HERMES_DASHBOARD_READY port=9119
Installing TUI dependencies…
→ Building web UI...
    
    > web@0.0.0 build
    > tsc -b && vite build
    
    vite v8.0.16 building client environment for production...
    [2K
    transforming...✓ 2130 modules transformed.
    rendering chunks...
    computing gzip size...
    ../hermes_cli/web_dist/index.html                                         0.51 kB │ gzip:   0.32 kB
    ../hermes_cli/web_dist/assets/Mondwest-Regular-CWscgue7.woff2            23.82 kB
    ../hermes_cli/web_dist/assets/RulesExpanded-Regular-l8uVympt.woff2       33.82 kB
    ../hermes_cli/web_dist/assets/RulesExpanded-Bold-DZA7s8Pa.woff2          35.01 kB
    ../hermes_cli/web_dist/assets/RulesCompressed-Regular-BSXFyF4x.woff2     37.76 kB
    ../hermes_cli/web_dist/assets/RulesCompressed-Medium-CA76_CrB.woff2      38.84 kB
    ../hermes_cli/web_dist/assets/Collapse-Bold-mgICk9-_.woff2               59.14 kB
    ../hermes_cli/web_dist/assets/Collapse-Regular-DysayoTY.woff2            62.81 kB
    ../hermes_cli/web_dist/assets/filler-bg0-DxMaWJpb.webp                  185.27 kB
    ../hermes_cli/web_dist/assets/index-BJ5yJ7mT.css                        111.67 kB │ gzip:  17.74 kB
    ../hermes_cli/web_dist/assets/index-HBSthGWY.js                       1,901.91 kB │ gzip: 540.94 kB
    
    ✓ built in 652ms
    [plugin builtin:vite-reporter]
    (!) Some chunks are larger than 500 kB after minification. Consider:
    - Using dynamic import() to code-split the application
    - Use build.rolldownOptions.output.codeSplitting to improve chunking: https://rolldown.rs/reference/OutputOptions.codeSplitting
    - Adjust chunk size limit for this warning via build.chunkSizeWarningLimit.
  ✓ Web UI built
HERMES_DASHBOARD_READY port=9119
Installing TUI dependencies…
→ Building web UI...
    
    > web@0.0.0 build
    > tsc -b && vite build
    
    vite v8.0.16 building client environment for production...
    [2K
    transforming...✓ 2130 modules transformed.
    rendering chunks...
    computing gzip size...
    ../hermes_cli/web_dist/index.html                                         0.51 kB │ gzip:   0.32 kB
    ../hermes_cli/web_dist/assets/Mondwest-Regular-CWscgue7.woff2            23.82 kB
    ../hermes_cli/web_dist/assets/RulesExpanded-Regular-l8uVympt.woff2       33.82 kB
    ../hermes_cli/web_dist/assets/RulesExpanded-Bold-DZA7s8Pa.woff2          35.01 kB
    ../hermes_cli/web_dist/assets/RulesCompressed-Regular-BSXFyF4x.woff2     37.76 kB
    ../hermes_cli/web_dist/assets/RulesCompressed-Medium-CA76_CrB.woff2      38.84 kB
    ../hermes_cli/web_dist/assets/Collapse-Bold-mgICk9-_.woff2               59.14 kB
    ../hermes_cli/web_dist/assets/Collapse-Regular-DysayoTY.woff2            62.81 kB
    ../hermes_cli/web_dist/assets/filler-bg0-DxMaWJpb.webp                  185.27 kB
    ../hermes_cli/web_dist/assets/index-BJ5yJ7mT.css                        111.67 kB │ gzip:  17.74 kB
    ../hermes_cli/web_dist/assets/index-HBSthGWY.js                       1,901.91 kB │ gzip: 540.94 kB
    
    [plugin builtin:vite-reporter]
    (!) Some chunks are larger than 500 kB after minification. Consider:
    - Using dynamic import() to code-split the application
    - Use build.rolldownOptions.output.codeSplitting to improve chunking: https://rolldown.rs/reference/OutputOptions.codeSplitting
    - Adjust chunk size limit for this warning via build.chunkSizeWarningLimit.
    ✓ built in 626ms
  ✓ Web UI built
HERMES_DASHBOARD_READY port=9119
HERMES_DASHBOARD_READY port=9119
Installing TUI dependencies…
→ Building web UI...
    
    > web@0.0.0 build
    > tsc -b && vite build
    
    vite v8.0.16 building client environment for production...
    [2K
    transforming...✓ 2130 modules transformed.
    rendering chunks...
    computing gzip size...
    ../hermes_cli/web_dist/index.html                                         0.51 kB │ gzip:   0.32 kB
    ../hermes_cli/web_dist/assets/Mondwest-Regular-CWscgue7.woff2            23.82 kB
    ../hermes_cli/web_dist/assets/RulesExpanded-Regular-l8uVympt.woff2       33.82 kB
    ../hermes_cli/web_dist/assets/RulesExpanded-Bold-DZA7s8Pa.woff2          35.01 kB
    ../hermes_cli/web_dist/assets/RulesCompressed-Regular-BSXFyF4x.woff2     37.76 kB
    ../hermes_cli/web_dist/assets/RulesCompressed-Medium-CA76_CrB.woff2      38.84 kB
    ../hermes_cli/web_dist/assets/Collapse-Bold-mgICk9-_.woff2               59.14 kB
    ../hermes_cli/web_dist/assets/Collapse-Regular-DysayoTY.woff2            62.81 kB
    ../hermes_cli/web_dist/assets/filler-bg0-DxMaWJpb.webp                  185.27 kB
    ../hermes_cli/web_dist/assets/index-BJ5yJ7mT.css                        111.67 kB │ gzip:  17.74 kB
    ../hermes_cli/web_dist/assets/index-HBSthGWY.js                       1,901.91 kB │ gzip: 540.94 kB
    
    ✓ built in 1.25s
    [plugin builtin:vite-reporter]
    (!) Some chunks are larger than 500 kB after minification. Consider:
    - Using dynamic import() to code-split the application
    - Use build.rolldownOptions.output.codeSplitting to improve chunking: https://rolldown.rs/reference/OutputOptions.codeSplitting
    - Adjust chunk size limit for this warning via build.chunkSizeWarningLimit.
  ✓ Web UI built
HERMES_DASHBOARD_READY port=9119
Installing TUI dependencies…
→ Building web UI...
    
    > web@0.0.0 build
    > tsc -b && vite build
    
    vite v8.0.16 building client environment for production...
    [2K
    transforming...✓ 2130 modules transformed.
    rendering chunks...
    computing gzip size...
    ../hermes_cli/web_dist/index.html                                         0.51 kB │ gzip:   0.32 kB
    ../hermes_cli/web_dist/assets/Mondwest-Regular-CWscgue7.woff2            23.82 kB
    ../hermes_cli/web_dist/assets/RulesExpanded-Regular-l8uVympt.woff2       33.82 kB
    ../hermes_cli/web_dist/assets/RulesExpanded-Bold-DZA7s8Pa.woff2          35.01 kB
    ../hermes_cli/web_dist/assets/RulesCompressed-Regular-BSXFyF4x.woff2     37.76 kB
    ../hermes_cli/web_dist/assets/RulesCompressed-Medium-CA76_CrB.woff2      38.84 kB
    ../hermes_cli/web_dist/assets/Collapse-Bold-mgICk9-_.woff2               59.14 kB
    ../hermes_cli/web_dist/assets/Collapse-Regular-DysayoTY.woff2            62.81 kB
    ../hermes_cli/web_dist/assets/filler-bg0-DxMaWJpb.webp                  185.27 kB
    ../hermes_cli/web_dist/assets/index-BJ5yJ7mT.css                        111.67 kB │ gzip:  17.74 kB
    ../hermes_cli/web_dist/assets/index-HBSthGWY.js                       1,901.91 kB │ gzip: 540.94 kB
    
    ✓ built in 848ms
    [plugin builtin:vite-reporter]
    (!) Some chunks are larger than 500 kB after minification. Consider:
    - Using dynamic import() to code-split the application
    - Use build.rolldownOptions.output.codeSplitting to improve chunking: https://rolldown.rs/reference/OutputOptions.codeSplitting
    - Adjust chunk size limit for this warning via build.chunkSizeWarningLimit.
  ✓ Web UI built
HERMES_DASHBOARD_READY port=9119
Installing TUI dependencies…
→ Building web UI...
    
    > web@0.0.0 build
    > tsc -b && vite build
    
    vite v8.0.16 building client environment for production...
    [2K
    transforming...✓ 2132 modules transformed.
    rendering chunks...
    computing gzip size...
    ../hermes_cli/web_dist/index.html                                         0.51 kB │ gzip:   0.32 kB
    ../hermes_cli/web_dist/assets/Mondwest-Regular-CWscgue7.woff2            23.82 kB
    ../hermes_cli/web_dist/assets/RulesExpanded-Regular-l8uVympt.woff2       33.82 kB
    ../hermes_cli/web_dist/assets/RulesExpanded-Bold-DZA7s8Pa.woff2          35.01 kB
    ../hermes_cli/web_dist/assets/RulesCompressed-Regular-BSXFyF4x.woff2     37.76 kB
    ../hermes_cli/web_dist/assets/RulesCompressed-Medium-CA76_CrB.woff2      38.84 kB
    ../hermes_cli/web_dist/assets/Collapse-Bold-mgICk9-_.woff2               59.14 kB
    ../hermes_cli/web_dist/assets/Collapse-Regular-DysayoTY.woff2            62.81 kB
    ../hermes_cli/web_dist/assets/filler-bg0-DxMaWJpb.webp                  185.27 kB
    ../hermes_cli/web_dist/assets/index-BJ5yJ7mT.css                        111.67 kB │ gzip:  17.74 kB
    ../hermes_cli/web_dist/assets/index-BwgPCL_a.js                       1,903.60 kB │ gzip: 541.43 kB
    
    ✓ built in 744ms
    [plugin builtin:vite-reporter]
    (!) Some chunks are larger than 500 kB after minification. Consider:
    - Using dynamic import() to code-split the application
    - Use build.rolldownOptions.output.codeSplitting to improve chunking: https://rolldown.rs/reference/OutputOptions.codeSplitting
    - Adjust chunk size limit for this warning via build.chunkSizeWarningLimit.
  ✓ Web UI built
HERMES_DASHBOARD_READY port=9119
Installing TUI dependencies…
→ Building web UI...
    
    > web@0.0.0 build
    > tsc -b && vite build
    
    vite v8.0.16 building client environment for production...
    [2K
    transforming...✓ 2132 modules transformed.
    rendering chunks...
    computing gzip size...
    ../hermes_cli/web_dist/index.html                                         0.51 kB │ gzip:   0.32 kB
    ../hermes_cli/web_dist/assets/Mondwest-Regular-CWscgue7.woff2            23.82 kB
    ../hermes_cli/web_dist/assets/RulesExpanded-Regular-l8uVympt.woff2       33.82 kB
    ../hermes_cli/web_dist/assets/RulesExpanded-Bold-DZA7s8Pa.woff2          35.01 kB
    ../hermes_cli/web_dist/assets/RulesCompressed-Regular-BSXFyF4x.woff2     37.76 kB
    ../hermes_cli/web_dist/assets/RulesCompressed-Medium-CA76_CrB.woff2      38.84 kB
    ../hermes_cli/web_dist/assets/Collapse-Bold-mgICk9-_.woff2               59.14 kB
    ../hermes_cli/web_dist/assets/Collapse-Regular-DysayoTY.woff2            62.81 kB
    ../hermes_cli/web_dist/assets/filler-bg0-DxMaWJpb.webp                  185.27 kB
    ../hermes_cli/web_dist/assets/index-BJ5yJ7mT.css                        111.67 kB │ gzip:  17.74 kB
    ../hermes_cli/web_dist/assets/index-BwgPCL_a.js                       1,903.60 kB │ gzip: 541.43 kB
    
    ✓ built in 706ms
    [plugin builtin:vite-reporter]
    (!) Some chunks are larger than 500 kB after minification. Consider:
    - Using dynamic import() to code-split the application
    - Use build.rolldownOptions.output.codeSplitting to improve chunking: https://rolldown.rs/reference/OutputOptions.codeSplitting
    - Adjust chunk size limit for this warning via build.chunkSizeWarningLimit.
  ✓ Web UI built
HERMES_DASHBOARD_READY port=9119
Installing TUI dependencies…
npm install failed.
npm install failed.
→ Building web UI...
    
    > web@0.0.0 build
    > tsc -b && vite build
    
    vite v8.0.16 building client environment for production...
    [2K
    transforming...✓ 2132 modules transformed.
    rendering chunks...
    computing gzip size...
    ../hermes_cli/web_dist/index.html                                         0.51 kB │ gzip:   0.32 kB
    ../hermes_cli/web_dist/assets/Mondwest-Regular-CWscgue7.woff2            23.82 kB
    ../hermes_cli/web_dist/assets/RulesExpanded-Regular-l8uVympt.woff2       33.82 kB
    ../hermes_cli/web_dist/assets/RulesExpanded-Bold-DZA7s8Pa.woff2          35.01 kB
    ../hermes_cli/web_dist/assets/RulesCompressed-Regular-BSXFyF4x.woff2     37.76 kB
    ../hermes_cli/web_dist/assets/RulesCompressed-Medium-CA76_CrB.woff2      38.84 kB
    ../hermes_cli/web_dist/assets/Collapse-Bold-mgICk9-_.woff2               59.14 kB
    ../hermes_cli/web_dist/assets/Collapse-Regular-DysayoTY.woff2            62.81 kB
    ../hermes_cli/web_dist/assets/filler-bg0-DxMaWJpb.webp                  185.27 kB
    ../hermes_cli/web_dist/assets/index-BJ5yJ7mT.css                        111.67 kB │ gzip:  17.74 kB
    ../hermes_cli/web_dist/assets/index-BwgPCL_a.js                       1,903.60 kB │ gzip: 541.43 kB
    
    ✓ built in 1.25s
    [plugin builtin:vite-reporter]
    (!) Some chunks are larger than 500 kB after minification. Consider:
    - Using dynamic import() to code-split the application
    - Use build.rolldownOptions.output.codeSplitting to improve chunking: https://rolldown.rs/reference/OutputOptions.codeSplitting
    - Adjust chunk size limit for this warning via build.chunkSizeWarningLimit.
  ✓ Web UI built
HERMES_DASHBOARD_READY port=9119
HERMES_DASHBOARD_READY port=9119
→ Building web UI...
    
    > web@0.0.0 build
    > tsc -b && vite build
    
    vite v8.0.16 building client environment for production...
    [2K
    transforming...✓ 2132 modules transformed.
    rendering chunks...
    computing gzip size...
    ../hermes_cli/web_dist/index.html                                         0.51 kB │ gzip:   0.32 kB
    ../hermes_cli/web_dist/assets/Mondwest-Regular-CWscgue7.woff2            23.82 kB
    ../hermes_cli/web_dist/assets/RulesExpanded-Regular-l8uVympt.woff2       33.82 kB
    ../hermes_cli/web_dist/assets/RulesExpanded-Bold-DZA7s8Pa.woff2          35.01 kB
    ../hermes_cli/web_dist/assets/RulesCompressed-Regular-BSXFyF4x.woff2     37.76 kB
    ../hermes_cli/web_dist/assets/RulesCompressed-Medium-CA76_CrB.woff2      38.84 kB
    ../hermes_cli/web_dist/assets/Collapse-Bold-mgICk9-_.woff2               59.14 kB
    ../hermes_cli/web_dist/assets/Collapse-Regular-DysayoTY.woff2            62.81 kB
    ../hermes_cli/web_dist/assets/filler-bg0-DxMaWJpb.webp                  185.27 kB
    ../hermes_cli/web_dist/assets/index-BJ5yJ7mT.css                        111.67 kB │ gzip:  17.74 kB
    ../hermes_cli/web_dist/assets/index-BwgPCL_a.js                       1,903.60 kB │ gzip: 541.43 kB
    
    ✓ built in 703ms
    [plugin builtin:vite-reporter]
    (!) Some chunks are larger than 500 kB after minification. Consider:
    - Using dynamic import() to code-split the application
    - Use build.rolldownOptions.output.codeSplitting to improve chunking: https://rolldown.rs/reference/OutputOptions.codeSplitting
    - Adjust chunk size limit for this warning via build.chunkSizeWarningLimit.
  ✓ Web UI built
HERMES_DASHBOARD_READY port=9119
HERMES_DASHBOARD_READY port=9119
HERMES_DASHBOARD_READY port=9119
Installing TUI dependencies…
→ Building web UI...
    
    > web@0.0.0 build
    > tsc -b && vite build
    
    vite v8.0.16 building client environment for production...
    [2K
    transforming...✓ 2132 modules transformed.
    rendering chunks...
    computing gzip size...
    ../hermes_cli/web_dist/index.html                                         0.51 kB │ gzip:   0.32 kB
    ../hermes_cli/web_dist/assets/Mondwest-Regular-CWscgue7.woff2            23.82 kB
    ../hermes_cli/web_dist/assets/RulesExpanded-Regular-l8uVympt.woff2       33.82 kB
    ../hermes_cli/web_dist/assets/RulesExpanded-Bold-DZA7s8Pa.woff2          35.01 kB
    ../hermes_cli/web_dist/assets/RulesCompressed-Regular-BSXFyF4x.woff2     37.76 kB
    ../hermes_cli/web_dist/assets/RulesCompressed-Medium-CA76_CrB.woff2      38.84 kB
    ../hermes_cli/web_dist/assets/Collapse-Bold-mgICk9-_.woff2               59.14 kB
    ../hermes_cli/web_dist/assets/Collapse-Regular-DysayoTY.woff2            62.81 kB
    ../hermes_cli/web_dist/assets/filler-bg0-DxMaWJpb.webp                  185.27 kB
    ../hermes_cli/web_dist/assets/index-BJ5yJ7mT.css                        111.67 kB │ gzip:  17.74 kB
    ../hermes_cli/web_dist/assets/index-BwgPCL_a.js                       1,903.60 kB │ gzip: 541.43 kB
    
    ✓ built in 846ms
    [plugin builtin:vite-reporter]
    (!) Some chunks are larger than 500 kB after minification. Consider:
    - Using dynamic import() to code-split the application
    - Use build.rolldownOptions.output.codeSplitting to improve chunking: https://rolldown.rs/reference/OutputOptions.codeSplitting
    - Adjust chunk size limit for this warning via build.chunkSizeWarningLimit.
  ✓ Web UI built
HERMES_DASHBOARD_READY port=9119
HERMES_DASHBOARD_READY port=9119
Installing TUI dependencies…
npm install failed.
npm install failed.
→ Building web UI...
    
    > web@0.0.0 build
    > tsc -b && vite build
    
    vite v8.0.16 building client environment for production...
    [2K
    transforming...✓ 2132 modules transformed.
    rendering chunks...
    computing gzip size...
    ../hermes_cli/web_dist/index.html                                         0.51 kB │ gzip:   0.32 kB
    ../hermes_cli/web_dist/assets/Mondwest-Regular-CWscgue7.woff2            23.82 kB
    ../hermes_cli/web_dist/assets/RulesExpanded-Regular-l8uVympt.woff2       33.82 kB
    ../hermes_cli/web_dist/assets/RulesExpanded-Bold-DZA7s8Pa.woff2          35.01 kB
    ../hermes_cli/web_dist/assets/RulesCompressed-Regular-BSXFyF4x.woff2     37.76 kB
    ../hermes_cli/web_dist/assets/RulesCompressed-Medium-CA76_CrB.woff2      38.84 kB
    ../hermes_cli/web_dist/assets/Collapse-Bold-mgICk9-_.woff2               59.14 kB
    ../hermes_cli/web_dist/assets/Collapse-Regular-DysayoTY.woff2            62.81 kB
    ../hermes_cli/web_dist/assets/filler-bg0-DxMaWJpb.webp                  185.27 kB
    ../hermes_cli/web_dist/assets/index-BJ5yJ7mT.css                        111.67 kB │ gzip:  17.74 kB
    ../hermes_cli/web_dist/assets/index-BwgPCL_a.js                       1,903.60 kB │ gzip: 541.43 kB
    
    ✓ built in 1.02s
    [plugin builtin:vite-reporter]
    (!) Some chunks are larger than 500 kB after minification. Consider:
    - Using dynamic import() to code-split the application
    - Use build.rolldownOptions.output.codeSplitting to improve chunking: https://rolldown.rs/reference/OutputOptions.codeSplitting
    - Adjust chunk size limit for this warning via build.chunkSizeWarningLimit.
  ✓ Web UI built
HERMES_DASHBOARD_READY port=9119
Installing TUI dependencies…
npm install failed.
npm install failed.
→ Building web UI...
    
    > web@0.0.0 build
    > tsc -b && vite build
    
    vite v8.0.16 building client environment for production...
    [2K
    transforming...✓ 2132 modules transformed.
    rendering chunks...
    computing gzip size...
    ../hermes_cli/web_dist/index.html                                         0.51 kB │ gzip:   0.32 kB
    ../hermes_cli/web_dist/assets/Mondwest-Regular-CWscgue7.woff2            23.82 kB
    ../hermes_cli/web_dist/assets/RulesExpanded-Regular-l8uVympt.woff2       33.82 kB
    ../hermes_cli/web_dist/assets/RulesExpanded-Bold-DZA7s8Pa.woff2          35.01 kB
    ../hermes_cli/web_dist/assets/RulesCompressed-Regular-BSXFyF4x.woff2     37.76 kB
    ../hermes_cli/web_dist/assets/RulesCompressed-Medium-CA76_CrB.woff2      38.84 kB
    ../hermes_cli/web_dist/assets/Collapse-Bold-mgICk9-_.woff2               59.14 kB
    ../hermes_cli/web_dist/assets/Collapse-Regular-DysayoTY.woff2            62.81 kB
    ../hermes_cli/web_dist/assets/filler-bg0-DxMaWJpb.webp                  185.27 kB
    ../hermes_cli/web_dist/assets/index-BJ5yJ7mT.css                        111.67 kB │ gzip:  17.74 kB
    ../hermes_cli/web_dist/assets/index-BwgPCL_a.js                       1,903.60 kB │ gzip: 541.43 kB
    
    ✓ built in 1.09s
    [plugin builtin:vite-reporter]
    (!) Some chunks are larger than 500 kB after minification. Consider:
    - Using dynamic import() to code-split the application
    - Use build.rolldownOptions.output.codeSplitting to improve chunking: https://rolldown.rs/reference/OutputOptions.codeSplitting
    - Adjust chunk size limit for this warning via build.chunkSizeWarningLimit.
  ✓ Web UI built
HERMES_DASHBOARD_READY port=9119
Installing TUI dependencies…
→ Building web UI...
    
    > web@0.0.0 build
    > tsc -b && vite build
    
    vite v8.0.16 building client environment for production...
    [2K
    transforming...✓ 2132 modules transformed.
    rendering chunks...
    computing gzip size...
    ../hermes_cli/web_dist/index.html                                         0.51 kB │ gzip:   0.32 kB
    ../hermes_cli/web_dist/assets/Mondwest-Regular-CWscgue7.woff2            23.82 kB
    ../hermes_cli/web_dist/assets/RulesExpanded-Regular-l8uVympt.woff2       33.82 kB
    ../hermes_cli/web_dist/assets/RulesExpanded-Bold-DZA7s8Pa.woff2          35.01 kB
    ../hermes_cli/web_dist/assets/RulesCompressed-Regular-BSXFyF4x.woff2     37.76 kB
    ../hermes_cli/web_dist/assets/RulesCompressed-Medium-CA76_CrB.woff2      38.84 kB
    ../hermes_cli/web_dist/assets/Collapse-Bold-mgICk9-_.woff2               59.14 kB
    ../hermes_cli/web_dist/assets/Collapse-Regular-DysayoTY.woff2            62.81 kB
    ../hermes_cli/web_dist/assets/filler-bg0-DxMaWJpb.webp                  185.27 kB
    ../hermes_cli/web_dist/assets/index-BJ5yJ7mT.css                        111.67 kB │ gzip:  17.74 kB
    ../hermes_cli/web_dist/assets/index-BwgPCL_a.js                       1,903.60 kB │ gzip: 541.43 kB
    
    ✓ built in 790ms
    [plugin builtin:vite-reporter]
    (!) Some chunks are larger than 500 kB after minification. Consider:
    - Using dynamic import() to code-split the application
    - Use build.rolldownOptions.output.codeSplitting to improve chunking: https://rolldown.rs/reference/OutputOptions.codeSplitting
    - Adjust chunk size limit for this warning via build.chunkSizeWarningLimit.
  ✓ Web UI built
HERMES_DASHBOARD_READY port=9119
→ Building web UI...
    
    > web@0.0.0 build
    > tsc -b && vite build
    
    vite v8.0.16 building client environment for production...
    [2K
    transforming...✓ 2132 modules transformed.
    rendering chunks...
    computing gzip size...
    ../hermes_cli/web_dist/index.html                                         0.51 kB │ gzip:   0.32 kB
    ../hermes_cli/web_dist/assets/Mondwest-Regular-CWscgue7.woff2            23.82 kB
    ../hermes_cli/web_dist/assets/RulesExpanded-Regular-l8uVympt.woff2       33.82 kB
    ../hermes_cli/web_dist/assets/RulesExpanded-Bold-DZA7s8Pa.woff2          35.01 kB
    ../hermes_cli/web_dist/assets/RulesCompressed-Regular-BSXFyF4x.woff2     37.76 kB
    ../hermes_cli/web_dist/assets/RulesCompressed-Medium-CA76_CrB.woff2      38.84 kB
    ../hermes_cli/web_dist/assets/Collapse-Bold-mgICk9-_.woff2               59.14 kB
    ../hermes_cli/web_dist/assets/Collapse-Regular-DysayoTY.woff2            62.81 kB
    ../hermes_cli/web_dist/assets/filler-bg0-DxMaWJpb.webp                  185.27 kB
    ../hermes_cli/web_dist/assets/index-BJ5yJ7mT.css                        111.67 kB │ gzip:  17.74 kB
    ../hermes_cli/web_dist/assets/index-BwgPCL_a.js                       1,903.60 kB │ gzip: 541.43 kB
    
    [plugin builtin:vite-reporter]
    (!) Some chunks are larger than 500 kB after minification. Consider:
    - Using dynamic import() to code-split the application
    - Use build.rolldownOptions.output.codeSplitting to improve chunking: https://rolldown.rs/reference/OutputOptions.codeSplitting
    - Adjust chunk size limit for this warning via build.chunkSizeWarningLimit.
    ✓ built in 763ms
  ✓ Web UI built
HERMES_DASHBOARD_READY port=9119
HERMES_DASHBOARD_READY port=9119
HERMES_DASHBOARD_READY port=9119
HERMES_DASHBOARD_READY port=9119
HERMES_DASHBOARD_READY port=9119
HERMES_DASHBOARD_READY port=9119
Installing TUI dependencies…
npm install failed.
→ Building web UI...
    
    > web@0.0.0 build
    > tsc -b && vite build
    
    vite v8.0.16 building client environment for production...
    [2K
    transforming...✓ 2132 modules transformed.
    rendering chunks...
    computing gzip size...
    ../hermes_cli/web_dist/index.html                                         0.51 kB │ gzip:   0.32 kB
    ../hermes_cli/web_dist/assets/Mondwest-Regular-CWscgue7.woff2            23.82 kB
    ../hermes_cli/web_dist/assets/RulesExpanded-Regular-l8uVympt.woff2       33.82 kB
    ../hermes_cli/web_dist/assets/RulesExpanded-Bold-DZA7s8Pa.woff2          35.01 kB
    ../hermes_cli/web_dist/assets/RulesCompressed-Regular-BSXFyF4x.woff2     37.76 kB
    ../hermes_cli/web_dist/assets/RulesCompressed-Medium-CA76_CrB.woff2      38.84 kB
    ../hermes_cli/web_dist/assets/Collapse-Bold-mgICk9-_.woff2               59.14 kB
    ../hermes_cli/web_dist/assets/Collapse-Regular-DysayoTY.woff2            62.81 kB
    ../hermes_cli/web_dist/assets/filler-bg0-DxMaWJpb.webp                  185.27 kB
    ../hermes_cli/web_dist/assets/index-BJ5yJ7mT.css                        111.67 kB │ gzip:  17.74 kB
    ../hermes_cli/web_dist/assets/index-BwgPCL_a.js                       1,903.60 kB │ gzip: 541.43 kB
    
    ✓ built in 838ms
    [plugin builtin:vite-reporter]
    (!) Some chunks are larger than 500 kB after minification. Consider:
    - Using dynamic import() to code-split the application
    - Use build.rolldownOptions.output.codeSplitting to improve chunking: https://rolldown.rs/reference/OutputOptions.codeSplitting
    - Adjust chunk size limit for this warning via build.chunkSizeWarningLimit.
  ✓ Web UI built
HERMES_DASHBOARD_READY port=9119
HERMES_DASHBOARD_READY port=9119
HERMES_DASHBOARD_READY port=9119
HERMES_DASHBOARD_READY port=9119
→ Building web UI...
    
    > web@0.0.0 build
    > tsc -b && vite build
    
    vite v8.0.16 building client environment for production...
    [2K
    transforming...✓ 2133 modules transformed.
    rendering chunks...
    computing gzip size...
    ../hermes_cli/web_dist/index.html                                         0.51 kB │ gzip:   0.31 kB
    ../hermes_cli/web_dist/assets/Mondwest-Regular-CWscgue7.woff2            23.82 kB
    ../hermes_cli/web_dist/assets/RulesExpanded-Regular-l8uVympt.woff2       33.82 kB
    ../hermes_cli/web_dist/assets/RulesExpanded-Bold-DZA7s8Pa.woff2          35.01 kB
    ../hermes_cli/web_dist/assets/RulesCompressed-Regular-BSXFyF4x.woff2     37.76 kB
    ../hermes_cli/web_dist/assets/RulesCompressed-Medium-CA76_CrB.woff2      38.84 kB
    ../hermes_cli/web_dist/assets/Collapse-Bold-mgICk9-_.woff2               59.14 kB
    ../hermes_cli/web_dist/assets/Collapse-Regular-DysayoTY.woff2            62.81 kB
    ../hermes_cli/web_dist/assets/filler-bg0-DxMaWJpb.webp                  185.27 kB
    ../hermes_cli/web_dist/assets/index-BJ5yJ7mT.css                        111.67 kB │ gzip:  17.74 kB
    ../hermes_cli/web_dist/assets/index-BcilnaST.js                       1,904.39 kB │ gzip: 541.68 kB
    
    ✓ built in 677ms
    [plugin builtin:vite-reporter]
    (!) Some chunks are larger than 500 kB after minification. Consider:
    - Using dynamic import() to code-split the application
    - Use build.rolldownOptions.output.codeSplitting to improve chunking: https://rolldown.rs/reference/OutputOptions.codeSplitting
    - Adjust chunk size limit for this warning via build.chunkSizeWarningLimit.
  ✓ Web UI built
HERMES_DASHBOARD_READY port=9119
HERMES_DASHBOARD_READY port=9119
HERMES_DASHBOARD_READY port=9119
HERMES_DASHBOARD_READY port=9119
→ Building web UI...
    
    > web@0.0.0 build
    > tsc -b && vite build
    
    vite v8.0.16 building client environment for production...
    [2K
    transforming...✓ 2133 modules transformed.
    rendering chunks...
    computing gzip size...
    ../hermes_cli/web_dist/index.html                                         0.51 kB │ gzip:   0.31 kB
    ../hermes_cli/web_dist/assets/Mondwest-Regular-CWscgue7.woff2            23.82 kB
    ../hermes_cli/web_dist/assets/RulesExpanded-Regular-l8uVympt.woff2       33.82 kB
    ../hermes_cli/web_dist/assets/RulesExpanded-Bold-DZA7s8Pa.woff2          35.01 kB
    ../hermes_cli/web_dist/assets/RulesCompressed-Regular-BSXFyF4x.woff2     37.76 kB
    ../hermes_cli/web_dist/assets/RulesCompressed-Medium-CA76_CrB.woff2      38.84 kB
    ../hermes_cli/web_dist/assets/Collapse-Bold-mgICk9-_.woff2               59.14 kB
    ../hermes_cli/web_dist/assets/Collapse-Regular-DysayoTY.woff2            62.81 kB
    ../hermes_cli/web_dist/assets/filler-bg0-DxMaWJpb.webp                  185.27 kB
    ../hermes_cli/web_dist/assets/index-BJ5yJ7mT.css                        111.67 kB │ gzip:  17.74 kB
    ../hermes_cli/web_dist/assets/index-BcilnaST.js                       1,904.39 kB │ gzip: 541.68 kB
    
    [plugin builtin:vite-reporter]
    (!) Some chunks are larger than 500 kB after minification. Consider:
    - Using dynamic import() to code-split the application
    - Use build.rolldownOptions.output.codeSplitting to improve chunking: https://rolldown.rs/reference/OutputOptions.codeSplitting
    - Adjust chunk size limit for this warning via build.chunkSizeWarningLimit.
    ✓ built in 1.25s
  ✓ Web UI built
HERMES_DASHBOARD_READY port=9119
HERMES_DASHBOARD_READY port=9119
→ Building web UI...
    
    > web@0.0.0 build
    > tsc -b && vite build
    
    vite v8.0.16 building client environment for production...
    [2K
    transforming...✓ 2133 modules transformed.
    rendering chunks...
    computing gzip size...
    ../hermes_cli/web_dist/index.html                                         0.51 kB │ gzip:   0.32 kB
    ../hermes_cli/web_dist/assets/Mondwest-Regular-CWscgue7.woff2            23.82 kB
    ../hermes_cli/web_dist/assets/RulesExpanded-Regular-l8uVympt.woff2       33.82 kB
    ../hermes_cli/web_dist/assets/RulesExpanded-Bold-DZA7s8Pa.woff2          35.01 kB
    ../hermes_cli/web_dist/assets/RulesCompressed-Regular-BSXFyF4x.woff2     37.76 kB
    ../hermes_cli/web_dist/assets/RulesCompressed-Medium-CA76_CrB.woff2      38.84 kB
    ../hermes_cli/web_dist/assets/Collapse-Bold-mgICk9-_.woff2               59.14 kB
    ../hermes_cli/web_dist/assets/Collapse-Regular-DysayoTY.woff2            62.81 kB
    ../hermes_cli/web_dist/assets/filler-bg0-DxMaWJpb.webp                  185.27 kB
    ../hermes_cli/web_dist/assets/index-CSQyO_Ok.css                        111.70 kB │ gzip:  17.74 kB
    ../hermes_cli/web_dist/assets/index-rEEIyQhF.js                       1,906.90 kB │ gzip: 542.42 kB
    
    ✓ built in 679ms
    [plugin builtin:vite-reporter]
    (!) Some chunks are larger than 500 kB after minification. Consider:
    - Using dynamic import() to code-split the application
    - Use build.rolldownOptions.output.codeSplitting to improve chunking: https://rolldown.rs/reference/OutputOptions.codeSplitting
    - Adjust chunk size limit for this warning via build.chunkSizeWarningLimit.
  ✓ Web UI built
HERMES_DASHBOARD_READY port=9119
HERMES_DASHBOARD_READY port=9119
HERMES_DASHBOARD_READY port=9119
Installing TUI dependencies…
→ Building web UI...
    
    > web@0.0.0 build
    > tsc -b && vite build
    
    vite v8.0.16 building client environment for production...
    [2K
    transforming...✓ 2133 modules transformed.
    rendering chunks...
    computing gzip size...
    ../hermes_cli/web_dist/index.html                                         0.51 kB │ gzip:   0.32 kB
    ../hermes_cli/web_dist/assets/Mondwest-Regular-CWscgue7.woff2            23.82 kB
    ../hermes_cli/web_dist/assets/RulesExpanded-Regular-l8uVympt.woff2       33.82 kB
    ../hermes_cli/web_dist/assets/RulesExpanded-Bold-DZA7s8Pa.woff2          35.01 kB
    ../hermes_cli/web_dist/assets/RulesCompressed-Regular-BSXFyF4x.woff2     37.76 kB
    ../hermes_cli/web_dist/assets/RulesCompressed-Medium-CA76_CrB.woff2      38.84 kB
    ../hermes_cli/web_dist/assets/Collapse-Bold-mgICk9-_.woff2               59.14 kB
    ../hermes_cli/web_dist/assets/Collapse-Regular-DysayoTY.woff2            62.81 kB
    ../hermes_cli/web_dist/assets/filler-bg0-DxMaWJpb.webp                  185.27 kB
    ../hermes_cli/web_dist/assets/index-CSQyO_Ok.css                        111.70 kB │ gzip:  17.74 kB
    ../hermes_cli/web_dist/assets/index-rEEIyQhF.js                       1,906.90 kB │ gzip: 542.42 kB
    
    ✓ built in 1.27s
    [plugin builtin:vite-reporter]
    (!) Some chunks are larger than 500 kB after minification. Consider:
    - Using dynamic import() to code-split the application
    - Use build.rolldownOptions.output.codeSplitting to improve chunking: https://rolldown.rs/reference/OutputOptions.codeSplitting
    - Adjust chunk size limit for this warning via build.chunkSizeWarningLimit.
  ✓ Web UI built
HERMES_DASHBOARD_READY port=9119
HERMES_DASHBOARD_READY port=9119
HERMES_DASHBOARD_READY port=9119
Installing TUI dependencies…
npm install failed.
Installing TUI dependencies…
npm install failed.
Installing TUI dependencies…
npm install failed.
→ Building web UI...
    
    > web@0.0.0 build
    > tsc -b && vite build
    
    vite v8.0.16 building client environment for production...
    [2K
    transforming...✓ 2132 modules transformed.
    rendering chunks...
    computing gzip size...
    ../hermes_cli/web_dist/index.html                                         0.51 kB │ gzip:   0.32 kB
    ../hermes_cli/web_dist/assets/Mondwest-Regular-CWscgue7.woff2            23.82 kB
    ../hermes_cli/web_dist/assets/RulesExpanded-Regular-l8uVympt.woff2       33.82 kB
    ../hermes_cli/web_dist/assets/RulesExpanded-Bold-DZA7s8Pa.woff2          35.01 kB
    ../hermes_cli/web_dist/assets/RulesCompressed-Regular-BSXFyF4x.woff2     37.76 kB
    ../hermes_cli/web_dist/assets/RulesCompressed-Medium-CA76_CrB.woff2      38.84 kB
    ../hermes_cli/web_dist/assets/Collapse-Bold-mgICk9-_.woff2               59.14 kB
    ../hermes_cli/web_dist/assets/Collapse-Regular-DysayoTY.woff2            62.81 kB
    ../hermes_cli/web_dist/assets/filler-bg0-DxMaWJpb.webp                  185.27 kB
    ../hermes_cli/web_dist/assets/index-CRVRXdmf.css                        110.51 kB │ gzip:  17.64 kB
    ../hermes_cli/web_dist/assets/index-DQScGvQb.js                       1,902.86 kB │ gzip: 541.25 kB
    
    [plugin builtin:vite-reporter]
    (!) Some chunks are larger than 500 kB after minification. Consider:
    - Using dynamic import() to code-split the application
    - Use build.rolldownOptions.output.codeSplitting to improve chunking: https://rolldown.rs/reference/OutputOptions.codeSplitting
    - Adjust chunk size limit for this warning via build.chunkSizeWarningLimit.
    ✓ built in 780ms
  ✓ Web UI built
HERMES_DASHBOARD_READY port=9119
HERMES_DASHBOARD_READY port=9119
Installing TUI dependencies…
→ Building web UI...
    
    > web@0.0.0 build
    > tsc -b && vite build
    
    vite v8.0.16 building client environment for production...
    [2K
    transforming...✓ 2132 modules transformed.
    rendering chunks...
    computing gzip size...
    ../hermes_cli/web_dist/index.html                                         0.51 kB │ gzip:   0.32 kB
    ../hermes_cli/web_dist/assets/Mondwest-Regular-CWscgue7.woff2            23.82 kB
    ../hermes_cli/web_dist/assets/RulesExpanded-Regular-l8uVympt.woff2       33.82 kB
    ../hermes_cli/web_dist/assets/RulesExpanded-Bold-DZA7s8Pa.woff2          35.01 kB
    ../hermes_cli/web_dist/assets/RulesCompressed-Regular-BSXFyF4x.woff2     37.76 kB
    ../hermes_cli/web_dist/assets/RulesCompressed-Medium-CA76_CrB.woff2      38.84 kB
    ../hermes_cli/web_dist/assets/Collapse-Bold-mgICk9-_.woff2               59.14 kB
    ../hermes_cli/web_dist/assets/Collapse-Regular-DysayoTY.woff2            62.81 kB
    ../hermes_cli/web_dist/assets/filler-bg0-DxMaWJpb.webp                  185.27 kB
    ../hermes_cli/web_dist/assets/index-CRVRXdmf.css                        110.51 kB │ gzip:  17.64 kB
    ../hermes_cli/web_dist/assets/index-DQScGvQb.js                       1,902.86 kB │ gzip: 541.25 kB
    
    ✓ built in 684ms
    [plugin builtin:vite-reporter]
    (!) Some chunks are larger than 500 kB after minification. Consider:
    - Using dynamic import() to code-split the application
    - Use build.rolldownOptions.output.codeSplitting to improve chunking: https://rolldown.rs/reference/OutputOptions.codeSplitting
    - Adjust chunk size limit for this warning via build.chunkSizeWarningLimit.
  ✓ Web UI built
HERMES_DASHBOARD_READY port=9119
HERMES_DASHBOARD_READY port=9119
HERMES_DASHBOARD_READY port=9119
HERMES_DASHBOARD_READY port=9119
HERMES_DASHBOARD_READY port=9119
→ Building web UI...
    
    > web@0.0.0 build
    > tsc -b && vite build
    
    vite v8.1.0 building client environment for production...
    [2K
    transforming...✓ 480 modules transformed.
    rendering chunks...
    computing gzip size...
    ../hermes_cli/web_dist/index.html                                         0.51 kB │ gzip:   0.32 kB
    ../hermes_cli/web_dist/assets/Mondwest-Regular-CWscgue7.woff2            23.82 kB
    ../hermes_cli/web_dist/assets/RulesExpanded-Regular-l8uVympt.woff2       33.82 kB
    ../hermes_cli/web_dist/assets/RulesExpanded-Bold-DZA7s8Pa.woff2          35.01 kB
    ../hermes_cli/web_dist/assets/RulesCompressed-Regular-BSXFyF4x.woff2     37.76 kB
    ../hermes_cli/web_dist/assets/RulesCompressed-Medium-CA76_CrB.woff2      38.84 kB
    ../hermes_cli/web_dist/assets/Collapse-Bold-mgICk9-_.woff2               59.14 kB
    ../hermes_cli/web_dist/assets/Collapse-Regular-DysayoTY.woff2            62.81 kB
    ../hermes_cli/web_dist/assets/filler-bg0-DxMaWJpb.webp                  185.27 kB
    ../hermes_cli/web_dist/assets/index-Bq6BJgNT.css                        110.70 kB │ gzip:  17.65 kB
    ../hermes_cli/web_dist/assets/index-BZQka6K2.js                       1,908.36 kB │ gzip: 543.45 kB
    
    [plugin builtin:vite-reporter]
    (!) Some chunks are larger than 500 kB after minification. Consider:
    - Using dynamic import() to code-split the application
    - Use build.rolldownOptions.output.codeSplitting to improve chunking: https://rolldown.rs/reference/OutputOptions.codeSplitting
    - Adjust chunk size limit for this warning via build.chunkSizeWarningLimit.
    ✓ built in 744ms
HERMES_DASHBOARD_READY port=9119
HERMES_DASHBOARD_READY port=9119
Installing TUI dependencies…
→ Building web UI...
    
    > web@0.0.0 build
    > tsc -b && vite build
    
    vite v8.1.0 building client environment for production...
    [2K
    transforming...✓ 480 modules transformed.
    rendering chunks...
    computing gzip size...
    ../hermes_cli/web_dist/index.html                                         0.51 kB │ gzip:   0.32 kB
    ../hermes_cli/web_dist/assets/Mondwest-Regular-CWscgue7.woff2            23.82 kB
    ../hermes_cli/web_dist/assets/RulesExpanded-Regular-l8uVympt.woff2       33.82 kB
    ../hermes_cli/web_dist/assets/RulesExpanded-Bold-DZA7s8Pa.woff2          35.01 kB
    ../hermes_cli/web_dist/assets/RulesCompressed-Regular-BSXFyF4x.woff2     37.76 kB
    ../hermes_cli/web_dist/assets/RulesCompressed-Medium-CA76_CrB.woff2      38.84 kB
    ../hermes_cli/web_dist/assets/Collapse-Bold-mgICk9-_.woff2               59.14 kB
    ../hermes_cli/web_dist/assets/Collapse-Regular-DysayoTY.woff2            62.81 kB
    ../hermes_cli/web_dist/assets/filler-bg0-DxMaWJpb.webp                  185.27 kB
    ../hermes_cli/web_dist/assets/index-Bq6BJgNT.css                        110.70 kB │ gzip:  17.65 kB
    ../hermes_cli/web_dist/assets/index-BZQka6K2.js                       1,908.36 kB │ gzip: 543.45 kB
    
    ✓ built in 548ms
    [plugin builtin:vite-reporter]
    (!) Some chunks are larger than 500 kB after minification. Consider:
    - Using dynamic import() to code-split the application
    - Use build.rolldownOptions.output.codeSplitting to improve chunking: https://rolldown.rs/reference/OutputOptions.codeSplitting
    - Adjust chunk size limit for this warning via build.chunkSizeWarningLimit.
  ✓ Web UI built
HERMES_DASHBOARD_READY port=9119
HERMES_DASHBOARD_READY port=9119
→ Building web UI...
    
    > web@0.0.0 build
    > tsc -b && vite build
    
    vite v8.1.0 building client environment for production...
    [2K
    transforming...✓ 480 modules transformed.
    rendering chunks...
    computing gzip size...
    ../hermes_cli/web_dist/index.html                                         0.51 kB │ gzip:   0.32 kB
    ../hermes_cli/web_dist/assets/Mondwest-Regular-CWscgue7.woff2            23.82 kB
    ../hermes_cli/web_dist/assets/RulesExpanded-Regular-l8uVympt.woff2       33.82 kB
    ../hermes_cli/web_dist/assets/RulesExpanded-Bold-DZA7s8Pa.woff2          35.01 kB
    ../hermes_cli/web_dist/assets/RulesCompressed-Regular-BSXFyF4x.woff2     37.76 kB
    ../hermes_cli/web_dist/assets/RulesCompressed-Medium-CA76_CrB.woff2      38.84 kB
    ../hermes_cli/web_dist/assets/Collapse-Bold-mgICk9-_.woff2               59.14 kB
    ../hermes_cli/web_dist/assets/Collapse-Regular-DysayoTY.woff2            62.81 kB
    ../hermes_cli/web_dist/assets/filler-bg0-DxMaWJpb.webp                  185.27 kB
    ../hermes_cli/web_dist/assets/index-Bq6BJgNT.css                        110.70 kB │ gzip:  17.65 kB
    ../hermes_cli/web_dist/assets/index-Bg6G1DAq.js                       1,909.08 kB │ gzip: 543.71 kB
    
    [plugin builtin:vite-reporter]
    (!) Some chunks are larger than 500 kB after minification. Consider:
    - Using dynamic import() to code-split the application
    - Use build.rolldownOptions.output.codeSplitting to improve chunking: https://rolldown.rs/reference/OutputOptions.codeSplitting
    - Adjust chunk size limit for this warning via build.chunkSizeWarningLimit.
    ✓ built in 557ms
  ✓ Web UI built
HERMES_DASHBOARD_READY port=9119
HERMES_DASHBOARD_READY port=9119
HERMES_DASHBOARD_READY port=9119
HERMES_DASHBOARD_READY port=9119
HERMES_DASHBOARD_READY port=9119
HERMES_DASHBOARD_READY port=9119
HERMES_DASHBOARD_READY port=9119
HERMES_DASHBOARD_READY port=9119
HERMES_DASHBOARD_READY port=9119
HERMES_DASHBOARD_READY port=9119
→ Building web UI...
    
    > web@0.0.0 build
    > tsc -b && vite build
    
    vite v8.1.0 building client environment for production...
    [2K
    transforming...✓ 481 modules transformed.
    rendering chunks...
    computing gzip size...
    ../hermes_cli/web_dist/index.html                                         0.51 kB │ gzip:   0.32 kB
    ../hermes_cli/web_dist/assets/Mondwest-Regular-CWscgue7.woff2            23.82 kB
    ../hermes_cli/web_dist/assets/RulesExpanded-Regular-l8uVympt.woff2       33.82 kB
    ../hermes_cli/web_dist/assets/RulesExpanded-Bold-DZA7s8Pa.woff2          35.01 kB
    ../hermes_cli/web_dist/assets/RulesCompressed-Regular-BSXFyF4x.woff2     37.76 kB
    ../hermes_cli/web_dist/assets/RulesCompressed-Medium-CA76_CrB.woff2      38.84 kB
    ../hermes_cli/web_dist/assets/Collapse-Bold-mgICk9-_.woff2               59.14 kB
    ../hermes_cli/web_dist/assets/Collapse-Regular-DysayoTY.woff2            62.81 kB
    ../hermes_cli/web_dist/assets/filler-bg0-DxMaWJpb.webp                  185.27 kB
    ../hermes_cli/web_dist/assets/index-Bq6BJgNT.css                        110.70 kB │ gzip:  17.65 kB
    ../hermes_cli/web_dist/assets/index-6voxfvAy.js                       1,914.86 kB │ gzip: 545.39 kB
    
    ✓ built in 638ms
    [plugin builtin:vite-reporter]
    (!) Some chunks are larger than 500 kB after minification. Consider:
    - Using dynamic import() to code-split the application
    - Use build.rolldownOptions.output.codeSplitting to improve chunking: https://rolldown.rs/reference/OutputOptions.codeSplitting
    - Adjust chunk size limit for this warning via build.chunkSizeWarningLimit.
  ✓ Web UI built
HERMES_DASHBOARD_READY port=9119
HERMES_DASHBOARD_READY port=9119
HERMES_DASHBOARD_READY port=9119
HERMES_DASHBOARD_READY port=9119
HERMES_DASHBOARD_READY port=9119
→ Building web UI...
    
    > web@0.0.0 build
    > tsc -b && vite build
    
    vite v8.1.0 building client environment for production...
    [2K
    transforming...✓ 481 modules transformed.
    rendering chunks...
    computing gzip size...
    ../hermes_cli/web_dist/index.html                                         0.51 kB │ gzip:   0.32 kB
    ../hermes_cli/web_dist/assets/Mondwest-Regular-CWscgue7.woff2            23.82 kB
    ../hermes_cli/web_dist/assets/RulesExpanded-Regular-l8uVympt.woff2       33.82 kB
    ../hermes_cli/web_dist/assets/RulesExpanded-Bold-DZA7s8Pa.woff2          35.01 kB
    ../hermes_cli/web_dist/assets/RulesCompressed-Regular-BSXFyF4x.woff2     37.76 kB
    ../hermes_cli/web_dist/assets/RulesCompressed-Medium-CA76_CrB.woff2      38.84 kB
    ../hermes_cli/web_dist/assets/Collapse-Bold-mgICk9-_.woff2               59.14 kB
    ../hermes_cli/web_dist/assets/Collapse-Regular-DysayoTY.woff2            62.81 kB
    ../hermes_cli/web_dist/assets/index-OT1jQL5E.css                        111.82 kB │ gzip:  17.74 kB
    ../hermes_cli/web_dist/assets/index-WrAtZQWO.js                       1,928.79 kB │ gzip: 548.68 kB
    
    ✓ built in 598ms
    [plugin builtin:vite-reporter]
    (!) Some chunks are larger than 500 kB after minification. Consider:
    - Using dynamic import() to code-split the application
    - Use build.rolldownOptions.output.codeSplitting to improve chunking: https://rolldown.rs/reference/OutputOptions.codeSplitting
    - Adjust chunk size limit for this warning via build.chunkSizeWarningLimit.
  ✓ Web UI built
HERMES_DASHBOARD_READY port=9119
HERMES_DASHBOARD_READY port=9119
Installing TUI dependencies…
→ Building web UI...
    
    > web@0.0.0 build
    > tsc -b && vite build
    
    vite v8.1.0 building client environment for production...
    [2K
    transforming...✓ 481 modules transformed.
    rendering chunks...
    computing gzip size...
    ../hermes_cli/web_dist/index.html                                         0.51 kB │ gzip:   0.32 kB
    ../hermes_cli/web_dist/assets/Mondwest-Regular-CWscgue7.woff2            23.82 kB
    ../hermes_cli/web_dist/assets/RulesExpanded-Regular-l8uVympt.woff2       33.82 kB
    ../hermes_cli/web_dist/assets/RulesExpanded-Bold-DZA7s8Pa.woff2          35.01 kB
    ../hermes_cli/web_dist/assets/RulesCompressed-Regular-BSXFyF4x.woff2     37.76 kB
    ../hermes_cli/web_dist/assets/RulesCompressed-Medium-CA76_CrB.woff2      38.84 kB
    ../hermes_cli/web_dist/assets/Collapse-Bold-mgICk9-_.woff2               59.14 kB
    ../hermes_cli/web_dist/assets/Collapse-Regular-DysayoTY.woff2            62.81 kB
    ../hermes_cli/web_dist/assets/index-OT1jQL5E.css                        111.82 kB │ gzip:  17.74 kB
    ../hermes_cli/web_dist/assets/index-WrAtZQWO.js                       1,928.79 kB │ gzip: 548.68 kB
    
    [plugin builtin:vite-reporter]
    (!) Some chunks are larger than 500 kB after minification. Consider:
    - Using dynamic import() to code-split the application
    - Use build.rolldownOptions.output.codeSplitting to improve chunking: https://rolldown.rs/reference/OutputOptions.codeSplitting
    - Adjust chunk size limit for this warning via build.chunkSizeWarningLimit.
    ✓ built in 544ms
  ✓ Web UI built
HERMES_DASHBOARD_READY port=9119
Installing TUI dependencies…
HERMES_DASHBOARD_READY port=9119
HERMES_DASHBOARD_READY port=9119
