WARNING gateway.run: Unknown reasoning_effort 'max', using default (medium)
WARNING agent.tool_executor: Tool terminal returned error (0.38s): {"output": "Traceback (most recent call last):\n  File \"/home/ai_user/.hermes/skills/productivity/google-workspace/scripts/google_api.py\", line 1225, in <module>\n    main()\n    ~~~~^^\n  File \"/h
WARNING agent.tool_executor: Tool terminal returned error (0.04s): {"output": "", "exit_code": -1, "error": "", "status": "pending_approval", "approval_pending": true, "command": "/home/ai_user/miniconda3/bin/python3 -c \"import googleapiclient\" 2>&1 || echo \"not i
WARNING agent.tool_executor: Tool terminal returned error (0.04s): {"output": "", "exit_code": -1, "error": "", "status": "pending_approval", "approval_pending": true, "command": "/home/ai_user/miniconda3/bin/python3 -c \"import googleapiclient\" 2>&1 || echo \"not i
WARNING agent.tool_executor: Tool terminal returned error (0.05s): {"output": "", "exit_code": -1, "error": "", "status": "pending_approval", "approval_pending": true, "command": "python3 -c \"import googleapiclient; print('ok')\" 2>&1 || echo \"not installed\"", "de
WARNING agent.tool_executor: Tool terminal returned error (0.09s): {"output": "/usr/sbin/bash: line 3: /home/ai_user/.hermes/skills/productivity/google-workspace/scripts/setup.py: Permission denied", "exit_code": 126, "error": null}
WARNING gateway.run: Unknown reasoning_effort 'max', using default (medium)
WARNING agent.tool_executor: Tool execute_code returned error (0.01s): {"status": "error", "error": "BLOCKED: execute_code runs arbitrary local Python (including subprocess calls that bypass shell-string approval checks). Cron jobs run without a user present to approve i
WARNING gateway.run: Unknown reasoning_effort 'max', using default (medium)
WARNING agent.tool_executor: Tool browser_navigate returned error (0.03s): {"success": false, "error": "Cannot connect to Camofox at http://localhost:9377. Is the server running? Start with: npm start (in camofox-browser dir) or: docker run -p 9377:9377 -e CAMOFOX_PORT=9377 
WARNING agent.auxiliary_client: Auxiliary title_generation: model 'deepseek-v4-flash' no longer in Nous catalog; retrying with refreshed recommendation 'stepfun/step-3.7-flash:free'
WARNING gateway.run: Unknown reasoning_effort 'max', using default (medium)
WARNING gateway.run: Unknown reasoning_effort 'max', using default (medium)
WARNING agent.tool_executor: Tool terminal returned error (5.99s): {"output": "Traceback (most recent call last):\n  File \"<string>\", line 1, in <module>\n    import ddgs; print('ddgs available')\n    ^^^^^^^^^^^\nModuleNotFoundError: No module named 'ddgs'", "exit
WARNING agent.tool_executor: Tool terminal returned error (0.23s): {"output": "error: No virtual environment found; run `uv venv` to create an environment, or pass `--system` to install into a non-virtual environment", "exit_code": 2, "error": null}
WARNING agent.tool_executor: Tool web_search returned error (0.01s): {
  "success": false,
  "error": "ddgs package is not installed — run `pip install ddgs`"
}
WARNING agent.tool_executor: Tool terminal returned error (0.07s): {"output": "/usr/sbin/bash: line 3: /home/ai_user/.hermes/venv/bin/activate: No such file or directory", "exit_code": 1, "error": null}
WARNING agent.tool_executor: Tool terminal returned error (0.62s): {"output": "error: No virtual environment found; run `uv venv` to create an environment, or pass `--system` to install into a non-virtual environment", "exit_code": 2, "error": null}
WARNING agent.tool_executor: Tool terminal returned error (0.63s): {"output": "/usr/sbin/bash: line 3: /home/ai_user/.hermes/hermes-agent/venv/bin/pip: No such file or directory", "exit_code": 127, "error": null}
WARNING agent.tool_executor: Tool terminal returned error (0.13s): {"output": "/home/ai_user/.hermes/hermes-agent/venv/bin/python: No module named pip", "exit_code": 1, "error": null}
WARNING agent.tool_executor: Tool terminal returned error (0.64s): {"output": "error: No virtual environment found; run `uv venv` to create an environment, or pass `--system` to install into a non-virtual environment", "exit_code": 2, "error": null}
WARNING gateway.run: Unknown reasoning_effort 'max', using default (medium)
WARNING agent.tool_executor: Tool browser_navigate returned error (16.24s): {"error": "Navigation failed: 500 Server Error: Internal Server Error for url: http://localhost:9377/tabs", "success": false}
WARNING agent.tool_executor: Tool browser_navigate returned error (30.05s): {"error": "HTTPConnectionPool(host='localhost', port=9377): Read timed out. (read timeout=30)", "success": false}

[Tool loop warning: repeated_exact_failure_warning; count=2; browser_navigate has fai
WARNING gateway.run: Unknown reasoning_effort 'max', using default (medium)
WARNING agent.auxiliary_client: Auxiliary title_generation: model 'deepseek-v4-flash' no longer in Nous catalog; retrying with refreshed recommendation 'stepfun/step-3.7-flash:free'
WARNING agent.tool_executor: Tool read_file returned error (0.06s): {"content": "", "total_lines": 0, "file_size": 0, "truncated": false, "is_binary": false, "is_image": false, "error": "File not found: /home/heigatvu/MyFile/my-project/my-assistance/working-space/lear
WARNING agent.tool_executor: Tool read_file returned error (0.07s): {"content": "", "total_lines": 0, "file_size": 0, "truncated": false, "is_binary": false, "is_image": false, "error": "File not found: /home/heigatvu/MyFile/my-project/my-assistance/working-space/lab-
WARNING agent.tool_executor: Tool read_file returned error (0.08s): {"content": "", "total_lines": 0, "file_size": 0, "truncated": false, "is_binary": false, "is_image": false, "error": "File not found: /home/heigatvu/MyFile/my-project/my-assistance/working-space/herm
WARNING gateway.run: Unknown reasoning_effort 'max', using default (medium)
WARNING agent.tool_executor: Tool patch returned error (0.04s): {"success": false, "error": "Could not find a match for old_string in the file\n\nDid you mean one of these sections?\n   1| 1|# Academic Deadline Tracker\n   2| 2|Last updated: 2026-06-13\n   3| 3||3
WARNING agent.tool_executor: Tool patch returned error (0.03s): {"success": false, "error": "Could not find a match for old_string in the file\n\nDid you mean one of these sections?\n   1| 1|# Academic Deadline Tracker\n   2| 2|Last updated: 2026-06-13\n   3| 3||3
WARNING agent.tool_executor: Tool execute_code returned error (0.01s): {"status": "error", "error": "BLOCKED: execute_code runs arbitrary local Python (including subprocess calls that bypass shell-string approval checks). Cron jobs run without a user present to approve i
WARNING agent.tool_executor: Tool skill_manage returned error (0.01s): {"success": false, "error": "old_string and new_string are identical", "file_preview": "# Common Failure Patterns and Fixes\n\nReference for the Dojo analyzer when deciding how to fix identified weakn
WARNING gateway.run: Shutdown context: signal=SIGTERM under_systemd=yes parent_pid=1 parent_name=runuser loadavg_1m=1.84 parent_cmdline='runuser -u ai_user -- /bin/zsh'
┌─────────────────────────────────────────────────────────┐
│           ⚕ Hermes Gateway Starting...                 │
├─────────────────────────────────────────────────────────┤
│  Messaging platforms + cron scheduler                    │
│  Press Ctrl+C to stop                                   │
└─────────────────────────────────────────────────────────┘

WARNING gateway.run: Unknown reasoning_effort 'max', using default (medium)
WARNING gateway.run: Unknown reasoning_effort 'max', using default (medium)
WARNING gateway.run: Shutdown context: signal=SIGTERM under_systemd=no parent_pid=281 parent_name=runuser loadavg_1m=2.56 parent_cmdline='runuser -u ai_user -- env HOME=/home/ai_user zsh -c nohup hermes gateway run >> /config-file/gateway.log 2>&1'
┌─────────────────────────────────────────────────────────┐
│           ⚕ Hermes Gateway Starting...                 │
├─────────────────────────────────────────────────────────┤
│  Messaging platforms + cron scheduler                    │
│  Press Ctrl+C to stop                                   │
└─────────────────────────────────────────────────────────┘

WARNING gateway.run: Unknown reasoning_effort 'max', using default (medium)
WARNING gateway.run: Unknown reasoning_effort 'max', using default (medium)
WARNING agent.title_generator: Title generation failed: Error code: 400 - {'error': {'code': '400', 'message': 'Param Incorrect', 'param': 'Not supported model deepseek-v4-flash'}}
WARNING gateway.platforms.telegram_network: [Telegram] Primary api.telegram.org connection failed (All connection attempts failed); trying fallback IPs 149.154.166.110
WARNING gateway.platforms.telegram_network: [Telegram] Fallback IP 149.154.166.110 failed: 
WARNING gateway.platforms.telegram: [Telegram] Connect attempt 1/8 failed: Timed out — retrying in 1s
WARNING gateway.platforms.telegram_network: [Telegram] Primary api.telegram.org connection failed ([SSL: SSLV3_ALERT_HANDSHAKE_FAILURE] ssl/tls alert handshake failure (_ssl.c:1016)); trying fallback IPs 149.154.166.110
WARNING gateway.platforms.telegram_network: [Telegram] Fallback IP 149.154.166.110 failed: [SSL: SSLV3_ALERT_HANDSHAKE_FAILURE] ssl/tls alert handshake failure (_ssl.c:1016)
WARNING gateway.platforms.telegram: [Telegram] Telegram network error, scheduling reconnect: httpx.ConnectError: [SSL: SSLV3_ALERT_HANDSHAKE_FAILURE] ssl/tls alert handshake failure (_ssl.c:1016)
WARNING gateway.platforms.telegram: [Telegram] Telegram network error (attempt 1/10), reconnecting in 5s. Error: httpx.ConnectError: [SSL: SSLV3_ALERT_HANDSHAKE_FAILURE] ssl/tls alert handshake failure (_ssl.c:1016)
WARNING gateway.platforms.telegram_network: [Telegram] Primary api.telegram.org connection failed (); trying fallback IPs 149.154.166.110
WARNING gateway.platforms.telegram_network: [Telegram] Fallback IP 149.154.166.110 failed: All connection attempts failed
ERROR telegram.ext.Updater: Error while calling `get_updates` one more time to mark all fetched updates. Suppressing error to ensure graceful shutdown. When polling for updates is restarted, updates may be fetched again. Please adjust timeouts via `ApplicationBuilder` or the parameter `get_updates_request` of `Bot`.
Traceback (most recent call last):
  File "/home/ai_user/.hermes/hermes-agent/venv/lib/python3.11/site-packages/httpx/_transports/default.py", line 101, in map_httpcore_exceptions
    yield
  File "/home/ai_user/.hermes/hermes-agent/venv/lib/python3.11/site-packages/httpx/_transports/default.py", line 394, in handle_async_request
    resp = await self._pool.handle_async_request(req)
           ^^^^^^^^^^^^^^^^^^^^^^^^^^^^^^^^^^^^^^^^^^
  File "/home/ai_user/.hermes/hermes-agent/venv/lib/python3.11/site-packages/httpcore/_async/connection_pool.py", line 256, in handle_async_request
    raise exc from None
  File "/home/ai_user/.hermes/hermes-agent/venv/lib/python3.11/site-packages/httpcore/_async/connection_pool.py", line 236, in handle_async_request
    response = await connection.handle_async_request(
               ^^^^^^^^^^^^^^^^^^^^^^^^^^^^^^^^^^^^^^
  File "/home/ai_user/.hermes/hermes-agent/venv/lib/python3.11/site-packages/httpcore/_async/connection.py", line 101, in handle_async_request
    raise exc
  File "/home/ai_user/.hermes/hermes-agent/venv/lib/python3.11/site-packages/httpcore/_async/connection.py", line 78, in handle_async_request
    stream = await self._connect(request)
             ^^^^^^^^^^^^^^^^^^^^^^^^^^^^
  File "/home/ai_user/.hermes/hermes-agent/venv/lib/python3.11/site-packages/httpcore/_async/connection.py", line 124, in _connect
    stream = await self._network_backend.connect_tcp(**kwargs)
             ^^^^^^^^^^^^^^^^^^^^^^^^^^^^^^^^^^^^^^^^^^^^^^^^^
  File "/home/ai_user/.hermes/hermes-agent/venv/lib/python3.11/site-packages/httpcore/_backends/auto.py", line 31, in connect_tcp
    return await self._backend.connect_tcp(
           ^^^^^^^^^^^^^^^^^^^^^^^^^^^^^^^^
  File "/home/ai_user/.hermes/hermes-agent/venv/lib/python3.11/site-packages/httpcore/_backends/anyio.py", line 113, in connect_tcp
    with map_exceptions(exc_map):
  File "/home/ai_user/.local/share/uv/python/cpython-3.11.15-linux-x86_64-gnu/lib/python3.11/contextlib.py", line 158, in __exit__
    self.gen.throw(typ, value, traceback)
  File "/home/ai_user/.hermes/hermes-agent/venv/lib/python3.11/site-packages/httpcore/_exceptions.py", line 14, in map_exceptions
    raise to_exc(exc) from exc
httpcore.ConnectError: All connection attempts failed

The above exception was the direct cause of the following exception:

Traceback (most recent call last):
  File "/home/ai_user/.hermes/hermes-agent/venv/lib/python3.11/site-packages/telegram/request/_httpxrequest.py", line 279, in do_request
    res = await self._client.request(
          ^^^^^^^^^^^^^^^^^^^^^^^^^^^
  File "/home/ai_user/.hermes/hermes-agent/venv/lib/python3.11/site-packages/httpx/_client.py", line 1540, in request
    return await self.send(request, auth=auth, follow_redirects=follow_redirects)
           ^^^^^^^^^^^^^^^^^^^^^^^^^^^^^^^^^^^^^^^^^^^^^^^^^^^^^^^^^^^^^^^^^^^^^^
  File "/home/ai_user/.hermes/hermes-agent/venv/lib/python3.11/site-packages/httpx/_client.py", line 1629, in send
    response = await self._send_handling_auth(
               ^^^^^^^^^^^^^^^^^^^^^^^^^^^^^^^
  File "/home/ai_user/.hermes/hermes-agent/venv/lib/python3.11/site-packages/httpx/_client.py", line 1657, in _send_handling_auth
    response = await self._send_handling_redirects(
               ^^^^^^^^^^^^^^^^^^^^^^^^^^^^^^^^^^^^
  File "/home/ai_user/.hermes/hermes-agent/venv/lib/python3.11/site-packages/httpx/_client.py", line 1694, in _send_handling_redirects
    response = await self._send_single_request(request)
               ^^^^^^^^^^^^^^^^^^^^^^^^^^^^^^^^^^^^^^^^
  File "/home/ai_user/.hermes/hermes-agent/venv/lib/python3.11/site-packages/httpx/_client.py", line 1730, in _send_single_request
    response = await transport.handle_async_request(request)
               ^^^^^^^^^^^^^^^^^^^^^^^^^^^^^^^^^^^^^^^^^^^^^
  File "/home/ai_user/.hermes/hermes-agent/gateway/platforms/telegram_network.py", line 124, in handle_async_request
    raise last_error
  File "/home/ai_user/.hermes/hermes-agent/gateway/platforms/telegram_network.py", line 90, in handle_async_request
    response = await transport.handle_async_request(candidate)
               ^^^^^^^^^^^^^^^^^^^^^^^^^^^^^^^^^^^^^^^^^^^^^^^
  File "/home/ai_user/.hermes/hermes-agent/venv/lib/python3.11/site-packages/httpx/_transports/default.py", line 393, in handle_async_request
    with map_httpcore_exceptions():
  File "/home/ai_user/.local/share/uv/python/cpython-3.11.15-linux-x86_64-gnu/lib/python3.11/contextlib.py", line 158, in __exit__
    self.gen.throw(typ, value, traceback)
  File "/home/ai_user/.hermes/hermes-agent/venv/lib/python3.11/site-packages/httpx/_transports/default.py", line 118, in map_httpcore_exceptions
    raise mapped_exc(message) from exc
httpx.ConnectError: All connection attempts failed

The above exception was the direct cause of the following exception:

Traceback (most recent call last):
  File "/home/ai_user/.hermes/hermes-agent/venv/lib/python3.11/site-packages/telegram/ext/_updater.py", line 400, in _get_updates_cleanup
    await self.bot.get_updates(
  File "/home/ai_user/.hermes/hermes-agent/venv/lib/python3.11/site-packages/telegram/ext/_extbot.py", line 671, in get_updates
    updates = await super().get_updates(
              ^^^^^^^^^^^^^^^^^^^^^^^^^^
  File "/home/ai_user/.hermes/hermes-agent/venv/lib/python3.11/site-packages/telegram/_bot.py", line 4860, in get_updates
    await self._post(
  File "/home/ai_user/.hermes/hermes-agent/venv/lib/python3.11/site-packages/telegram/_bot.py", line 703, in _post
    return await self._do_post(
           ^^^^^^^^^^^^^^^^^^^^
  File "/home/ai_user/.hermes/hermes-agent/venv/lib/python3.11/site-packages/telegram/ext/_extbot.py", line 369, in _do_post
    return await super()._do_post(
           ^^^^^^^^^^^^^^^^^^^^^^^
  File "/home/ai_user/.hermes/hermes-agent/venv/lib/python3.11/site-packages/telegram/_bot.py", line 732, in _do_post
    result = await request.post(
             ^^^^^^^^^^^^^^^^^^^
  File "/home/ai_user/.hermes/hermes-agent/venv/lib/python3.11/site-packages/telegram/request/_baserequest.py", line 198, in post
    result = await self._request_wrapper(
             ^^^^^^^^^^^^^^^^^^^^^^^^^^^^
  File "/home/ai_user/.hermes/hermes-agent/venv/lib/python3.11/site-packages/telegram/request/_baserequest.py", line 305, in _request_wrapper
    code, payload = await self.do_request(
                    ^^^^^^^^^^^^^^^^^^^^^^
  File "/home/ai_user/.hermes/hermes-agent/venv/lib/python3.11/site-packages/telegram/request/_httpxrequest.py", line 303, in do_request
    raise NetworkError(f"httpx.{err.__class__.__name__}: {err}") from err
telegram.error.NetworkError: httpx.ConnectError: All connection attempts failed
WARNING gateway.platforms.telegram_network: [Telegram] Primary api.telegram.org connection failed (); trying fallback IPs 149.154.166.110
WARNING gateway.platforms.telegram_network: [Telegram] Fallback IP 149.154.166.110 failed: [SSL: SSLV3_ALERT_HANDSHAKE_FAILURE] ssl/tls alert handshake failure (_ssl.c:1016)
ERROR telegram.ext: Network Retry Loop (Bootstrap delete Webhook): Failed run number 0 of 0. Aborting.
Traceback (most recent call last):
  File "/home/ai_user/.hermes/hermes-agent/venv/lib/python3.11/site-packages/httpx/_transports/default.py", line 101, in map_httpcore_exceptions
    yield
  File "/home/ai_user/.hermes/hermes-agent/venv/lib/python3.11/site-packages/httpx/_transports/default.py", line 394, in handle_async_request
    resp = await self._pool.handle_async_request(req)
           ^^^^^^^^^^^^^^^^^^^^^^^^^^^^^^^^^^^^^^^^^^
  File "/home/ai_user/.hermes/hermes-agent/venv/lib/python3.11/site-packages/httpcore/_async/connection_pool.py", line 256, in handle_async_request
    raise exc from None
  File "/home/ai_user/.hermes/hermes-agent/venv/lib/python3.11/site-packages/httpcore/_async/connection_pool.py", line 236, in handle_async_request
    response = await connection.handle_async_request(
               ^^^^^^^^^^^^^^^^^^^^^^^^^^^^^^^^^^^^^^
  File "/home/ai_user/.hermes/hermes-agent/venv/lib/python3.11/site-packages/httpcore/_async/connection.py", line 101, in handle_async_request
    raise exc
  File "/home/ai_user/.hermes/hermes-agent/venv/lib/python3.11/site-packages/httpcore/_async/connection.py", line 78, in handle_async_request
    stream = await self._connect(request)
             ^^^^^^^^^^^^^^^^^^^^^^^^^^^^
  File "/home/ai_user/.hermes/hermes-agent/venv/lib/python3.11/site-packages/httpcore/_async/connection.py", line 156, in _connect
    stream = await stream.start_tls(**kwargs)
             ^^^^^^^^^^^^^^^^^^^^^^^^^^^^^^^^
  File "/home/ai_user/.hermes/hermes-agent/venv/lib/python3.11/site-packages/httpcore/_backends/anyio.py", line 67, in start_tls
    with map_exceptions(exc_map):
  File "/home/ai_user/.local/share/uv/python/cpython-3.11.15-linux-x86_64-gnu/lib/python3.11/contextlib.py", line 158, in __exit__
    self.gen.throw(typ, value, traceback)
  File "/home/ai_user/.hermes/hermes-agent/venv/lib/python3.11/site-packages/httpcore/_exceptions.py", line 14, in map_exceptions
    raise to_exc(exc) from exc
httpcore.ConnectError: [SSL: SSLV3_ALERT_HANDSHAKE_FAILURE] ssl/tls alert handshake failure (_ssl.c:1016)

The above exception was the direct cause of the following exception:

Traceback (most recent call last):
  File "/home/ai_user/.hermes/hermes-agent/venv/lib/python3.11/site-packages/telegram/request/_httpxrequest.py", line 279, in do_request
    res = await self._client.request(
          ^^^^^^^^^^^^^^^^^^^^^^^^^^^
  File "/home/ai_user/.hermes/hermes-agent/venv/lib/python3.11/site-packages/httpx/_client.py", line 1540, in request
    return await self.send(request, auth=auth, follow_redirects=follow_redirects)
           ^^^^^^^^^^^^^^^^^^^^^^^^^^^^^^^^^^^^^^^^^^^^^^^^^^^^^^^^^^^^^^^^^^^^^^
  File "/home/ai_user/.hermes/hermes-agent/venv/lib/python3.11/site-packages/httpx/_client.py", line 1629, in send
    response = await self._send_handling_auth(
               ^^^^^^^^^^^^^^^^^^^^^^^^^^^^^^^
  File "/home/ai_user/.hermes/hermes-agent/venv/lib/python3.11/site-packages/httpx/_client.py", line 1657, in _send_handling_auth
    response = await self._send_handling_redirects(
               ^^^^^^^^^^^^^^^^^^^^^^^^^^^^^^^^^^^^
  File "/home/ai_user/.hermes/hermes-agent/venv/lib/python3.11/site-packages/httpx/_client.py", line 1694, in _send_handling_redirects
    response = await self._send_single_request(request)
               ^^^^^^^^^^^^^^^^^^^^^^^^^^^^^^^^^^^^^^^^
  File "/home/ai_user/.hermes/hermes-agent/venv/lib/python3.11/site-packages/httpx/_client.py", line 1730, in _send_single_request
    response = await transport.handle_async_request(request)
               ^^^^^^^^^^^^^^^^^^^^^^^^^^^^^^^^^^^^^^^^^^^^^
  File "/home/ai_user/.hermes/hermes-agent/gateway/platforms/telegram_network.py", line 124, in handle_async_request
    raise last_error
  File "/home/ai_user/.hermes/hermes-agent/gateway/platforms/telegram_network.py", line 90, in handle_async_request
    response = await transport.handle_async_request(candidate)
               ^^^^^^^^^^^^^^^^^^^^^^^^^^^^^^^^^^^^^^^^^^^^^^^
  File "/home/ai_user/.hermes/hermes-agent/venv/lib/python3.11/site-packages/httpx/_transports/default.py", line 393, in handle_async_request
    with map_httpcore_exceptions():
  File "/home/ai_user/.local/share/uv/python/cpython-3.11.15-linux-x86_64-gnu/lib/python3.11/contextlib.py", line 158, in __exit__
    self.gen.throw(typ, value, traceback)
  File "/home/ai_user/.hermes/hermes-agent/venv/lib/python3.11/site-packages/httpx/_transports/default.py", line 118, in map_httpcore_exceptions
    raise mapped_exc(message) from exc
httpx.ConnectError: [SSL: SSLV3_ALERT_HANDSHAKE_FAILURE] ssl/tls alert handshake failure (_ssl.c:1016)

The above exception was the direct cause of the following exception:

Traceback (most recent call last):
  File "/home/ai_user/.hermes/hermes-agent/venv/lib/python3.11/site-packages/telegram/ext/_utils/networkloop.py", line 161, in network_retry_loop
    await do_action()
  File "/home/ai_user/.hermes/hermes-agent/venv/lib/python3.11/site-packages/telegram/ext/_utils/networkloop.py", line 136, in do_action
    await action_cb()
  File "/home/ai_user/.hermes/hermes-agent/venv/lib/python3.11/site-packages/telegram/ext/_updater.py", line 686, in bootstrap_del_webhook
    await self.bot.delete_webhook(drop_pending_updates=drop_pending_updates)
  File "/home/ai_user/.hermes/hermes-agent/venv/lib/python3.11/site-packages/telegram/ext/_extbot.py", line 1489, in delete_webhook
    return await super().delete_webhook(
           ^^^^^^^^^^^^^^^^^^^^^^^^^^^^^
  File "/home/ai_user/.hermes/hermes-agent/venv/lib/python3.11/site-packages/telegram/_bot.py", line 5032, in delete_webhook
    return await self._post(
           ^^^^^^^^^^^^^^^^^
  File "/home/ai_user/.hermes/hermes-agent/venv/lib/python3.11/site-packages/telegram/_bot.py", line 703, in _post
    return await self._do_post(
           ^^^^^^^^^^^^^^^^^^^^
  File "/home/ai_user/.hermes/hermes-agent/venv/lib/python3.11/site-packages/telegram/ext/_extbot.py", line 369, in _do_post
    return await super()._do_post(
           ^^^^^^^^^^^^^^^^^^^^^^^
  File "/home/ai_user/.hermes/hermes-agent/venv/lib/python3.11/site-packages/telegram/_bot.py", line 732, in _do_post
    result = await request.post(
             ^^^^^^^^^^^^^^^^^^^
  File "/home/ai_user/.hermes/hermes-agent/venv/lib/python3.11/site-packages/telegram/request/_baserequest.py", line 198, in post
    result = await self._request_wrapper(
             ^^^^^^^^^^^^^^^^^^^^^^^^^^^^
  File "/home/ai_user/.hermes/hermes-agent/venv/lib/python3.11/site-packages/telegram/request/_baserequest.py", line 305, in _request_wrapper
    code, payload = await self.do_request(
                    ^^^^^^^^^^^^^^^^^^^^^^
  File "/home/ai_user/.hermes/hermes-agent/venv/lib/python3.11/site-packages/telegram/request/_httpxrequest.py", line 303, in do_request
    raise NetworkError(f"httpx.{err.__class__.__name__}: {err}") from err
telegram.error.NetworkError: httpx.ConnectError: [SSL: SSLV3_ALERT_HANDSHAKE_FAILURE] ssl/tls alert handshake failure (_ssl.c:1016)
WARNING gateway.platforms.telegram: [Telegram] Telegram polling reconnect failed: httpx.ConnectError: [SSL: SSLV3_ALERT_HANDSHAKE_FAILURE] ssl/tls alert handshake failure (_ssl.c:1016)
WARNING gateway.platforms.telegram: [Telegram] Telegram network error (attempt 2/10), reconnecting in 10s. Error: httpx.ConnectError: [SSL: SSLV3_ALERT_HANDSHAKE_FAILURE] ssl/tls alert handshake failure (_ssl.c:1016)
WARNING agent.conversation_loop: API call failed (attempt 1/3) error_type=APIConnectionError thread=ThreadPoolExecutor-0_0:140100683953856 provider=xiaomi base_url=https://api.xiaomimimo.com/v1 model=mimo-v2.5 summary=Connection error.
WARNING agent.conversation_loop: Retrying API call in 2.0824225456177476s (attempt 1/3) thread=ThreadPoolExecutor-0_0:140100683953856 provider=xiaomi base_url=https://api.xiaomimimo.com/v1 model=mimo-v2.5 error=Connection error.
WARNING gateway.platforms.telegram_network: [Telegram] Primary api.telegram.org connection failed ([SSL: SSLV3_ALERT_HANDSHAKE_FAILURE] ssl/tls alert handshake failure (_ssl.c:1016)); trying fallback IPs 149.154.166.110
WARNING gateway.platforms.telegram_network: [Telegram] Fallback IP 149.154.166.110 failed: [SSL: SSLV3_ALERT_HANDSHAKE_FAILURE] ssl/tls alert handshake failure (_ssl.c:1016)
ERROR telegram.ext: Network Retry Loop (Bootstrap delete Webhook): Failed run number 0 of 0. Aborting.
Traceback (most recent call last):
  File "/home/ai_user/.hermes/hermes-agent/venv/lib/python3.11/site-packages/httpx/_transports/default.py", line 101, in map_httpcore_exceptions
    yield
  File "/home/ai_user/.hermes/hermes-agent/venv/lib/python3.11/site-packages/httpx/_transports/default.py", line 394, in handle_async_request
    resp = await self._pool.handle_async_request(req)
           ^^^^^^^^^^^^^^^^^^^^^^^^^^^^^^^^^^^^^^^^^^
  File "/home/ai_user/.hermes/hermes-agent/venv/lib/python3.11/site-packages/httpcore/_async/connection_pool.py", line 256, in handle_async_request
    raise exc from None
  File "/home/ai_user/.hermes/hermes-agent/venv/lib/python3.11/site-packages/httpcore/_async/connection_pool.py", line 236, in handle_async_request
    response = await connection.handle_async_request(
               ^^^^^^^^^^^^^^^^^^^^^^^^^^^^^^^^^^^^^^
  File "/home/ai_user/.hermes/hermes-agent/venv/lib/python3.11/site-packages/httpcore/_async/connection.py", line 101, in handle_async_request
    raise exc
  File "/home/ai_user/.hermes/hermes-agent/venv/lib/python3.11/site-packages/httpcore/_async/connection.py", line 78, in handle_async_request
    stream = await self._connect(request)
             ^^^^^^^^^^^^^^^^^^^^^^^^^^^^
  File "/home/ai_user/.hermes/hermes-agent/venv/lib/python3.11/site-packages/httpcore/_async/connection.py", line 156, in _connect
    stream = await stream.start_tls(**kwargs)
             ^^^^^^^^^^^^^^^^^^^^^^^^^^^^^^^^
  File "/home/ai_user/.hermes/hermes-agent/venv/lib/python3.11/site-packages/httpcore/_backends/anyio.py", line 67, in start_tls
    with map_exceptions(exc_map):
  File "/home/ai_user/.local/share/uv/python/cpython-3.11.15-linux-x86_64-gnu/lib/python3.11/contextlib.py", line 158, in __exit__
    self.gen.throw(typ, value, traceback)
  File "/home/ai_user/.hermes/hermes-agent/venv/lib/python3.11/site-packages/httpcore/_exceptions.py", line 14, in map_exceptions
    raise to_exc(exc) from exc
httpcore.ConnectError: [SSL: SSLV3_ALERT_HANDSHAKE_FAILURE] ssl/tls alert handshake failure (_ssl.c:1016)

The above exception was the direct cause of the following exception:

Traceback (most recent call last):
  File "/home/ai_user/.hermes/hermes-agent/venv/lib/python3.11/site-packages/telegram/request/_httpxrequest.py", line 279, in do_request
    res = await self._client.request(
          ^^^^^^^^^^^^^^^^^^^^^^^^^^^
  File "/home/ai_user/.hermes/hermes-agent/venv/lib/python3.11/site-packages/httpx/_client.py", line 1540, in request
    return await self.send(request, auth=auth, follow_redirects=follow_redirects)
           ^^^^^^^^^^^^^^^^^^^^^^^^^^^^^^^^^^^^^^^^^^^^^^^^^^^^^^^^^^^^^^^^^^^^^^
  File "/home/ai_user/.hermes/hermes-agent/venv/lib/python3.11/site-packages/httpx/_client.py", line 1629, in send
    response = await self._send_handling_auth(
               ^^^^^^^^^^^^^^^^^^^^^^^^^^^^^^^
  File "/home/ai_user/.hermes/hermes-agent/venv/lib/python3.11/site-packages/httpx/_client.py", line 1657, in _send_handling_auth
    response = await self._send_handling_redirects(
               ^^^^^^^^^^^^^^^^^^^^^^^^^^^^^^^^^^^^
  File "/home/ai_user/.hermes/hermes-agent/venv/lib/python3.11/site-packages/httpx/_client.py", line 1694, in _send_handling_redirects
    response = await self._send_single_request(request)
               ^^^^^^^^^^^^^^^^^^^^^^^^^^^^^^^^^^^^^^^^
  File "/home/ai_user/.hermes/hermes-agent/venv/lib/python3.11/site-packages/httpx/_client.py", line 1730, in _send_single_request
    response = await transport.handle_async_request(request)
               ^^^^^^^^^^^^^^^^^^^^^^^^^^^^^^^^^^^^^^^^^^^^^
  File "/home/ai_user/.hermes/hermes-agent/gateway/platforms/telegram_network.py", line 124, in handle_async_request
    raise last_error
  File "/home/ai_user/.hermes/hermes-agent/gateway/platforms/telegram_network.py", line 90, in handle_async_request
    response = await transport.handle_async_request(candidate)
               ^^^^^^^^^^^^^^^^^^^^^^^^^^^^^^^^^^^^^^^^^^^^^^^
  File "/home/ai_user/.hermes/hermes-agent/venv/lib/python3.11/site-packages/httpx/_transports/default.py", line 393, in handle_async_request
    with map_httpcore_exceptions():
  File "/home/ai_user/.local/share/uv/python/cpython-3.11.15-linux-x86_64-gnu/lib/python3.11/contextlib.py", line 158, in __exit__
    self.gen.throw(typ, value, traceback)
  File "/home/ai_user/.hermes/hermes-agent/venv/lib/python3.11/site-packages/httpx/_transports/default.py", line 118, in map_httpcore_exceptions
    raise mapped_exc(message) from exc
httpx.ConnectError: [SSL: SSLV3_ALERT_HANDSHAKE_FAILURE] ssl/tls alert handshake failure (_ssl.c:1016)

The above exception was the direct cause of the following exception:

Traceback (most recent call last):
  File "/home/ai_user/.hermes/hermes-agent/venv/lib/python3.11/site-packages/telegram/ext/_utils/networkloop.py", line 161, in network_retry_loop
    await do_action()
  File "/home/ai_user/.hermes/hermes-agent/venv/lib/python3.11/site-packages/telegram/ext/_utils/networkloop.py", line 136, in do_action
    await action_cb()
  File "/home/ai_user/.hermes/hermes-agent/venv/lib/python3.11/site-packages/telegram/ext/_updater.py", line 686, in bootstrap_del_webhook
    await self.bot.delete_webhook(drop_pending_updates=drop_pending_updates)
  File "/home/ai_user/.hermes/hermes-agent/venv/lib/python3.11/site-packages/telegram/ext/_extbot.py", line 1489, in delete_webhook
    return await super().delete_webhook(
           ^^^^^^^^^^^^^^^^^^^^^^^^^^^^^
  File "/home/ai_user/.hermes/hermes-agent/venv/lib/python3.11/site-packages/telegram/_bot.py", line 5032, in delete_webhook
    return await self._post(
           ^^^^^^^^^^^^^^^^^
  File "/home/ai_user/.hermes/hermes-agent/venv/lib/python3.11/site-packages/telegram/_bot.py", line 703, in _post
    return await self._do_post(
           ^^^^^^^^^^^^^^^^^^^^
  File "/home/ai_user/.hermes/hermes-agent/venv/lib/python3.11/site-packages/telegram/ext/_extbot.py", line 369, in _do_post
    return await super()._do_post(
           ^^^^^^^^^^^^^^^^^^^^^^^
  File "/home/ai_user/.hermes/hermes-agent/venv/lib/python3.11/site-packages/telegram/_bot.py", line 732, in _do_post
    result = await request.post(
             ^^^^^^^^^^^^^^^^^^^
  File "/home/ai_user/.hermes/hermes-agent/venv/lib/python3.11/site-packages/telegram/request/_baserequest.py", line 198, in post
    result = await self._request_wrapper(
             ^^^^^^^^^^^^^^^^^^^^^^^^^^^^
  File "/home/ai_user/.hermes/hermes-agent/venv/lib/python3.11/site-packages/telegram/request/_baserequest.py", line 305, in _request_wrapper
    code, payload = await self.do_request(
                    ^^^^^^^^^^^^^^^^^^^^^^
  File "/home/ai_user/.hermes/hermes-agent/venv/lib/python3.11/site-packages/telegram/request/_httpxrequest.py", line 303, in do_request
    raise NetworkError(f"httpx.{err.__class__.__name__}: {err}") from err
telegram.error.NetworkError: httpx.ConnectError: [SSL: SSLV3_ALERT_HANDSHAKE_FAILURE] ssl/tls alert handshake failure (_ssl.c:1016)
WARNING gateway.platforms.telegram: [Telegram] Telegram polling reconnect failed: httpx.ConnectError: [SSL: SSLV3_ALERT_HANDSHAKE_FAILURE] ssl/tls alert handshake failure (_ssl.c:1016)
WARNING gateway.platforms.telegram: [Telegram] Telegram network error (attempt 3/10), reconnecting in 20s. Error: httpx.ConnectError: [SSL: SSLV3_ALERT_HANDSHAKE_FAILURE] ssl/tls alert handshake failure (_ssl.c:1016)
WARNING agent.conversation_loop: API call failed (attempt 2/3) error_type=APIConnectionError thread=ThreadPoolExecutor-0_0:140100683953856 provider=xiaomi base_url=https://api.xiaomimimo.com/v1 model=mimo-v2.5 summary=Connection error.
WARNING agent.conversation_loop: Retrying API call in 5.166490575769194s (attempt 2/3) thread=ThreadPoolExecutor-0_0:140100683953856 provider=xiaomi base_url=https://api.xiaomimimo.com/v1 model=mimo-v2.5 error=Connection error.
WARNING gateway.platforms.telegram_network: [Telegram] Primary api.telegram.org connection failed ([SSL: SSLV3_ALERT_HANDSHAKE_FAILURE] ssl/tls alert handshake failure (_ssl.c:1016)); trying fallback IPs 149.154.166.110
WARNING gateway.platforms.telegram_network: [Telegram] Fallback IP 149.154.166.110 failed: [SSL: SSLV3_ALERT_HANDSHAKE_FAILURE] ssl/tls alert handshake failure (_ssl.c:1016)
ERROR telegram.ext: Network Retry Loop (Bootstrap delete Webhook): Failed run number 0 of 0. Aborting.
Traceback (most recent call last):
  File "/home/ai_user/.hermes/hermes-agent/venv/lib/python3.11/site-packages/httpx/_transports/default.py", line 101, in map_httpcore_exceptions
    yield
  File "/home/ai_user/.hermes/hermes-agent/venv/lib/python3.11/site-packages/httpx/_transports/default.py", line 394, in handle_async_request
    resp = await self._pool.handle_async_request(req)
           ^^^^^^^^^^^^^^^^^^^^^^^^^^^^^^^^^^^^^^^^^^
  File "/home/ai_user/.hermes/hermes-agent/venv/lib/python3.11/site-packages/httpcore/_async/connection_pool.py", line 256, in handle_async_request
    raise exc from None
  File "/home/ai_user/.hermes/hermes-agent/venv/lib/python3.11/site-packages/httpcore/_async/connection_pool.py", line 236, in handle_async_request
    response = await connection.handle_async_request(
               ^^^^^^^^^^^^^^^^^^^^^^^^^^^^^^^^^^^^^^
  File "/home/ai_user/.hermes/hermes-agent/venv/lib/python3.11/site-packages/httpcore/_async/connection.py", line 101, in handle_async_request
    raise exc
  File "/home/ai_user/.hermes/hermes-agent/venv/lib/python3.11/site-packages/httpcore/_async/connection.py", line 78, in handle_async_request
    stream = await self._connect(request)
             ^^^^^^^^^^^^^^^^^^^^^^^^^^^^
  File "/home/ai_user/.hermes/hermes-agent/venv/lib/python3.11/site-packages/httpcore/_async/connection.py", line 156, in _connect
    stream = await stream.start_tls(**kwargs)
             ^^^^^^^^^^^^^^^^^^^^^^^^^^^^^^^^
  File "/home/ai_user/.hermes/hermes-agent/venv/lib/python3.11/site-packages/httpcore/_backends/anyio.py", line 67, in start_tls
    with map_exceptions(exc_map):
  File "/home/ai_user/.local/share/uv/python/cpython-3.11.15-linux-x86_64-gnu/lib/python3.11/contextlib.py", line 158, in __exit__
    self.gen.throw(typ, value, traceback)
  File "/home/ai_user/.hermes/hermes-agent/venv/lib/python3.11/site-packages/httpcore/_exceptions.py", line 14, in map_exceptions
    raise to_exc(exc) from exc
httpcore.ConnectError: [SSL: SSLV3_ALERT_HANDSHAKE_FAILURE] ssl/tls alert handshake failure (_ssl.c:1016)

The above exception was the direct cause of the following exception:

Traceback (most recent call last):
  File "/home/ai_user/.hermes/hermes-agent/venv/lib/python3.11/site-packages/telegram/request/_httpxrequest.py", line 279, in do_request
    res = await self._client.request(
          ^^^^^^^^^^^^^^^^^^^^^^^^^^^
  File "/home/ai_user/.hermes/hermes-agent/venv/lib/python3.11/site-packages/httpx/_client.py", line 1540, in request
    return await self.send(request, auth=auth, follow_redirects=follow_redirects)
           ^^^^^^^^^^^^^^^^^^^^^^^^^^^^^^^^^^^^^^^^^^^^^^^^^^^^^^^^^^^^^^^^^^^^^^
  File "/home/ai_user/.hermes/hermes-agent/venv/lib/python3.11/site-packages/httpx/_client.py", line 1629, in send
    response = await self._send_handling_auth(
               ^^^^^^^^^^^^^^^^^^^^^^^^^^^^^^^
  File "/home/ai_user/.hermes/hermes-agent/venv/lib/python3.11/site-packages/httpx/_client.py", line 1657, in _send_handling_auth
    response = await self._send_handling_redirects(
               ^^^^^^^^^^^^^^^^^^^^^^^^^^^^^^^^^^^^
  File "/home/ai_user/.hermes/hermes-agent/venv/lib/python3.11/site-packages/httpx/_client.py", line 1694, in _send_handling_redirects
    response = await self._send_single_request(request)
               ^^^^^^^^^^^^^^^^^^^^^^^^^^^^^^^^^^^^^^^^
  File "/home/ai_user/.hermes/hermes-agent/venv/lib/python3.11/site-packages/httpx/_client.py", line 1730, in _send_single_request
    response = await transport.handle_async_request(request)
               ^^^^^^^^^^^^^^^^^^^^^^^^^^^^^^^^^^^^^^^^^^^^^
  File "/home/ai_user/.hermes/hermes-agent/gateway/platforms/telegram_network.py", line 124, in handle_async_request
    raise last_error
  File "/home/ai_user/.hermes/hermes-agent/gateway/platforms/telegram_network.py", line 90, in handle_async_request
    response = await transport.handle_async_request(candidate)
               ^^^^^^^^^^^^^^^^^^^^^^^^^^^^^^^^^^^^^^^^^^^^^^^
  File "/home/ai_user/.hermes/hermes-agent/venv/lib/python3.11/site-packages/httpx/_transports/default.py", line 393, in handle_async_request
    with map_httpcore_exceptions():
  File "/home/ai_user/.local/share/uv/python/cpython-3.11.15-linux-x86_64-gnu/lib/python3.11/contextlib.py", line 158, in __exit__
    self.gen.throw(typ, value, traceback)
  File "/home/ai_user/.hermes/hermes-agent/venv/lib/python3.11/site-packages/httpx/_transports/default.py", line 118, in map_httpcore_exceptions
    raise mapped_exc(message) from exc
httpx.ConnectError: [SSL: SSLV3_ALERT_HANDSHAKE_FAILURE] ssl/tls alert handshake failure (_ssl.c:1016)

The above exception was the direct cause of the following exception:

Traceback (most recent call last):
  File "/home/ai_user/.hermes/hermes-agent/venv/lib/python3.11/site-packages/telegram/ext/_utils/networkloop.py", line 161, in network_retry_loop
    await do_action()
  File "/home/ai_user/.hermes/hermes-agent/venv/lib/python3.11/site-packages/telegram/ext/_utils/networkloop.py", line 136, in do_action
    await action_cb()
  File "/home/ai_user/.hermes/hermes-agent/venv/lib/python3.11/site-packages/telegram/ext/_updater.py", line 686, in bootstrap_del_webhook
    await self.bot.delete_webhook(drop_pending_updates=drop_pending_updates)
  File "/home/ai_user/.hermes/hermes-agent/venv/lib/python3.11/site-packages/telegram/ext/_extbot.py", line 1489, in delete_webhook
    return await super().delete_webhook(
           ^^^^^^^^^^^^^^^^^^^^^^^^^^^^^
  File "/home/ai_user/.hermes/hermes-agent/venv/lib/python3.11/site-packages/telegram/_bot.py", line 5032, in delete_webhook
    return await self._post(
           ^^^^^^^^^^^^^^^^^
  File "/home/ai_user/.hermes/hermes-agent/venv/lib/python3.11/site-packages/telegram/_bot.py", line 703, in _post
    return await self._do_post(
           ^^^^^^^^^^^^^^^^^^^^
  File "/home/ai_user/.hermes/hermes-agent/venv/lib/python3.11/site-packages/telegram/ext/_extbot.py", line 369, in _do_post
    return await super()._do_post(
           ^^^^^^^^^^^^^^^^^^^^^^^
  File "/home/ai_user/.hermes/hermes-agent/venv/lib/python3.11/site-packages/telegram/_bot.py", line 732, in _do_post
    result = await request.post(
             ^^^^^^^^^^^^^^^^^^^
  File "/home/ai_user/.hermes/hermes-agent/venv/lib/python3.11/site-packages/telegram/request/_baserequest.py", line 198, in post
    result = await self._request_wrapper(
             ^^^^^^^^^^^^^^^^^^^^^^^^^^^^
  File "/home/ai_user/.hermes/hermes-agent/venv/lib/python3.11/site-packages/telegram/request/_baserequest.py", line 305, in _request_wrapper
    code, payload = await self.do_request(
                    ^^^^^^^^^^^^^^^^^^^^^^
  File "/home/ai_user/.hermes/hermes-agent/venv/lib/python3.11/site-packages/telegram/request/_httpxrequest.py", line 303, in do_request
    raise NetworkError(f"httpx.{err.__class__.__name__}: {err}") from err
telegram.error.NetworkError: httpx.ConnectError: [SSL: SSLV3_ALERT_HANDSHAKE_FAILURE] ssl/tls alert handshake failure (_ssl.c:1016)
WARNING gateway.platforms.telegram: [Telegram] Telegram polling reconnect failed: httpx.ConnectError: [SSL: SSLV3_ALERT_HANDSHAKE_FAILURE] ssl/tls alert handshake failure (_ssl.c:1016)
WARNING gateway.platforms.telegram: [Telegram] Telegram network error (attempt 4/10), reconnecting in 40s. Error: httpx.ConnectError: [SSL: SSLV3_ALERT_HANDSHAKE_FAILURE] ssl/tls alert handshake failure (_ssl.c:1016)
WARNING agent.tool_executor: Tool terminal returned error (0.12s): {"output": "Traceback (most recent call last):\n  File \"/home/ai_user/.hermes/skills/productivity/google-workspace/scripts/google_api.py\", line 1225, in <module>\n    main()\n    ~~~~^^\n  File \"/h
WARNING agent.tool_executor: Tool read_file returned error (0.05s): {"content": "", "total_lines": 0, "file_size": 0, "truncated": false, "is_binary": false, "is_image": false, "error": "File not found: /workspace/hermes-schedule/learning/tracker.md"}
WARNING agent.conversation_loop: API call failed (attempt 1/3) error_type=APIConnectionError thread=ThreadPoolExecutor-0_0:140100683953856 provider=xiaomi base_url=https://api.xiaomimimo.com/v1 model=mimo-v2.5 summary=Connection error.
WARNING agent.conversation_loop: Retrying API call in 2.8631306353561317s (attempt 1/3) thread=ThreadPoolExecutor-0_0:140100683953856 provider=xiaomi base_url=https://api.xiaomimimo.com/v1 model=mimo-v2.5 error=Connection error.
WARNING gateway.platforms.telegram_network: [Telegram] Primary api.telegram.org connection failed (); trying fallback IPs 149.154.166.110
WARNING agent.tool_executor: Tool read_file returned error (0.05s): {"content": "", "total_lines": 0, "file_size": 0, "truncated": false, "is_binary": false, "is_image": false, "error": "File not found: /workspace/hermes-schedule/learning/tracker.md"}

[Tool loop warn
WARNING gateway.platforms.telegram_network: [Telegram] Primary api.telegram.org path unreachable; using sticky fallback IP 149.154.166.110
WARNING agent.tool_executor: Tool terminal returned error (60.52s): {"output": "Traceback (most recent call last):\n  File \"/home/ai_user/.hermes/skills/productivity/google-workspace/scripts/google_api.py\", line 1225, in <module>\n    main()\n    ~~~~^^\n  File \"/h
WARNING agent.conversation_loop: API call failed (attempt 1/3) error_type=APIConnectionError thread=ThreadPoolExecutor-0_0:140100683953856 provider=xiaomi base_url=https://api.xiaomimimo.com/v1 model=mimo-v2.5 summary=Connection error.
WARNING agent.conversation_loop: Retrying API call in 2.8856632026606244s (attempt 1/3) thread=ThreadPoolExecutor-0_0:140100683953856 provider=xiaomi base_url=https://api.xiaomimimo.com/v1 model=mimo-v2.5 error=Connection error.
WARNING agent.conversation_loop: API call failed (attempt 2/3) error_type=APIConnectionError thread=ThreadPoolExecutor-0_0:140100683953856 provider=xiaomi base_url=https://api.xiaomimimo.com/v1 model=mimo-v2.5 summary=Connection error.
WARNING agent.conversation_loop: Retrying API call in 4.470124828005159s (attempt 2/3) thread=ThreadPoolExecutor-0_0:140100683953856 provider=xiaomi base_url=https://api.xiaomimimo.com/v1 model=mimo-v2.5 error=Connection error.
WARNING agent.tool_executor: Tool terminal returned error (0.06s): {"output": "", "exit_code": -1, "error": "", "status": "pending_approval", "approval_pending": true, "command": "curl -s --connect-timeout 10 \"https://www.googleapis.com/calendar/v3/calendars/primary
WARNING agent.conversation_loop: API call failed (attempt 1/3) error_type=APIConnectionError thread=ThreadPoolExecutor-0_0:140100683953856 provider=xiaomi base_url=https://api.xiaomimimo.com/v1 model=mimo-v2.5 summary=Connection error.
WARNING agent.conversation_loop: Retrying API call in 2.5186798940806883s (attempt 1/3) thread=ThreadPoolExecutor-0_0:140100683953856 provider=xiaomi base_url=https://api.xiaomimimo.com/v1 model=mimo-v2.5 error=Connection error.
WARNING agent.tool_executor: Tool terminal returned error (60.54s): {"output": "Traceback (most recent call last):\n  File \"/home/ai_user/.hermes/skills/productivity/google-workspace/scripts/google_api.py\", line 1225, in <module>\n    main()\n    ~~~~^^\n  File \"/h
WARNING agent.conversation_loop: API call failed (attempt 1/3) error_type=APIConnectionError thread=ThreadPoolExecutor-0_0:140100683953856 provider=xiaomi base_url=https://api.xiaomimimo.com/v1 model=mimo-v2.5 summary=Connection error.
WARNING agent.conversation_loop: Retrying API call in 2.0484558944334212s (attempt 1/3) thread=ThreadPoolExecutor-0_0:140100683953856 provider=xiaomi base_url=https://api.xiaomimimo.com/v1 model=mimo-v2.5 error=Connection error.
WARNING gateway.platforms.telegram_network: [Telegram] Primary api.telegram.org connection failed ([SSL: SSLV3_ALERT_HANDSHAKE_FAILURE] ssl/tls alert handshake failure (_ssl.c:1016)); trying fallback IPs 149.154.166.110
WARNING gateway.platforms.telegram_network: [Telegram] Primary api.telegram.org path unreachable; using sticky fallback IP 149.154.166.110
WARNING agent.conversation_loop: API call failed (attempt 1/3) error_type=APIConnectionError thread=ThreadPoolExecutor-1_0:140100683953856 provider=xiaomi base_url=https://api.xiaomimimo.com/v1 model=mimo-v2.5 summary=Connection error.
WARNING agent.conversation_loop: Retrying API call in 2.5484872277441566s (attempt 1/3) thread=ThreadPoolExecutor-1_0:140100683953856 provider=xiaomi base_url=https://api.xiaomimimo.com/v1 model=mimo-v2.5 error=Connection error.
WARNING gateway.platforms.telegram_network: [Telegram] Sticky fallback IP 149.154.166.110 failed; resetting to primary DNS path
WARNING gateway.platforms.telegram_network: [Telegram] Fallback IP 149.154.166.110 failed: [SSL: SSLV3_ALERT_HANDSHAKE_FAILURE] ssl/tls alert handshake failure (_ssl.c:1016)
WARNING gateway.platforms.telegram_network: [Telegram] Primary api.telegram.org connection failed (); trying fallback IPs 149.154.166.110
WARNING gateway.platforms.telegram: [Telegram] sendRichMessage transient failure (no legacy resend): Timed out
WARNING cron.scheduler: Job '2bd6778f1fae': live adapter send to telegram:5920999693 failed (Timed out), falling back to standalone
WARNING gateway.platforms.telegram_network: [Telegram] Primary api.telegram.org connection failed (); trying fallback IPs 149.154.166.110
WARNING gateway.platforms.telegram_network: [Telegram] Primary api.telegram.org path unreachable; using sticky fallback IP 149.154.166.110
WARNING agent.tool_executor: Tool terminal returned error (0.13s): {"output": "File \"/home/ai_user/.hermes/skills/productivity/google-workspace/scripts/cron_google_api.sh\", line 5\n    set -euo pipefail\n             ^^^^^^^^\nSyntaxError: invalid syntax", "exit_co
WARNING agent.tool_executor: Tool read_file returned error (0.05s): {"content": "", "total_lines": 0, "file_size": 0, "truncated": false, "is_binary": false, "is_image": false, "error": "File not found: /workspace/hermes-schedule/learning/tracker.md"}
WARNING agent.tool_executor: Tool execute_code returned error (0.01s): {"status": "error", "error": "BLOCKED: execute_code runs arbitrary local Python (including subprocess calls that bypass shell-string approval checks). Cron jobs run without a user present to approve i
WARNING gateway.platforms.telegram_network: [Telegram] Primary api.telegram.org connection failed (); trying fallback IPs 149.154.167.220
WARNING gateway.platforms.telegram_network: [Telegram] Primary api.telegram.org path unreachable; using sticky fallback IP 149.154.167.220
WARNING gateway.platforms.telegram: [Telegram] Telegram network error, scheduling reconnect: httpx.ReadError: 
WARNING gateway.platforms.telegram: [Telegram] Telegram network error (attempt 1/10), reconnecting in 5s. Error: httpx.ReadError: 
WARNING agent.tool_executor: Tool terminal returned error (0.07s): {"output": "/usr/sbin/bash: line 3: himalaya: command not found", "exit_code": 127, "error": null}
WARNING agent.title_generator: Title generation failed: Error code: 400 - {'error': {'code': '400', 'message': 'Param Incorrect', 'param': 'Not supported model deepseek-v4-flash'}}
WARNING gateway.run: Shutdown context: signal=SIGTERM under_systemd=no parent_pid=841 parent_name=runuser loadavg_1m=3.34 parent_cmdline='runuser -u ai_user -- env HOME=/home/ai_user zsh -c nohup hermes gateway run >> /config-file/gateway.log 2>&1'
WARNING gateway.run: Shutdown context: signal=SIGTERM under_systemd=no parent_pid=841 parent_name=runuser loadavg_1m=4.00 parent_cmdline='runuser -u ai_user -- env HOME=/home/ai_user zsh -c nohup hermes gateway run >> /config-file/gateway.log 2>&1'
ERROR gateway.run: Another gateway instance (PID 6636) started during our startup. Exiting to avoid double-running.
✓ Stopped gateway for this profile
Starting gateway...
┌─────────────────────────────────────────────────────────┐
│           ⚕ Hermes Gateway Starting...                 │
├─────────────────────────────────────────────────────────┤
│  Messaging platforms + cron scheduler                    │
│  Press Ctrl+C to stop                                   │
└─────────────────────────────────────────────────────────┘

WARNING gateway.platforms.telegram: [Telegram] Telegram network error, scheduling reconnect: httpx.ReadError: 
WARNING gateway.platforms.telegram: [Telegram] Telegram network error (attempt 1/10), reconnecting in 5s. Error: httpx.ReadError: 
WARNING gateway.platforms.telegram: [Telegram] Telegram network error, scheduling reconnect: httpx.ReadError: 
WARNING gateway.platforms.telegram: [Telegram] Telegram network error (attempt 1/10), reconnecting in 5s. Error: httpx.ReadError: 
WARNING agent.tool_executor: Tool skill_view returned error (0.03s): {"success": false, "error": "Skill 'codebase-inspection' is disabled. Enable it with `hermes skills` or inspect the files directly on disk."}
WARNING agent.tool_executor: Tool skill_view returned error (0.04s): {"success": false, "error": "Skill 'ascii-art' is disabled. Enable it with `hermes skills` or inspect the files directly on disk."}
WARNING agent.tool_executor: Tool skill_view returned error (0.03s): {"success": false, "error": "Skill 'systematic-debugging' is disabled. Enable it with `hermes skills` or inspect the files directly on disk."}

[Tool loop warning: same_tool_failure_warning; count=3; 
WARNING agent.tool_executor: Tool terminal returned error (0.07s): {"output": "", "exit_code": -1, "error": "", "status": "pending_approval", "approval_pending": true, "command": "# Check if the existing directories are skills\necho \"=== Checking existing apple-ecos
WARNING agent.tool_executor: Tool terminal returned error (0.05s): {"output": "", "exit_code": -1, "error": "", "status": "pending_approval", "approval_pending": true, "command": "rm -rf ~/.hermes/skills/apple-ecosystem-umbrella\nrm -rf ~/.hermes/skills/agentmemory\n
WARNING agent.tool_executor: Tool process returned error (0.01s): {"status": "not_found", "error": "No process with ID terminal"}
WARNING gateway.platforms.telegram_network: [Telegram] Primary api.telegram.org connection failed (); trying fallback IPs 149.154.167.220
WARNING gateway.platforms.telegram_network: [Telegram] Primary api.telegram.org path unreachable; using sticky fallback IP 149.154.167.220
WARNING agent.tool_executor: Tool read_file returned error (0.06s): {"content": "", "total_lines": 0, "file_size": 0, "truncated": false, "is_binary": false, "is_image": false, "error": "File not found: /workspace/hermes-schedule/learning/tracker.md"}
WARNING agent.tool_executor: Tool terminal returned error (0.62s): {"output": "Traceback (most recent call last):\n  File \"/home/ai_user/.hermes/skills/productivity/google-workspace/scripts/google_api.py\", line 1225, in <module>\n    main()\n    ~~~~^^\n  File \"/h
WARNING agent.tool_executor: Tool execute_code returned error (0.01s): {"status": "error", "error": "BLOCKED: execute_code runs arbitrary local Python (including subprocess calls that bypass shell-string approval checks). Cron jobs run without a user present to approve i
WARNING agent.tool_executor: Tool terminal returned error (0.05s): {"output": "", "exit_code": -1, "error": "", "status": "pending_approval", "approval_pending": true, "command": "python3 -c \"\nimport json, sys\n# Read the MCP sessions output from stdin\n# Actually,
WARNING agent.tool_executor: Tool process returned error (0.00s): {"status": "not_found", "error": "No process with ID 38e2f59d-7793-40f2-a307-06b66f0e9b9f"}
WARNING agent.tool_executor: Tool terminal returned error (0.12s): {"output": "Main store: 149 total, 147 with obs, 0 empty active, 97 completed\nTraceback (most recent call last):\n  File \"/workspace/cleanup_report.py\", line 10, in <module>\n    d = json.load(f)\n
WARNING agent.tool_executor: Tool terminal returned error (0.05s): {"output": "", "exit_code": -1, "error": "", "status": "pending_approval", "approval_pending": true, "command": "rm /workspace/cleanup_report.py", "description": "delete in root path", "pattern_key": 
WARNING agent.tool_executor: Tool terminal returned error (5.92s): {"output": "TOKEN_REVOKED: ('invalid_grant: Token has been expired or revoked.', {'error': 'invalid_grant', 'error_description': 'Token has been expired or revoked.'})\n  Re-run setup to re-authentica
WARNING agent.title_generator: Title generation failed: Error code: 400 - {'error': {'code': '400', 'message': 'Param Incorrect', 'param': 'Not supported model deepseek-v4-flash'}}
/home/ai_user/.hermes/hermes-agent/gateway/platforms/telegram.py:1287: PTBUserWarning: Please use 'Bot.editMessageText' instead of 'Bot.do_api_request("editMessageText", ...)'
  await self._bot.do_api_request("editMessageText", api_kwargs=payload)
WARNING agent.title_generator: Title generation failed: Error code: 400 - {'error': {'code': '400', 'message': 'Param Incorrect', 'param': 'Not supported model deepseek-v4-flash'}}
WARNING agent.tool_executor: Tool terminal returned error (0.09s): {"output": "usage: setup.py [-h] (--check | --check-live | --client-secret PATH |\n                --auth-url | --auth-code CODE | --revoke | --install-deps)\nsetup.py: error: unrecognized arguments: 
WARNING agent.tool_executor: Tool memory returned error (0.01s): {"success": false, "error": "No entry matched 'Gmail IMAP configured for vnmduc.work@gmail.com via himalaya (app password auth)'."}
WARNING agent.tool_executor: Tool search_files returned error (0.00s): {"error": "Background review denied non-whitelisted tool: search_files. Only memory/skill tools are allowed."}
┌─────────────────────────────────────────────────────────┐
│           ⚕ Hermes Gateway Starting...                 │
├─────────────────────────────────────────────────────────┤
│  Messaging platforms + cron scheduler                    │
│  Press Ctrl+C to stop                                   │
└─────────────────────────────────────────────────────────┘

WARNING gateway.platforms.telegram_network: [Telegram] Primary api.telegram.org connection failed (); trying fallback IPs 149.154.166.110
WARNING gateway.platforms.telegram_network: [Telegram] Primary api.telegram.org path unreachable; using sticky fallback IP 149.154.166.110
WARNING agent.tool_executor: Tool read_file returned error (0.06s): {"content": "", "total_lines": 0, "file_size": 0, "truncated": false, "is_binary": false, "is_image": false, "error": "File not found: /workspace/hermes-schedule/learning/tracker.md"}
WARNING agent.tool_executor: Tool execute_code returned error (0.01s): {"status": "error", "error": "BLOCKED: execute_code runs arbitrary local Python (including subprocess calls that bypass shell-string approval checks). Cron jobs run without a user present to approve i
WARNING agent.tool_executor: Tool memory returned error (0.02s): {"success": false, "error": "Memory at 548/400 chars. Adding this entry (201 chars) would exceed the limit. Consolidate now: use 'replace' to merge overlapping entries into shorter ones or 'remove' st
WARNING agent.tool_executor: Tool memory returned error (0.00s): {"success": false, "error": "Replacement would put memory at 653/400 chars. Shorten the new content, or 'remove' other stale or less important entries to make room (see current_entries below), then re
WARNING agent.tool_executor: Tool memory returned error (0.00s): {"success": false, "error": "Replacement would put memory at 512/400 chars. Shorten the new content, or 'remove' other stale or less important entries to make room (see current_entries below), then re
WARNING agent.tool_executor: Tool memory returned error (0.00s): {"error": "content is required for 'replace' action.", "success": false}
WARNING agent.tool_executor: Tool execute_code returned error (0.01s): {"status": "error", "error": "BLOCKED: execute_code runs arbitrary local Python (including subprocess calls that bypass shell-string approval checks). Cron jobs run without a user present to approve i
WARNING agent.tool_executor: Tool terminal returned error (0.06s): {"output": "", "exit_code": -1, "error": "", "status": "pending_approval", "approval_pending": true, "command": "rtk read ~/.agentmemory/data/state_store.db/mem%3Asessions.bin | python3 -c \"\nimport 
WARNING agent.tool_executor: Tool terminal returned error (0.08s): {"output": "644  mem%3Aaccess.bin  94.9K\n644  mem%3Aaction-edges.bin  636B\n644  mem%3Aactions.bin  2.4K\n644  mem%3Aaudit.bin  480.5K\n644  mem%3Agraph%3Aedges.bin  111.9K\n644  mem%3Agraph%3Anodes.
WARNING agent.tool_executor: Tool terminal returned error (0.05s): {"output": "", "exit_code": -1, "error": "", "status": "pending_approval", "approval_pending": true, "command": "python3 -c \"\nimport json\nwith open('/home/ai_user/.agentmemory/data/state_store.db/m
WARNING agent.tool_executor: Tool terminal returned error (0.04s): {"output": "", "exit_code": -1, "error": "", "status": "pending_approval", "approval_pending": true, "command": "rm -f /tmp/count_sessions.py /tmp/inspect_bin.py /tmp/count_binary.py /tmp/summary.py",
WARNING gateway.platforms.telegram: [Telegram] Telegram network error, scheduling reconnect: httpx.ReadError: 
WARNING gateway.platforms.telegram: [Telegram] Telegram network error (attempt 1/10), reconnecting in 5s. Error: httpx.ReadError: 
WARNING gateway.platforms.telegram_network: [Telegram] Primary api.telegram.org connection failed (); trying fallback IPs 149.154.166.110
WARNING gateway.platforms.telegram_network: [Telegram] Fallback IP 149.154.166.110 failed: 
WARNING gateway.platforms.telegram_network: [Telegram] Primary api.telegram.org connection failed (); trying fallback IPs 149.154.166.110
WARNING gateway.platforms.telegram_network: [Telegram] Fallback IP 149.154.166.110 failed: 
WARNING gateway.platforms.telegram_network: [Telegram] Primary api.telegram.org connection failed (); trying fallback IPs 149.154.166.110
WARNING gateway.platforms.telegram_network: [Telegram] Fallback IP 149.154.166.110 failed: 
WARNING gateway.platforms.telegram_network: [Telegram] Primary api.telegram.org connection failed (); trying fallback IPs 149.154.166.110
WARNING gateway.platforms.telegram_network: [Telegram] Primary api.telegram.org path unreachable; using sticky fallback IP 149.154.166.110
WARNING gateway.platforms.telegram_network: [Telegram] Sticky fallback IP 149.154.166.110 failed; resetting to primary DNS path
WARNING gateway.platforms.telegram_network: [Telegram] Fallback IP 149.154.166.110 failed: 
WARNING agent.tool_executor: Tool terminal returned error (0.07s): {"output": "/workspace/lab-run/:\ntotal 12\ndrwxrwxrwx. 1    1001    1001  210 Jun 14 16:17 .\ndrwxrwxrwx. 1    1001    1001  198 Jun 19 15:04 ..\ndrwxrwxrwx. 1    1001    1001  252 Jun 14 03:49 ADReS
WARNING agent.tool_executor: Tool terminal returned error (0.08s): {"output": "fatal: detected dubious ownership in repository at '/workspace/lab-run/ADReSSo-feature-extraction-vi'\nTo add an exception for this directory, call:\n\n\tgit config --global --add safe.dir
WARNING agent.tool_executor: Tool read_file returned error (0.03s): {"content": "", "total_lines": 0, "file_size": 0, "truncated": false, "is_binary": false, "is_image": false, "error": "File not found: /home/ai_user/plans/adresso-vi/daily-implementation-plan.md"}
WARNING agent.tool_executor: Tool terminal returned error (7.97s): {"output": "Traceback (most recent call last):\n  File \"<string>\", line 6, in <module>\n    rows = db.execute('''SELECT tool_name, error_message, session_id, timestamp\n           ~~~~~~~~~~^^^^^^^^
WARNING agent.tool_executor: Tool terminal returned error (6.10s): {"output": "Traceback (most recent call last):\n  File \"<string>\", line 16, in <module>\n    print(f'  [{r[\"timestamp\"]:.0f}] sid={str(r[\"session_id\"])[:16]} → {r[\"content\"][:200]}')\n        
WARNING hermes_plugins.raft_platform.adapter: [raft] raft CLI not found in PATH — install from https://raft.build
WARNING hermes_plugins.raft_platform.adapter: [raft] raft CLI not found in PATH — install from https://raft.build
WARNING hermes_plugins.raft_platform.adapter: [raft] raft CLI not found in PATH — install from https://raft.build
WARNING hermes_plugins.raft_platform.adapter: [raft] raft CLI not found in PATH — install from https://raft.build
WARNING hermes_plugins.raft_platform.adapter: [raft] raft CLI not found in PATH — install from https://raft.build
WARNING tools.mcp_tool: MCP server 'agentmemory' keepalive failed, triggering reconnect: Unknown method: ping
WARNING tools.mcp_tool: MCP server 'agentmemory' keepalive failed, triggering reconnect: Unknown method: ping
WARNING tools.mcp_tool: MCP server 'agentmemory' keepalive failed, triggering reconnect: Unknown method: ping
WARNING tools.mcp_tool: MCP server 'agentmemory' keepalive failed, triggering reconnect: Unknown method: ping
WARNING tools.mcp_tool: MCP server 'agentmemory' keepalive failed, triggering reconnect: Unknown method: ping
WARNING tools.mcp_tool: MCP server 'agentmemory' keepalive failed, triggering reconnect: Unknown method: ping
WARNING tools.mcp_tool: MCP server 'agentmemory' keepalive failed, triggering reconnect: Unknown method: ping
WARNING tools.mcp_tool: MCP server 'agentmemory' keepalive failed, triggering reconnect: Unknown method: ping
WARNING tools.mcp_tool: MCP server 'agentmemory' keepalive failed, triggering reconnect: Unknown method: ping
WARNING tools.mcp_tool: MCP server 'agentmemory' keepalive failed, triggering reconnect: Unknown method: ping
WARNING tools.mcp_tool: MCP server 'agentmemory' keepalive failed, triggering reconnect: Unknown method: ping
WARNING tools.mcp_tool: MCP server 'agentmemory' keepalive failed, triggering reconnect: Unknown method: ping
WARNING tools.mcp_tool: MCP server 'agentmemory' keepalive failed, triggering reconnect: Unknown method: ping
WARNING tools.mcp_tool: MCP server 'agentmemory' keepalive failed, triggering reconnect: Unknown method: ping
WARNING tools.mcp_tool: MCP server 'agentmemory' keepalive failed, triggering reconnect: Unknown method: ping
WARNING tools.mcp_tool: MCP server 'agentmemory' keepalive failed, triggering reconnect: Unknown method: ping
WARNING tools.mcp_tool: MCP server 'agentmemory' keepalive failed, triggering reconnect: Unknown method: ping
WARNING tools.mcp_tool: MCP server 'agentmemory' keepalive failed, triggering reconnect: Unknown method: ping
WARNING tools.mcp_tool: MCP server 'agentmemory' keepalive failed, triggering reconnect: Unknown method: ping
WARNING tools.mcp_tool: MCP server 'agentmemory' keepalive failed, triggering reconnect: Unknown method: ping
WARNING tools.mcp_tool: MCP server 'agentmemory' keepalive failed, triggering reconnect: Unknown method: ping
WARNING tools.mcp_tool: MCP server 'agentmemory' keepalive failed, triggering reconnect: Unknown method: ping
WARNING tools.mcp_tool: MCP server 'agentmemory' keepalive failed, triggering reconnect: Unknown method: ping
WARNING tools.mcp_tool: MCP server 'agentmemory' keepalive failed, triggering reconnect: Unknown method: ping
WARNING tools.mcp_tool: MCP server 'agentmemory' keepalive failed, triggering reconnect: Unknown method: ping
WARNING tools.mcp_tool: MCP server 'agentmemory' keepalive failed, triggering reconnect: Unknown method: ping
WARNING tools.mcp_tool: MCP server 'agentmemory' keepalive failed, triggering reconnect: Unknown method: ping
WARNING tools.mcp_tool: MCP server 'agentmemory' keepalive failed, triggering reconnect: Unknown method: ping
WARNING tools.mcp_tool: MCP server 'agentmemory' keepalive failed, triggering reconnect: Unknown method: ping
WARNING tools.mcp_tool: MCP server 'agentmemory' keepalive failed, triggering reconnect: Unknown method: ping
WARNING tools.mcp_tool: MCP server 'agentmemory' keepalive failed, triggering reconnect: Unknown method: ping
WARNING tools.mcp_tool: MCP server 'agentmemory' keepalive failed, triggering reconnect: Unknown method: ping
WARNING tools.mcp_tool: MCP server 'agentmemory' keepalive failed, triggering reconnect: Unknown method: ping
WARNING tools.mcp_tool: MCP server 'agentmemory' keepalive failed, triggering reconnect: Unknown method: ping
WARNING tools.mcp_tool: MCP server 'agentmemory' keepalive failed, triggering reconnect: Unknown method: ping
WARNING tools.mcp_tool: MCP server 'agentmemory' keepalive failed, triggering reconnect: Unknown method: ping
WARNING tools.mcp_tool: MCP server 'agentmemory' keepalive failed, triggering reconnect: Unknown method: ping
WARNING tools.mcp_tool: MCP server 'agentmemory' keepalive failed, triggering reconnect: Unknown method: ping
WARNING tools.mcp_tool: MCP server 'agentmemory' keepalive failed, triggering reconnect: Unknown method: ping
WARNING tools.mcp_tool: MCP server 'agentmemory' keepalive failed, triggering reconnect: Unknown method: ping
WARNING tools.mcp_tool: MCP server 'agentmemory' keepalive failed, triggering reconnect: Unknown method: ping
WARNING tools.mcp_tool: MCP server 'agentmemory' keepalive failed, triggering reconnect: Unknown method: ping
WARNING tools.mcp_tool: MCP server 'agentmemory' keepalive failed, triggering reconnect: Unknown method: ping
WARNING tools.mcp_tool: MCP server 'agentmemory' keepalive failed, triggering reconnect: Unknown method: ping
WARNING tools.mcp_tool: MCP server 'agentmemory' keepalive failed, triggering reconnect: Unknown method: ping
WARNING tools.mcp_tool: MCP server 'agentmemory' keepalive failed, triggering reconnect: Unknown method: ping
WARNING tools.mcp_tool: MCP server 'agentmemory' keepalive failed, triggering reconnect: Unknown method: ping
WARNING tools.mcp_tool: MCP server 'agentmemory' keepalive failed, triggering reconnect: Unknown method: ping
WARNING tools.mcp_tool: MCP server 'agentmemory' keepalive failed, triggering reconnect: Unknown method: ping
WARNING tools.mcp_tool: MCP server 'agentmemory' keepalive failed, triggering reconnect: Unknown method: ping
WARNING tools.mcp_tool: MCP server 'agentmemory' keepalive failed, triggering reconnect: Unknown method: ping
WARNING tools.mcp_tool: MCP server 'agentmemory' keepalive failed, triggering reconnect: Unknown method: ping
WARNING tools.mcp_tool: MCP server 'agentmemory' keepalive failed, triggering reconnect: Unknown method: ping
WARNING tools.mcp_tool: MCP server 'agentmemory' keepalive failed, triggering reconnect: Unknown method: ping
WARNING tools.mcp_tool: MCP server 'agentmemory' keepalive failed, triggering reconnect: Unknown method: ping
WARNING tools.mcp_tool: MCP server 'agentmemory' keepalive failed, triggering reconnect: Unknown method: ping
WARNING tools.mcp_tool: MCP server 'agentmemory' keepalive failed, triggering reconnect: Unknown method: ping
WARNING tools.mcp_tool: MCP server 'agentmemory' keepalive failed, triggering reconnect: Unknown method: ping
WARNING tools.mcp_tool: MCP server 'agentmemory' keepalive failed, triggering reconnect: Unknown method: ping
WARNING tools.mcp_tool: MCP server 'agentmemory' keepalive failed, triggering reconnect: Unknown method: ping
WARNING tools.mcp_tool: MCP server 'agentmemory' keepalive failed, triggering reconnect: Unknown method: ping
WARNING tools.mcp_tool: MCP server 'agentmemory' keepalive failed, triggering reconnect: Unknown method: ping
WARNING tools.mcp_tool: MCP server 'agentmemory' keepalive failed, triggering reconnect: Unknown method: ping
WARNING tools.mcp_tool: MCP server 'agentmemory' keepalive failed, triggering reconnect: Unknown method: ping
WARNING tools.mcp_tool: MCP server 'agentmemory' keepalive failed, triggering reconnect: Unknown method: ping
WARNING tools.mcp_tool: MCP server 'agentmemory' keepalive failed, triggering reconnect: Unknown method: ping
WARNING tools.mcp_tool: MCP server 'agentmemory' keepalive failed, triggering reconnect: Unknown method: ping
WARNING tools.mcp_tool: MCP server 'agentmemory' keepalive failed, triggering reconnect: Unknown method: ping
WARNING tools.mcp_tool: MCP server 'agentmemory' keepalive failed, triggering reconnect: Unknown method: ping
WARNING tools.mcp_tool: MCP server 'agentmemory' keepalive failed, triggering reconnect: Unknown method: ping
WARNING tools.mcp_tool: MCP server 'agentmemory' keepalive failed, triggering reconnect: Unknown method: ping
WARNING tools.mcp_tool: MCP server 'agentmemory' keepalive failed, triggering reconnect: Unknown method: ping
WARNING tools.mcp_tool: MCP server 'agentmemory' keepalive failed, triggering reconnect: Unknown method: ping
WARNING tools.mcp_tool: MCP server 'agentmemory' keepalive failed, triggering reconnect: Unknown method: ping
WARNING tools.mcp_tool: MCP server 'agentmemory' keepalive failed, triggering reconnect: Unknown method: ping
WARNING tools.mcp_tool: MCP server 'agentmemory' keepalive failed, triggering reconnect: Unknown method: ping
WARNING tools.mcp_tool: MCP server 'agentmemory' keepalive failed, triggering reconnect: Unknown method: ping
WARNING tools.mcp_tool: MCP server 'agentmemory' keepalive failed, triggering reconnect: Unknown method: ping
WARNING tools.mcp_tool: MCP server 'agentmemory' keepalive failed, triggering reconnect: Unknown method: ping
WARNING tools.mcp_tool: MCP server 'agentmemory' keepalive failed, triggering reconnect: Unknown method: ping
WARNING tools.mcp_tool: MCP server 'agentmemory' keepalive failed, triggering reconnect: Unknown method: ping
WARNING tools.mcp_tool: MCP server 'agentmemory' keepalive failed, triggering reconnect: Unknown method: ping
WARNING tools.mcp_tool: MCP server 'agentmemory' keepalive failed, triggering reconnect: Unknown method: ping
WARNING tools.mcp_tool: MCP server 'agentmemory' keepalive failed, triggering reconnect: Unknown method: ping
WARNING tools.mcp_tool: MCP server 'agentmemory' keepalive failed, triggering reconnect: Unknown method: ping
WARNING tools.mcp_tool: MCP server 'agentmemory' keepalive failed, triggering reconnect: Unknown method: ping
WARNING tools.mcp_tool: MCP server 'agentmemory' keepalive failed, triggering reconnect: Unknown method: ping
WARNING tools.mcp_tool: MCP server 'agentmemory' keepalive failed, triggering reconnect: Unknown method: ping
WARNING tools.mcp_tool: MCP server 'agentmemory' keepalive failed, triggering reconnect: Unknown method: ping
WARNING tools.mcp_tool: MCP server 'agentmemory' keepalive failed, triggering reconnect: Unknown method: ping
WARNING tools.mcp_tool: MCP server 'agentmemory' keepalive failed, triggering reconnect: Unknown method: ping
WARNING tools.mcp_tool: MCP server 'agentmemory' keepalive failed, triggering reconnect: Unknown method: ping
WARNING tools.mcp_tool: MCP server 'agentmemory' keepalive failed, triggering reconnect: Unknown method: ping
WARNING tools.mcp_tool: MCP server 'agentmemory' keepalive failed, triggering reconnect: Unknown method: ping
WARNING tools.mcp_tool: MCP server 'agentmemory' keepalive failed, triggering reconnect: Unknown method: ping
WARNING tools.mcp_tool: MCP server 'agentmemory' keepalive failed, triggering reconnect: Unknown method: ping
WARNING tools.mcp_tool: MCP server 'agentmemory' keepalive failed, triggering reconnect: Unknown method: ping
WARNING tools.mcp_tool: MCP server 'agentmemory' keepalive failed, triggering reconnect: Unknown method: ping
WARNING tools.mcp_tool: MCP server 'agentmemory' keepalive failed, triggering reconnect: Unknown method: ping
WARNING tools.mcp_tool: MCP server 'agentmemory' keepalive failed, triggering reconnect: Unknown method: ping
┌─────────────────────────────────────────────────────────┐
│           ⚕ Hermes Gateway Starting...                 │
├─────────────────────────────────────────────────────────┤
│  Messaging platforms + cron scheduler                    │
│  Press Ctrl+C to stop                                   │
└─────────────────────────────────────────────────────────┘

WARNING hermes_plugins.telegram_platform.adapter: [Telegram] Telegram polling conflict (1/5) — previous session still held open on Telegram's servers. Waiting 20s for it to expire. Error: Conflict: terminated by other getUpdates request; make sure that only one bot instance is running
WARNING hermes_plugins.telegram_platform.adapter: [Telegram] Telegram polling conflict (1/5) — previous session still held open on Telegram's servers. Waiting 20s for it to expire. Error: Conflict: terminated by other getUpdates request; make sure that only one bot instance is running
WARNING hermes_plugins.telegram_platform.adapter: [Telegram] Telegram polling conflict (1/5) — previous session still held open on Telegram's servers. Waiting 20s for it to expire. Error: Conflict: terminated by other getUpdates request; make sure that only one bot instance is running
WARNING hermes_plugins.telegram_platform.adapter: [Telegram] Telegram polling conflict (1/5) — previous session still held open on Telegram's servers. Waiting 20s for it to expire. Error: Conflict: terminated by other getUpdates request; make sure that only one bot instance is running
WARNING tools.mcp_tool: MCP server 'agentmemory' keepalive failed, triggering reconnect: Unknown method: ping
WARNING tools.mcp_tool: MCP server 'agentmemory' keepalive failed, triggering reconnect: Unknown method: ping
WARNING tools.mcp_tool: MCP server 'agentmemory' keepalive failed, triggering reconnect: Unknown method: ping
WARNING tools.mcp_tool: MCP server 'agentmemory' keepalive failed, triggering reconnect: Unknown method: ping
WARNING tools.mcp_tool: MCP server 'agentmemory' keepalive failed, triggering reconnect: Unknown method: ping
WARNING tools.mcp_tool: MCP server 'agentmemory' keepalive failed, triggering reconnect: Unknown method: ping
WARNING tools.mcp_tool: MCP server 'agentmemory' keepalive failed, triggering reconnect: Unknown method: ping
WARNING tools.mcp_tool: MCP server 'agentmemory' keepalive failed, triggering reconnect: Unknown method: ping
WARNING tools.mcp_tool: MCP server 'agentmemory' keepalive failed, triggering reconnect: Unknown method: ping
WARNING tools.mcp_tool: MCP server 'agentmemory' keepalive failed, triggering reconnect: Unknown method: ping
WARNING tools.mcp_tool: MCP server 'agentmemory' keepalive failed, triggering reconnect: Unknown method: ping
WARNING tools.mcp_tool: MCP server 'agentmemory' keepalive failed, triggering reconnect: Unknown method: ping
WARNING tools.mcp_tool: MCP server 'agentmemory' keepalive failed, triggering reconnect: Unknown method: ping
WARNING tools.mcp_tool: MCP server 'agentmemory' keepalive failed, triggering reconnect: Unknown method: ping
WARNING tools.mcp_tool: MCP server 'agentmemory' keepalive failed, triggering reconnect: Unknown method: ping
WARNING tools.mcp_tool: MCP server 'agentmemory' keepalive failed, triggering reconnect: Unknown method: ping
WARNING tools.mcp_tool: MCP server 'agentmemory' keepalive failed, triggering reconnect: Unknown method: ping
WARNING tools.mcp_tool: MCP server 'agentmemory' keepalive failed, triggering reconnect: Unknown method: ping
WARNING gateway.run: Shutdown context: signal=SIGTERM under_systemd=yes parent_pid=1 parent_name=runuser loadavg_1m=2.45 parent_cmdline='runuser -u ai_user -- /bin/zsh'
┌─────────────────────────────────────────────────────────┐
│           ⚕ Hermes Gateway Starting...                 │
├─────────────────────────────────────────────────────────┤
│  Messaging platforms + cron scheduler                    │
│  Press Ctrl+C to stop                                   │
└─────────────────────────────────────────────────────────┘

WARNING tools.mcp_tool: MCP server 'agentmemory' keepalive failed, triggering reconnect: Unknown method: ping
WARNING tools.mcp_tool: MCP server 'agentmemory' keepalive failed, triggering reconnect: Unknown method: ping
WARNING tools.mcp_tool: MCP server 'agentmemory' keepalive failed, triggering reconnect: Unknown method: ping
WARNING agent.tool_executor: Tool terminal returned error (0.28s): {"output": "bash: /home/ai_user/.hermes/skills/devops/agentmemory-clean-sessions/cleanup.sh: No such file or directory", "exit_code": 127, "error": null}
WARNING tools.mcp_tool: MCP server 'agentmemory' keepalive failed, triggering reconnect: Unknown method: ping
WARNING tools.mcp_tool: MCP server 'agentmemory' keepalive failed, triggering reconnect: Unknown method: ping
WARNING tools.mcp_tool: MCP server 'agentmemory' keepalive failed, triggering reconnect: Unknown method: ping
WARNING tools.mcp_tool: MCP server 'agentmemory' keepalive failed, triggering reconnect: Unknown method: ping
WARNING tools.mcp_tool: MCP server 'agentmemory' keepalive failed, triggering reconnect: Unknown method: ping
WARNING tools.mcp_tool: MCP server 'agentmemory' keepalive failed, triggering reconnect: Unknown method: ping
WARNING tools.mcp_tool: MCP server 'agentmemory' keepalive failed, triggering reconnect: Unknown method: ping
WARNING tools.mcp_tool: MCP server 'agentmemory' keepalive failed, triggering reconnect: Unknown method: ping
WARNING tools.mcp_tool: MCP server 'agentmemory' keepalive failed, triggering reconnect: Unknown method: ping
WARNING tools.mcp_tool: MCP server 'agentmemory' keepalive failed, triggering reconnect: Unknown method: ping
WARNING tools.mcp_tool: MCP server 'agentmemory' keepalive failed, triggering reconnect: Unknown method: ping
WARNING tools.mcp_tool: MCP server 'agentmemory' keepalive failed, triggering reconnect: Unknown method: ping
WARNING tools.mcp_tool: MCP server 'agentmemory' keepalive failed, triggering reconnect: Unknown method: ping
WARNING tools.mcp_tool: MCP server 'agentmemory' keepalive failed, triggering reconnect: Unknown method: ping
WARNING tools.mcp_tool: MCP server 'agentmemory' keepalive failed, triggering reconnect: Unknown method: ping
WARNING tools.mcp_tool: MCP server 'agentmemory' keepalive failed, triggering reconnect: Unknown method: ping
WARNING tools.mcp_tool: MCP server 'agentmemory' keepalive failed, triggering reconnect: Unknown method: ping
WARNING tools.mcp_tool: MCP server 'agentmemory' keepalive failed, triggering reconnect: Unknown method: ping
WARNING tools.mcp_tool: MCP server 'agentmemory' keepalive failed, triggering reconnect: Unknown method: ping
WARNING tools.mcp_tool: MCP server 'agentmemory' keepalive failed, triggering reconnect: Unknown method: ping
WARNING tools.mcp_tool: MCP server 'agentmemory' keepalive failed, triggering reconnect: Unknown method: ping
WARNING tools.mcp_tool: MCP server 'agentmemory' keepalive failed, triggering reconnect: Unknown method: ping
WARNING tools.mcp_tool: MCP server 'agentmemory' keepalive failed, triggering reconnect: Unknown method: ping
WARNING agent.tool_executor: Tool terminal returned error (0.09s): {"output": "---LAB---\n---HERMES-SCHEDULE---", "exit_code": 128, "error": null}
WARNING agent.tool_executor: Tool terminal returned error (0.08s): {"output": "---\n---", "exit_code": 128, "error": null}
WARNING tools.mcp_tool: MCP server 'agentmemory' keepalive failed, triggering reconnect: Unknown method: ping
WARNING tools.mcp_tool: MCP server 'agentmemory' keepalive failed, triggering reconnect: Unknown method: ping
WARNING tools.mcp_tool: MCP server 'agentmemory' keepalive failed, triggering reconnect: Unknown method: ping
WARNING agent.tool_executor: Tool read_file returned error (0.05s): {"content": "", "total_lines": 0, "file_size": 0, "truncated": false, "is_binary": false, "is_image": false, "error": "File not found: /root/.hermes/projects/.deadlines.json"}
WARNING hermes_plugins.telegram_platform.adapter: [Telegram] Telegram network error, scheduling reconnect: Bad Gateway
WARNING hermes_plugins.telegram_platform.adapter: [Telegram] Telegram network error (attempt 1/10), reconnecting in 5s. Error: Bad Gateway
ERROR telegram.ext.Updater: Error while calling `get_updates` one more time to mark all fetched updates. Suppressing error to ensure graceful shutdown. When polling for updates is restarted, updates may be fetched again. Please adjust timeouts via `ApplicationBuilder` or the parameter `get_updates_request` of `Bot`.
Traceback (most recent call last):
  File "/home/ai_user/.hermes/hermes-agent/venv/lib/python3.11/site-packages/httpx/_transports/default.py", line 101, in map_httpcore_exceptions
    yield
  File "/home/ai_user/.hermes/hermes-agent/venv/lib/python3.11/site-packages/httpx/_transports/default.py", line 394, in handle_async_request
    resp = await self._pool.handle_async_request(req)
           ^^^^^^^^^^^^^^^^^^^^^^^^^^^^^^^^^^^^^^^^^^
  File "/home/ai_user/.hermes/hermes-agent/venv/lib/python3.11/site-packages/httpcore/_async/connection_pool.py", line 256, in handle_async_request
    raise exc from None
  File "/home/ai_user/.hermes/hermes-agent/venv/lib/python3.11/site-packages/httpcore/_async/connection_pool.py", line 236, in handle_async_request
    response = await connection.handle_async_request(
               ^^^^^^^^^^^^^^^^^^^^^^^^^^^^^^^^^^^^^^
  File "/home/ai_user/.hermes/hermes-agent/venv/lib/python3.11/site-packages/httpcore/_async/connection.py", line 103, in handle_async_request
    return await self._connection.handle_async_request(request)
           ^^^^^^^^^^^^^^^^^^^^^^^^^^^^^^^^^^^^^^^^^^^^^^^^^^^^
  File "/home/ai_user/.hermes/hermes-agent/venv/lib/python3.11/site-packages/httpcore/_async/http11.py", line 136, in handle_async_request
    raise exc
  File "/home/ai_user/.hermes/hermes-agent/venv/lib/python3.11/site-packages/httpcore/_async/http11.py", line 106, in handle_async_request
    ) = await self._receive_response_headers(**kwargs)
        ^^^^^^^^^^^^^^^^^^^^^^^^^^^^^^^^^^^^^^^^^^^^^^
  File "/home/ai_user/.hermes/hermes-agent/venv/lib/python3.11/site-packages/httpcore/_async/http11.py", line 177, in _receive_response_headers
    event = await self._receive_event(timeout=timeout)
            ^^^^^^^^^^^^^^^^^^^^^^^^^^^^^^^^^^^^^^^^^^
  File "/home/ai_user/.hermes/hermes-agent/venv/lib/python3.11/site-packages/httpcore/_async/http11.py", line 217, in _receive_event
    data = await self._network_stream.read(
           ^^^^^^^^^^^^^^^^^^^^^^^^^^^^^^^^
  File "/home/ai_user/.hermes/hermes-agent/venv/lib/python3.11/site-packages/httpcore/_backends/anyio.py", line 32, in read
    with map_exceptions(exc_map):
  File "/home/ai_user/.local/share/uv/python/cpython-3.11.15-linux-x86_64-gnu/lib/python3.11/contextlib.py", line 158, in __exit__
    self.gen.throw(typ, value, traceback)
  File "/home/ai_user/.hermes/hermes-agent/venv/lib/python3.11/site-packages/httpcore/_exceptions.py", line 14, in map_exceptions
    raise to_exc(exc) from exc
httpcore.ReadTimeout

The above exception was the direct cause of the following exception:

Traceback (most recent call last):
  File "/home/ai_user/.hermes/hermes-agent/venv/lib/python3.11/site-packages/telegram/request/_httpxrequest.py", line 279, in do_request
    res = await self._client.request(
          ^^^^^^^^^^^^^^^^^^^^^^^^^^^
  File "/home/ai_user/.hermes/hermes-agent/venv/lib/python3.11/site-packages/httpx/_client.py", line 1540, in request
    return await self.send(request, auth=auth, follow_redirects=follow_redirects)
           ^^^^^^^^^^^^^^^^^^^^^^^^^^^^^^^^^^^^^^^^^^^^^^^^^^^^^^^^^^^^^^^^^^^^^^
  File "/home/ai_user/.hermes/hermes-agent/venv/lib/python3.11/site-packages/httpx/_client.py", line 1629, in send
    response = await self._send_handling_auth(
               ^^^^^^^^^^^^^^^^^^^^^^^^^^^^^^^
  File "/home/ai_user/.hermes/hermes-agent/venv/lib/python3.11/site-packages/httpx/_client.py", line 1657, in _send_handling_auth
    response = await self._send_handling_redirects(
               ^^^^^^^^^^^^^^^^^^^^^^^^^^^^^^^^^^^^
  File "/home/ai_user/.hermes/hermes-agent/venv/lib/python3.11/site-packages/httpx/_client.py", line 1694, in _send_handling_redirects
    response = await self._send_single_request(request)
               ^^^^^^^^^^^^^^^^^^^^^^^^^^^^^^^^^^^^^^^^
  File "/home/ai_user/.hermes/hermes-agent/venv/lib/python3.11/site-packages/httpx/_client.py", line 1730, in _send_single_request
    response = await transport.handle_async_request(request)
               ^^^^^^^^^^^^^^^^^^^^^^^^^^^^^^^^^^^^^^^^^^^^^
  File "/home/ai_user/.hermes/hermes-agent/plugins/platforms/telegram/telegram_network.py", line 90, in handle_async_request
    response = await transport.handle_async_request(candidate)
               ^^^^^^^^^^^^^^^^^^^^^^^^^^^^^^^^^^^^^^^^^^^^^^^
  File "/home/ai_user/.hermes/hermes-agent/venv/lib/python3.11/site-packages/httpx/_transports/default.py", line 393, in handle_async_request
    with map_httpcore_exceptions():
  File "/home/ai_user/.local/share/uv/python/cpython-3.11.15-linux-x86_64-gnu/lib/python3.11/contextlib.py", line 158, in __exit__
    self.gen.throw(typ, value, traceback)
  File "/home/ai_user/.hermes/hermes-agent/venv/lib/python3.11/site-packages/httpx/_transports/default.py", line 118, in map_httpcore_exceptions
    raise mapped_exc(message) from exc
httpx.ReadTimeout

The above exception was the direct cause of the following exception:

Traceback (most recent call last):
  File "/home/ai_user/.hermes/hermes-agent/venv/lib/python3.11/site-packages/telegram/ext/_updater.py", line 400, in _get_updates_cleanup
    await self.bot.get_updates(
  File "/home/ai_user/.hermes/hermes-agent/venv/lib/python3.11/site-packages/telegram/ext/_extbot.py", line 671, in get_updates
    updates = await super().get_updates(
              ^^^^^^^^^^^^^^^^^^^^^^^^^^
  File "/home/ai_user/.hermes/hermes-agent/venv/lib/python3.11/site-packages/telegram/_bot.py", line 4860, in get_updates
    await self._post(
  File "/home/ai_user/.hermes/hermes-agent/venv/lib/python3.11/site-packages/telegram/_bot.py", line 703, in _post
    return await self._do_post(
           ^^^^^^^^^^^^^^^^^^^^
  File "/home/ai_user/.hermes/hermes-agent/venv/lib/python3.11/site-packages/telegram/ext/_extbot.py", line 369, in _do_post
    return await super()._do_post(
           ^^^^^^^^^^^^^^^^^^^^^^^
  File "/home/ai_user/.hermes/hermes-agent/venv/lib/python3.11/site-packages/telegram/_bot.py", line 732, in _do_post
    result = await request.post(
             ^^^^^^^^^^^^^^^^^^^
  File "/home/ai_user/.hermes/hermes-agent/venv/lib/python3.11/site-packages/telegram/request/_baserequest.py", line 198, in post
    result = await self._request_wrapper(
             ^^^^^^^^^^^^^^^^^^^^^^^^^^^^
  File "/home/ai_user/.hermes/hermes-agent/venv/lib/python3.11/site-packages/telegram/request/_baserequest.py", line 305, in _request_wrapper
    code, payload = await self.do_request(
                    ^^^^^^^^^^^^^^^^^^^^^^
  File "/home/ai_user/.hermes/hermes-agent/venv/lib/python3.11/site-packages/telegram/request/_httpxrequest.py", line 296, in do_request
    raise TimedOut from err
telegram.error.TimedOut: Timed out
WARNING plugins.platforms.telegram.telegram_network: [Telegram] Primary api.telegram.org connection failed (); trying fallback IPs 149.154.166.110
WARNING plugins.platforms.telegram.telegram_network: [Telegram] Fallback IP 149.154.166.110 failed: 
WARNING plugins.platforms.telegram.telegram_network: [Telegram] Primary api.telegram.org connection failed (); trying fallback IPs 149.154.166.110
WARNING plugins.platforms.telegram.telegram_network: [Telegram] Primary api.telegram.org path unreachable; using sticky fallback IP 149.154.166.110
WARNING plugins.platforms.telegram.telegram_network: [Telegram] Sticky fallback IP 149.154.166.110 failed; resetting to primary DNS path
WARNING plugins.platforms.telegram.telegram_network: [Telegram] Fallback IP 149.154.166.110 failed: All connection attempts failed
WARNING plugins.platforms.telegram.telegram_network: [Telegram] Primary api.telegram.org connection failed (); trying fallback IPs 149.154.166.110
WARNING plugins.platforms.telegram.telegram_network: [Telegram] Primary api.telegram.org connection failed (); trying fallback IPs 149.154.166.110
WARNING plugins.platforms.telegram.telegram_network: [Telegram] Fallback IP 149.154.166.110 failed: All connection attempts failed
WARNING hermes_plugins.telegram_platform.adapter: [Telegram] Telegram network error, scheduling reconnect: httpx.ConnectError: All connection attempts failed
WARNING hermes_plugins.telegram_platform.adapter: [Telegram] Telegram network error (attempt 1/10), reconnecting in 5s. Error: httpx.ConnectError: All connection attempts failed
WARNING plugins.platforms.telegram.telegram_network: [Telegram] Primary api.telegram.org connection failed (); trying fallback IPs 149.154.166.110
WARNING plugins.platforms.telegram.telegram_network: [Telegram] Fallback IP 149.154.166.110 failed: All connection attempts failed
ERROR telegram.ext.Updater: Error while calling `get_updates` one more time to mark all fetched updates. Suppressing error to ensure graceful shutdown. When polling for updates is restarted, updates may be fetched again. Please adjust timeouts via `ApplicationBuilder` or the parameter `get_updates_request` of `Bot`.
Traceback (most recent call last):
  File "/home/ai_user/.hermes/hermes-agent/venv/lib/python3.11/site-packages/httpx/_transports/default.py", line 101, in map_httpcore_exceptions
    yield
  File "/home/ai_user/.hermes/hermes-agent/venv/lib/python3.11/site-packages/httpx/_transports/default.py", line 394, in handle_async_request
    resp = await self._pool.handle_async_request(req)
           ^^^^^^^^^^^^^^^^^^^^^^^^^^^^^^^^^^^^^^^^^^
  File "/home/ai_user/.hermes/hermes-agent/venv/lib/python3.11/site-packages/httpcore/_async/connection_pool.py", line 256, in handle_async_request
    raise exc from None
  File "/home/ai_user/.hermes/hermes-agent/venv/lib/python3.11/site-packages/httpcore/_async/connection_pool.py", line 236, in handle_async_request
    response = await connection.handle_async_request(
               ^^^^^^^^^^^^^^^^^^^^^^^^^^^^^^^^^^^^^^
  File "/home/ai_user/.hermes/hermes-agent/venv/lib/python3.11/site-packages/httpcore/_async/connection.py", line 101, in handle_async_request
    raise exc
  File "/home/ai_user/.hermes/hermes-agent/venv/lib/python3.11/site-packages/httpcore/_async/connection.py", line 78, in handle_async_request
    stream = await self._connect(request)
             ^^^^^^^^^^^^^^^^^^^^^^^^^^^^
  File "/home/ai_user/.hermes/hermes-agent/venv/lib/python3.11/site-packages/httpcore/_async/connection.py", line 124, in _connect
    stream = await self._network_backend.connect_tcp(**kwargs)
             ^^^^^^^^^^^^^^^^^^^^^^^^^^^^^^^^^^^^^^^^^^^^^^^^^
  File "/home/ai_user/.hermes/hermes-agent/venv/lib/python3.11/site-packages/httpcore/_backends/auto.py", line 31, in connect_tcp
    return await self._backend.connect_tcp(
           ^^^^^^^^^^^^^^^^^^^^^^^^^^^^^^^^
  File "/home/ai_user/.hermes/hermes-agent/venv/lib/python3.11/site-packages/httpcore/_backends/anyio.py", line 113, in connect_tcp
    with map_exceptions(exc_map):
  File "/home/ai_user/.local/share/uv/python/cpython-3.11.15-linux-x86_64-gnu/lib/python3.11/contextlib.py", line 158, in __exit__
    self.gen.throw(typ, value, traceback)
  File "/home/ai_user/.hermes/hermes-agent/venv/lib/python3.11/site-packages/httpcore/_exceptions.py", line 14, in map_exceptions
    raise to_exc(exc) from exc
httpcore.ConnectError: All connection attempts failed

The above exception was the direct cause of the following exception:

Traceback (most recent call last):
  File "/home/ai_user/.hermes/hermes-agent/venv/lib/python3.11/site-packages/telegram/request/_httpxrequest.py", line 279, in do_request
    res = await self._client.request(
          ^^^^^^^^^^^^^^^^^^^^^^^^^^^
  File "/home/ai_user/.hermes/hermes-agent/venv/lib/python3.11/site-packages/httpx/_client.py", line 1540, in request
    return await self.send(request, auth=auth, follow_redirects=follow_redirects)
           ^^^^^^^^^^^^^^^^^^^^^^^^^^^^^^^^^^^^^^^^^^^^^^^^^^^^^^^^^^^^^^^^^^^^^^
  File "/home/ai_user/.hermes/hermes-agent/venv/lib/python3.11/site-packages/httpx/_client.py", line 1629, in send
    response = await self._send_handling_auth(
               ^^^^^^^^^^^^^^^^^^^^^^^^^^^^^^^
  File "/home/ai_user/.hermes/hermes-agent/venv/lib/python3.11/site-packages/httpx/_client.py", line 1657, in _send_handling_auth
    response = await self._send_handling_redirects(
               ^^^^^^^^^^^^^^^^^^^^^^^^^^^^^^^^^^^^
  File "/home/ai_user/.hermes/hermes-agent/venv/lib/python3.11/site-packages/httpx/_client.py", line 1694, in _send_handling_redirects
    response = await self._send_single_request(request)
               ^^^^^^^^^^^^^^^^^^^^^^^^^^^^^^^^^^^^^^^^
  File "/home/ai_user/.hermes/hermes-agent/venv/lib/python3.11/site-packages/httpx/_client.py", line 1730, in _send_single_request
    response = await transport.handle_async_request(request)
               ^^^^^^^^^^^^^^^^^^^^^^^^^^^^^^^^^^^^^^^^^^^^^
  File "/home/ai_user/.hermes/hermes-agent/plugins/platforms/telegram/telegram_network.py", line 124, in handle_async_request
    raise last_error
  File "/home/ai_user/.hermes/hermes-agent/plugins/platforms/telegram/telegram_network.py", line 90, in handle_async_request
    response = await transport.handle_async_request(candidate)
               ^^^^^^^^^^^^^^^^^^^^^^^^^^^^^^^^^^^^^^^^^^^^^^^
  File "/home/ai_user/.hermes/hermes-agent/venv/lib/python3.11/site-packages/httpx/_transports/default.py", line 393, in handle_async_request
    with map_httpcore_exceptions():
  File "/home/ai_user/.local/share/uv/python/cpython-3.11.15-linux-x86_64-gnu/lib/python3.11/contextlib.py", line 158, in __exit__
    self.gen.throw(typ, value, traceback)
  File "/home/ai_user/.hermes/hermes-agent/venv/lib/python3.11/site-packages/httpx/_transports/default.py", line 118, in map_httpcore_exceptions
    raise mapped_exc(message) from exc
httpx.ConnectError: All connection attempts failed

The above exception was the direct cause of the following exception:

Traceback (most recent call last):
  File "/home/ai_user/.hermes/hermes-agent/venv/lib/python3.11/site-packages/telegram/ext/_updater.py", line 400, in _get_updates_cleanup
    await self.bot.get_updates(
  File "/home/ai_user/.hermes/hermes-agent/venv/lib/python3.11/site-packages/telegram/ext/_extbot.py", line 671, in get_updates
    updates = await super().get_updates(
              ^^^^^^^^^^^^^^^^^^^^^^^^^^
  File "/home/ai_user/.hermes/hermes-agent/venv/lib/python3.11/site-packages/telegram/_bot.py", line 4860, in get_updates
    await self._post(
  File "/home/ai_user/.hermes/hermes-agent/venv/lib/python3.11/site-packages/telegram/_bot.py", line 703, in _post
    return await self._do_post(
           ^^^^^^^^^^^^^^^^^^^^
  File "/home/ai_user/.hermes/hermes-agent/venv/lib/python3.11/site-packages/telegram/ext/_extbot.py", line 369, in _do_post
    return await super()._do_post(
           ^^^^^^^^^^^^^^^^^^^^^^^
  File "/home/ai_user/.hermes/hermes-agent/venv/lib/python3.11/site-packages/telegram/_bot.py", line 732, in _do_post
    result = await request.post(
             ^^^^^^^^^^^^^^^^^^^
  File "/home/ai_user/.hermes/hermes-agent/venv/lib/python3.11/site-packages/telegram/request/_baserequest.py", line 198, in post
    result = await self._request_wrapper(
             ^^^^^^^^^^^^^^^^^^^^^^^^^^^^
  File "/home/ai_user/.hermes/hermes-agent/venv/lib/python3.11/site-packages/telegram/request/_baserequest.py", line 305, in _request_wrapper
    code, payload = await self.do_request(
                    ^^^^^^^^^^^^^^^^^^^^^^
  File "/home/ai_user/.hermes/hermes-agent/venv/lib/python3.11/site-packages/telegram/request/_httpxrequest.py", line 303, in do_request
    raise NetworkError(f"httpx.{err.__class__.__name__}: {err}") from err
telegram.error.NetworkError: httpx.ConnectError: All connection attempts failed
WARNING plugins.platforms.telegram.telegram_network: [Telegram] Primary api.telegram.org connection failed (); trying fallback IPs 149.154.166.110
WARNING plugins.platforms.telegram.telegram_network: [Telegram] Fallback IP 149.154.166.110 failed: All connection attempts failed
ERROR telegram.ext: Network Retry Loop (Bootstrap delete Webhook): Failed run number 0 of 0. Aborting.
Traceback (most recent call last):
  File "/home/ai_user/.hermes/hermes-agent/venv/lib/python3.11/site-packages/httpx/_transports/default.py", line 101, in map_httpcore_exceptions
    yield
  File "/home/ai_user/.hermes/hermes-agent/venv/lib/python3.11/site-packages/httpx/_transports/default.py", line 394, in handle_async_request
    resp = await self._pool.handle_async_request(req)
           ^^^^^^^^^^^^^^^^^^^^^^^^^^^^^^^^^^^^^^^^^^
  File "/home/ai_user/.hermes/hermes-agent/venv/lib/python3.11/site-packages/httpcore/_async/connection_pool.py", line 256, in handle_async_request
    raise exc from None
  File "/home/ai_user/.hermes/hermes-agent/venv/lib/python3.11/site-packages/httpcore/_async/connection_pool.py", line 236, in handle_async_request
    response = await connection.handle_async_request(
               ^^^^^^^^^^^^^^^^^^^^^^^^^^^^^^^^^^^^^^
  File "/home/ai_user/.hermes/hermes-agent/venv/lib/python3.11/site-packages/httpcore/_async/connection.py", line 101, in handle_async_request
    raise exc
  File "/home/ai_user/.hermes/hermes-agent/venv/lib/python3.11/site-packages/httpcore/_async/connection.py", line 78, in handle_async_request
    stream = await self._connect(request)
             ^^^^^^^^^^^^^^^^^^^^^^^^^^^^
  File "/home/ai_user/.hermes/hermes-agent/venv/lib/python3.11/site-packages/httpcore/_async/connection.py", line 124, in _connect
    stream = await self._network_backend.connect_tcp(**kwargs)
             ^^^^^^^^^^^^^^^^^^^^^^^^^^^^^^^^^^^^^^^^^^^^^^^^^
  File "/home/ai_user/.hermes/hermes-agent/venv/lib/python3.11/site-packages/httpcore/_backends/auto.py", line 31, in connect_tcp
    return await self._backend.connect_tcp(
           ^^^^^^^^^^^^^^^^^^^^^^^^^^^^^^^^
  File "/home/ai_user/.hermes/hermes-agent/venv/lib/python3.11/site-packages/httpcore/_backends/anyio.py", line 113, in connect_tcp
    with map_exceptions(exc_map):
  File "/home/ai_user/.local/share/uv/python/cpython-3.11.15-linux-x86_64-gnu/lib/python3.11/contextlib.py", line 158, in __exit__
    self.gen.throw(typ, value, traceback)
  File "/home/ai_user/.hermes/hermes-agent/venv/lib/python3.11/site-packages/httpcore/_exceptions.py", line 14, in map_exceptions
    raise to_exc(exc) from exc
httpcore.ConnectError: All connection attempts failed

The above exception was the direct cause of the following exception:

Traceback (most recent call last):
  File "/home/ai_user/.hermes/hermes-agent/venv/lib/python3.11/site-packages/telegram/request/_httpxrequest.py", line 279, in do_request
    res = await self._client.request(
          ^^^^^^^^^^^^^^^^^^^^^^^^^^^
  File "/home/ai_user/.hermes/hermes-agent/venv/lib/python3.11/site-packages/httpx/_client.py", line 1540, in request
    return await self.send(request, auth=auth, follow_redirects=follow_redirects)
           ^^^^^^^^^^^^^^^^^^^^^^^^^^^^^^^^^^^^^^^^^^^^^^^^^^^^^^^^^^^^^^^^^^^^^^
  File "/home/ai_user/.hermes/hermes-agent/venv/lib/python3.11/site-packages/httpx/_client.py", line 1629, in send
    response = await self._send_handling_auth(
               ^^^^^^^^^^^^^^^^^^^^^^^^^^^^^^^
  File "/home/ai_user/.hermes/hermes-agent/venv/lib/python3.11/site-packages/httpx/_client.py", line 1657, in _send_handling_auth
    response = await self._send_handling_redirects(
               ^^^^^^^^^^^^^^^^^^^^^^^^^^^^^^^^^^^^
  File "/home/ai_user/.hermes/hermes-agent/venv/lib/python3.11/site-packages/httpx/_client.py", line 1694, in _send_handling_redirects
    response = await self._send_single_request(request)
               ^^^^^^^^^^^^^^^^^^^^^^^^^^^^^^^^^^^^^^^^
  File "/home/ai_user/.hermes/hermes-agent/venv/lib/python3.11/site-packages/httpx/_client.py", line 1730, in _send_single_request
    response = await transport.handle_async_request(request)
               ^^^^^^^^^^^^^^^^^^^^^^^^^^^^^^^^^^^^^^^^^^^^^
  File "/home/ai_user/.hermes/hermes-agent/plugins/platforms/telegram/telegram_network.py", line 124, in handle_async_request
    raise last_error
  File "/home/ai_user/.hermes/hermes-agent/plugins/platforms/telegram/telegram_network.py", line 90, in handle_async_request
    response = await transport.handle_async_request(candidate)
               ^^^^^^^^^^^^^^^^^^^^^^^^^^^^^^^^^^^^^^^^^^^^^^^
  File "/home/ai_user/.hermes/hermes-agent/venv/lib/python3.11/site-packages/httpx/_transports/default.py", line 393, in handle_async_request
    with map_httpcore_exceptions():
  File "/home/ai_user/.local/share/uv/python/cpython-3.11.15-linux-x86_64-gnu/lib/python3.11/contextlib.py", line 158, in __exit__
    self.gen.throw(typ, value, traceback)
  File "/home/ai_user/.hermes/hermes-agent/venv/lib/python3.11/site-packages/httpx/_transports/default.py", line 118, in map_httpcore_exceptions
    raise mapped_exc(message) from exc
httpx.ConnectError: All connection attempts failed

The above exception was the direct cause of the following exception:

Traceback (most recent call last):
  File "/home/ai_user/.hermes/hermes-agent/venv/lib/python3.11/site-packages/telegram/ext/_utils/networkloop.py", line 161, in network_retry_loop
    await do_action()
  File "/home/ai_user/.hermes/hermes-agent/venv/lib/python3.11/site-packages/telegram/ext/_utils/networkloop.py", line 136, in do_action
    await action_cb()
  File "/home/ai_user/.hermes/hermes-agent/venv/lib/python3.11/site-packages/telegram/ext/_updater.py", line 686, in bootstrap_del_webhook
    await self.bot.delete_webhook(drop_pending_updates=drop_pending_updates)
  File "/home/ai_user/.hermes/hermes-agent/venv/lib/python3.11/site-packages/telegram/ext/_extbot.py", line 1489, in delete_webhook
    return await super().delete_webhook(
           ^^^^^^^^^^^^^^^^^^^^^^^^^^^^^
  File "/home/ai_user/.hermes/hermes-agent/venv/lib/python3.11/site-packages/telegram/_bot.py", line 5032, in delete_webhook
    return await self._post(
           ^^^^^^^^^^^^^^^^^
  File "/home/ai_user/.hermes/hermes-agent/venv/lib/python3.11/site-packages/telegram/_bot.py", line 703, in _post
    return await self._do_post(
           ^^^^^^^^^^^^^^^^^^^^
  File "/home/ai_user/.hermes/hermes-agent/venv/lib/python3.11/site-packages/telegram/ext/_extbot.py", line 369, in _do_post
    return await super()._do_post(
           ^^^^^^^^^^^^^^^^^^^^^^^
  File "/home/ai_user/.hermes/hermes-agent/venv/lib/python3.11/site-packages/telegram/_bot.py", line 732, in _do_post
    result = await request.post(
             ^^^^^^^^^^^^^^^^^^^
  File "/home/ai_user/.hermes/hermes-agent/venv/lib/python3.11/site-packages/telegram/request/_baserequest.py", line 198, in post
    result = await self._request_wrapper(
             ^^^^^^^^^^^^^^^^^^^^^^^^^^^^
  File "/home/ai_user/.hermes/hermes-agent/venv/lib/python3.11/site-packages/telegram/request/_baserequest.py", line 305, in _request_wrapper
    code, payload = await self.do_request(
                    ^^^^^^^^^^^^^^^^^^^^^^
  File "/home/ai_user/.hermes/hermes-agent/venv/lib/python3.11/site-packages/telegram/request/_httpxrequest.py", line 303, in do_request
    raise NetworkError(f"httpx.{err.__class__.__name__}: {err}") from err
telegram.error.NetworkError: httpx.ConnectError: All connection attempts failed
WARNING hermes_plugins.telegram_platform.adapter: [Telegram] Telegram polling reconnect failed: httpx.ConnectError: All connection attempts failed
WARNING hermes_plugins.telegram_platform.adapter: [Telegram] Telegram network error (attempt 2/10), reconnecting in 10s. Error: httpx.ConnectError: All connection attempts failed
WARNING plugins.platforms.telegram.telegram_network: [Telegram] Primary api.telegram.org connection failed (); trying fallback IPs 149.154.166.110
WARNING plugins.platforms.telegram.telegram_network: [Telegram] Fallback IP 149.154.166.110 failed: All connection attempts failed
ERROR telegram.ext: Network Retry Loop (Bootstrap delete Webhook): Failed run number 0 of 0. Aborting.
Traceback (most recent call last):
  File "/home/ai_user/.hermes/hermes-agent/venv/lib/python3.11/site-packages/httpx/_transports/default.py", line 101, in map_httpcore_exceptions
    yield
  File "/home/ai_user/.hermes/hermes-agent/venv/lib/python3.11/site-packages/httpx/_transports/default.py", line 394, in handle_async_request
    resp = await self._pool.handle_async_request(req)
           ^^^^^^^^^^^^^^^^^^^^^^^^^^^^^^^^^^^^^^^^^^
  File "/home/ai_user/.hermes/hermes-agent/venv/lib/python3.11/site-packages/httpcore/_async/connection_pool.py", line 256, in handle_async_request
    raise exc from None
  File "/home/ai_user/.hermes/hermes-agent/venv/lib/python3.11/site-packages/httpcore/_async/connection_pool.py", line 236, in handle_async_request
    response = await connection.handle_async_request(
               ^^^^^^^^^^^^^^^^^^^^^^^^^^^^^^^^^^^^^^
  File "/home/ai_user/.hermes/hermes-agent/venv/lib/python3.11/site-packages/httpcore/_async/connection.py", line 101, in handle_async_request
    raise exc
  File "/home/ai_user/.hermes/hermes-agent/venv/lib/python3.11/site-packages/httpcore/_async/connection.py", line 78, in handle_async_request
    stream = await self._connect(request)
             ^^^^^^^^^^^^^^^^^^^^^^^^^^^^
  File "/home/ai_user/.hermes/hermes-agent/venv/lib/python3.11/site-packages/httpcore/_async/connection.py", line 124, in _connect
    stream = await self._network_backend.connect_tcp(**kwargs)
             ^^^^^^^^^^^^^^^^^^^^^^^^^^^^^^^^^^^^^^^^^^^^^^^^^
  File "/home/ai_user/.hermes/hermes-agent/venv/lib/python3.11/site-packages/httpcore/_backends/auto.py", line 31, in connect_tcp
    return await self._backend.connect_tcp(
           ^^^^^^^^^^^^^^^^^^^^^^^^^^^^^^^^
  File "/home/ai_user/.hermes/hermes-agent/venv/lib/python3.11/site-packages/httpcore/_backends/anyio.py", line 113, in connect_tcp
    with map_exceptions(exc_map):
  File "/home/ai_user/.local/share/uv/python/cpython-3.11.15-linux-x86_64-gnu/lib/python3.11/contextlib.py", line 158, in __exit__
    self.gen.throw(typ, value, traceback)
  File "/home/ai_user/.hermes/hermes-agent/venv/lib/python3.11/site-packages/httpcore/_exceptions.py", line 14, in map_exceptions
    raise to_exc(exc) from exc
httpcore.ConnectError: All connection attempts failed

The above exception was the direct cause of the following exception:

Traceback (most recent call last):
  File "/home/ai_user/.hermes/hermes-agent/venv/lib/python3.11/site-packages/telegram/request/_httpxrequest.py", line 279, in do_request
    res = await self._client.request(
          ^^^^^^^^^^^^^^^^^^^^^^^^^^^
  File "/home/ai_user/.hermes/hermes-agent/venv/lib/python3.11/site-packages/httpx/_client.py", line 1540, in request
    return await self.send(request, auth=auth, follow_redirects=follow_redirects)
           ^^^^^^^^^^^^^^^^^^^^^^^^^^^^^^^^^^^^^^^^^^^^^^^^^^^^^^^^^^^^^^^^^^^^^^
  File "/home/ai_user/.hermes/hermes-agent/venv/lib/python3.11/site-packages/httpx/_client.py", line 1629, in send
    response = await self._send_handling_auth(
               ^^^^^^^^^^^^^^^^^^^^^^^^^^^^^^^
  File "/home/ai_user/.hermes/hermes-agent/venv/lib/python3.11/site-packages/httpx/_client.py", line 1657, in _send_handling_auth
    response = await self._send_handling_redirects(
               ^^^^^^^^^^^^^^^^^^^^^^^^^^^^^^^^^^^^
  File "/home/ai_user/.hermes/hermes-agent/venv/lib/python3.11/site-packages/httpx/_client.py", line 1694, in _send_handling_redirects
    response = await self._send_single_request(request)
               ^^^^^^^^^^^^^^^^^^^^^^^^^^^^^^^^^^^^^^^^
  File "/home/ai_user/.hermes/hermes-agent/venv/lib/python3.11/site-packages/httpx/_client.py", line 1730, in _send_single_request
    response = await transport.handle_async_request(request)
               ^^^^^^^^^^^^^^^^^^^^^^^^^^^^^^^^^^^^^^^^^^^^^
  File "/home/ai_user/.hermes/hermes-agent/plugins/platforms/telegram/telegram_network.py", line 124, in handle_async_request
    raise last_error
  File "/home/ai_user/.hermes/hermes-agent/plugins/platforms/telegram/telegram_network.py", line 90, in handle_async_request
    response = await transport.handle_async_request(candidate)
               ^^^^^^^^^^^^^^^^^^^^^^^^^^^^^^^^^^^^^^^^^^^^^^^
  File "/home/ai_user/.hermes/hermes-agent/venv/lib/python3.11/site-packages/httpx/_transports/default.py", line 393, in handle_async_request
    with map_httpcore_exceptions():
  File "/home/ai_user/.local/share/uv/python/cpython-3.11.15-linux-x86_64-gnu/lib/python3.11/contextlib.py", line 158, in __exit__
    self.gen.throw(typ, value, traceback)
  File "/home/ai_user/.hermes/hermes-agent/venv/lib/python3.11/site-packages/httpx/_transports/default.py", line 118, in map_httpcore_exceptions
    raise mapped_exc(message) from exc
httpx.ConnectError: All connection attempts failed

The above exception was the direct cause of the following exception:

Traceback (most recent call last):
  File "/home/ai_user/.hermes/hermes-agent/venv/lib/python3.11/site-packages/telegram/ext/_utils/networkloop.py", line 161, in network_retry_loop
    await do_action()
  File "/home/ai_user/.hermes/hermes-agent/venv/lib/python3.11/site-packages/telegram/ext/_utils/networkloop.py", line 136, in do_action
    await action_cb()
  File "/home/ai_user/.hermes/hermes-agent/venv/lib/python3.11/site-packages/telegram/ext/_updater.py", line 686, in bootstrap_del_webhook
    await self.bot.delete_webhook(drop_pending_updates=drop_pending_updates)
  File "/home/ai_user/.hermes/hermes-agent/venv/lib/python3.11/site-packages/telegram/ext/_extbot.py", line 1489, in delete_webhook
    return await super().delete_webhook(
           ^^^^^^^^^^^^^^^^^^^^^^^^^^^^^
  File "/home/ai_user/.hermes/hermes-agent/venv/lib/python3.11/site-packages/telegram/_bot.py", line 5032, in delete_webhook
    return await self._post(
           ^^^^^^^^^^^^^^^^^
  File "/home/ai_user/.hermes/hermes-agent/venv/lib/python3.11/site-packages/telegram/_bot.py", line 703, in _post
    return await self._do_post(
           ^^^^^^^^^^^^^^^^^^^^
  File "/home/ai_user/.hermes/hermes-agent/venv/lib/python3.11/site-packages/telegram/ext/_extbot.py", line 369, in _do_post
    return await super()._do_post(
           ^^^^^^^^^^^^^^^^^^^^^^^
  File "/home/ai_user/.hermes/hermes-agent/venv/lib/python3.11/site-packages/telegram/_bot.py", line 732, in _do_post
    result = await request.post(
             ^^^^^^^^^^^^^^^^^^^
  File "/home/ai_user/.hermes/hermes-agent/venv/lib/python3.11/site-packages/telegram/request/_baserequest.py", line 198, in post
    result = await self._request_wrapper(
             ^^^^^^^^^^^^^^^^^^^^^^^^^^^^
  File "/home/ai_user/.hermes/hermes-agent/venv/lib/python3.11/site-packages/telegram/request/_baserequest.py", line 305, in _request_wrapper
    code, payload = await self.do_request(
                    ^^^^^^^^^^^^^^^^^^^^^^
  File "/home/ai_user/.hermes/hermes-agent/venv/lib/python3.11/site-packages/telegram/request/_httpxrequest.py", line 303, in do_request
    raise NetworkError(f"httpx.{err.__class__.__name__}: {err}") from err
telegram.error.NetworkError: httpx.ConnectError: All connection attempts failed
WARNING hermes_plugins.telegram_platform.adapter: [Telegram] Telegram polling reconnect failed: httpx.ConnectError: All connection attempts failed
WARNING hermes_plugins.telegram_platform.adapter: [Telegram] Telegram network error (attempt 3/10), reconnecting in 20s. Error: httpx.ConnectError: All connection attempts failed
WARNING plugins.platforms.telegram.telegram_network: [Telegram] Primary api.telegram.org connection failed (); trying fallback IPs 149.154.166.110
WARNING plugins.platforms.telegram.telegram_network: [Telegram] Fallback IP 149.154.166.110 failed: All connection attempts failed
ERROR telegram.ext: Network Retry Loop (Bootstrap delete Webhook): Failed run number 0 of 0. Aborting.
Traceback (most recent call last):
  File "/home/ai_user/.hermes/hermes-agent/venv/lib/python3.11/site-packages/httpx/_transports/default.py", line 101, in map_httpcore_exceptions
    yield
  File "/home/ai_user/.hermes/hermes-agent/venv/lib/python3.11/site-packages/httpx/_transports/default.py", line 394, in handle_async_request
    resp = await self._pool.handle_async_request(req)
           ^^^^^^^^^^^^^^^^^^^^^^^^^^^^^^^^^^^^^^^^^^
  File "/home/ai_user/.hermes/hermes-agent/venv/lib/python3.11/site-packages/httpcore/_async/connection_pool.py", line 256, in handle_async_request
    raise exc from None
  File "/home/ai_user/.hermes/hermes-agent/venv/lib/python3.11/site-packages/httpcore/_async/connection_pool.py", line 236, in handle_async_request
    response = await connection.handle_async_request(
               ^^^^^^^^^^^^^^^^^^^^^^^^^^^^^^^^^^^^^^
  File "/home/ai_user/.hermes/hermes-agent/venv/lib/python3.11/site-packages/httpcore/_async/connection.py", line 101, in handle_async_request
    raise exc
  File "/home/ai_user/.hermes/hermes-agent/venv/lib/python3.11/site-packages/httpcore/_async/connection.py", line 78, in handle_async_request
    stream = await self._connect(request)
             ^^^^^^^^^^^^^^^^^^^^^^^^^^^^
  File "/home/ai_user/.hermes/hermes-agent/venv/lib/python3.11/site-packages/httpcore/_async/connection.py", line 124, in _connect
    stream = await self._network_backend.connect_tcp(**kwargs)
             ^^^^^^^^^^^^^^^^^^^^^^^^^^^^^^^^^^^^^^^^^^^^^^^^^
  File "/home/ai_user/.hermes/hermes-agent/venv/lib/python3.11/site-packages/httpcore/_backends/auto.py", line 31, in connect_tcp
    return await self._backend.connect_tcp(
           ^^^^^^^^^^^^^^^^^^^^^^^^^^^^^^^^
  File "/home/ai_user/.hermes/hermes-agent/venv/lib/python3.11/site-packages/httpcore/_backends/anyio.py", line 113, in connect_tcp
    with map_exceptions(exc_map):
  File "/home/ai_user/.local/share/uv/python/cpython-3.11.15-linux-x86_64-gnu/lib/python3.11/contextlib.py", line 158, in __exit__
    self.gen.throw(typ, value, traceback)
  File "/home/ai_user/.hermes/hermes-agent/venv/lib/python3.11/site-packages/httpcore/_exceptions.py", line 14, in map_exceptions
    raise to_exc(exc) from exc
httpcore.ConnectError: All connection attempts failed

The above exception was the direct cause of the following exception:

Traceback (most recent call last):
  File "/home/ai_user/.hermes/hermes-agent/venv/lib/python3.11/site-packages/telegram/request/_httpxrequest.py", line 279, in do_request
    res = await self._client.request(
          ^^^^^^^^^^^^^^^^^^^^^^^^^^^
  File "/home/ai_user/.hermes/hermes-agent/venv/lib/python3.11/site-packages/httpx/_client.py", line 1540, in request
    return await self.send(request, auth=auth, follow_redirects=follow_redirects)
           ^^^^^^^^^^^^^^^^^^^^^^^^^^^^^^^^^^^^^^^^^^^^^^^^^^^^^^^^^^^^^^^^^^^^^^
  File "/home/ai_user/.hermes/hermes-agent/venv/lib/python3.11/site-packages/httpx/_client.py", line 1629, in send
    response = await self._send_handling_auth(
               ^^^^^^^^^^^^^^^^^^^^^^^^^^^^^^^
  File "/home/ai_user/.hermes/hermes-agent/venv/lib/python3.11/site-packages/httpx/_client.py", line 1657, in _send_handling_auth
    response = await self._send_handling_redirects(
               ^^^^^^^^^^^^^^^^^^^^^^^^^^^^^^^^^^^^
  File "/home/ai_user/.hermes/hermes-agent/venv/lib/python3.11/site-packages/httpx/_client.py", line 1694, in _send_handling_redirects
    response = await self._send_single_request(request)
               ^^^^^^^^^^^^^^^^^^^^^^^^^^^^^^^^^^^^^^^^
  File "/home/ai_user/.hermes/hermes-agent/venv/lib/python3.11/site-packages/httpx/_client.py", line 1730, in _send_single_request
    response = await transport.handle_async_request(request)
               ^^^^^^^^^^^^^^^^^^^^^^^^^^^^^^^^^^^^^^^^^^^^^
  File "/home/ai_user/.hermes/hermes-agent/plugins/platforms/telegram/telegram_network.py", line 124, in handle_async_request
    raise last_error
  File "/home/ai_user/.hermes/hermes-agent/plugins/platforms/telegram/telegram_network.py", line 90, in handle_async_request
    response = await transport.handle_async_request(candidate)
               ^^^^^^^^^^^^^^^^^^^^^^^^^^^^^^^^^^^^^^^^^^^^^^^
  File "/home/ai_user/.hermes/hermes-agent/venv/lib/python3.11/site-packages/httpx/_transports/default.py", line 393, in handle_async_request
    with map_httpcore_exceptions():
  File "/home/ai_user/.local/share/uv/python/cpython-3.11.15-linux-x86_64-gnu/lib/python3.11/contextlib.py", line 158, in __exit__
    self.gen.throw(typ, value, traceback)
  File "/home/ai_user/.hermes/hermes-agent/venv/lib/python3.11/site-packages/httpx/_transports/default.py", line 118, in map_httpcore_exceptions
    raise mapped_exc(message) from exc
httpx.ConnectError: All connection attempts failed

The above exception was the direct cause of the following exception:

Traceback (most recent call last):
  File "/home/ai_user/.hermes/hermes-agent/venv/lib/python3.11/site-packages/telegram/ext/_utils/networkloop.py", line 161, in network_retry_loop
    await do_action()
  File "/home/ai_user/.hermes/hermes-agent/venv/lib/python3.11/site-packages/telegram/ext/_utils/networkloop.py", line 136, in do_action
    await action_cb()
  File "/home/ai_user/.hermes/hermes-agent/venv/lib/python3.11/site-packages/telegram/ext/_updater.py", line 686, in bootstrap_del_webhook
    await self.bot.delete_webhook(drop_pending_updates=drop_pending_updates)
  File "/home/ai_user/.hermes/hermes-agent/venv/lib/python3.11/site-packages/telegram/ext/_extbot.py", line 1489, in delete_webhook
    return await super().delete_webhook(
           ^^^^^^^^^^^^^^^^^^^^^^^^^^^^^
  File "/home/ai_user/.hermes/hermes-agent/venv/lib/python3.11/site-packages/telegram/_bot.py", line 5032, in delete_webhook
    return await self._post(
           ^^^^^^^^^^^^^^^^^
  File "/home/ai_user/.hermes/hermes-agent/venv/lib/python3.11/site-packages/telegram/_bot.py", line 703, in _post
    return await self._do_post(
           ^^^^^^^^^^^^^^^^^^^^
  File "/home/ai_user/.hermes/hermes-agent/venv/lib/python3.11/site-packages/telegram/ext/_extbot.py", line 369, in _do_post
    return await super()._do_post(
           ^^^^^^^^^^^^^^^^^^^^^^^
  File "/home/ai_user/.hermes/hermes-agent/venv/lib/python3.11/site-packages/telegram/_bot.py", line 732, in _do_post
    result = await request.post(
             ^^^^^^^^^^^^^^^^^^^
  File "/home/ai_user/.hermes/hermes-agent/venv/lib/python3.11/site-packages/telegram/request/_baserequest.py", line 198, in post
    result = await self._request_wrapper(
             ^^^^^^^^^^^^^^^^^^^^^^^^^^^^
  File "/home/ai_user/.hermes/hermes-agent/venv/lib/python3.11/site-packages/telegram/request/_baserequest.py", line 305, in _request_wrapper
    code, payload = await self.do_request(
                    ^^^^^^^^^^^^^^^^^^^^^^
  File "/home/ai_user/.hermes/hermes-agent/venv/lib/python3.11/site-packages/telegram/request/_httpxrequest.py", line 303, in do_request
    raise NetworkError(f"httpx.{err.__class__.__name__}: {err}") from err
telegram.error.NetworkError: httpx.ConnectError: All connection attempts failed
WARNING hermes_plugins.telegram_platform.adapter: [Telegram] Telegram polling reconnect failed: httpx.ConnectError: All connection attempts failed
WARNING hermes_plugins.telegram_platform.adapter: [Telegram] Telegram network error (attempt 4/10), reconnecting in 40s. Error: httpx.ConnectError: All connection attempts failed
WARNING plugins.platforms.telegram.telegram_network: [Telegram] Primary api.telegram.org connection failed (); trying fallback IPs 149.154.166.110
WARNING plugins.platforms.telegram.telegram_network: [Telegram] Fallback IP 149.154.166.110 failed: All connection attempts failed
ERROR telegram.ext: Network Retry Loop (Bootstrap delete Webhook): Failed run number 0 of 0. Aborting.
Traceback (most recent call last):
  File "/home/ai_user/.hermes/hermes-agent/venv/lib/python3.11/site-packages/httpx/_transports/default.py", line 101, in map_httpcore_exceptions
    yield
  File "/home/ai_user/.hermes/hermes-agent/venv/lib/python3.11/site-packages/httpx/_transports/default.py", line 394, in handle_async_request
    resp = await self._pool.handle_async_request(req)
           ^^^^^^^^^^^^^^^^^^^^^^^^^^^^^^^^^^^^^^^^^^
  File "/home/ai_user/.hermes/hermes-agent/venv/lib/python3.11/site-packages/httpcore/_async/connection_pool.py", line 256, in handle_async_request
    raise exc from None
  File "/home/ai_user/.hermes/hermes-agent/venv/lib/python3.11/site-packages/httpcore/_async/connection_pool.py", line 236, in handle_async_request
    response = await connection.handle_async_request(
               ^^^^^^^^^^^^^^^^^^^^^^^^^^^^^^^^^^^^^^
  File "/home/ai_user/.hermes/hermes-agent/venv/lib/python3.11/site-packages/httpcore/_async/connection.py", line 101, in handle_async_request
    raise exc
  File "/home/ai_user/.hermes/hermes-agent/venv/lib/python3.11/site-packages/httpcore/_async/connection.py", line 78, in handle_async_request
    stream = await self._connect(request)
             ^^^^^^^^^^^^^^^^^^^^^^^^^^^^
  File "/home/ai_user/.hermes/hermes-agent/venv/lib/python3.11/site-packages/httpcore/_async/connection.py", line 124, in _connect
    stream = await self._network_backend.connect_tcp(**kwargs)
             ^^^^^^^^^^^^^^^^^^^^^^^^^^^^^^^^^^^^^^^^^^^^^^^^^
  File "/home/ai_user/.hermes/hermes-agent/venv/lib/python3.11/site-packages/httpcore/_backends/auto.py", line 31, in connect_tcp
    return await self._backend.connect_tcp(
           ^^^^^^^^^^^^^^^^^^^^^^^^^^^^^^^^
  File "/home/ai_user/.hermes/hermes-agent/venv/lib/python3.11/site-packages/httpcore/_backends/anyio.py", line 113, in connect_tcp
    with map_exceptions(exc_map):
  File "/home/ai_user/.local/share/uv/python/cpython-3.11.15-linux-x86_64-gnu/lib/python3.11/contextlib.py", line 158, in __exit__
    self.gen.throw(typ, value, traceback)
  File "/home/ai_user/.hermes/hermes-agent/venv/lib/python3.11/site-packages/httpcore/_exceptions.py", line 14, in map_exceptions
    raise to_exc(exc) from exc
httpcore.ConnectError: All connection attempts failed

The above exception was the direct cause of the following exception:

Traceback (most recent call last):
  File "/home/ai_user/.hermes/hermes-agent/venv/lib/python3.11/site-packages/telegram/request/_httpxrequest.py", line 279, in do_request
    res = await self._client.request(
          ^^^^^^^^^^^^^^^^^^^^^^^^^^^
  File "/home/ai_user/.hermes/hermes-agent/venv/lib/python3.11/site-packages/httpx/_client.py", line 1540, in request
    return await self.send(request, auth=auth, follow_redirects=follow_redirects)
           ^^^^^^^^^^^^^^^^^^^^^^^^^^^^^^^^^^^^^^^^^^^^^^^^^^^^^^^^^^^^^^^^^^^^^^
  File "/home/ai_user/.hermes/hermes-agent/venv/lib/python3.11/site-packages/httpx/_client.py", line 1629, in send
    response = await self._send_handling_auth(
               ^^^^^^^^^^^^^^^^^^^^^^^^^^^^^^^
  File "/home/ai_user/.hermes/hermes-agent/venv/lib/python3.11/site-packages/httpx/_client.py", line 1657, in _send_handling_auth
    response = await self._send_handling_redirects(
               ^^^^^^^^^^^^^^^^^^^^^^^^^^^^^^^^^^^^
  File "/home/ai_user/.hermes/hermes-agent/venv/lib/python3.11/site-packages/httpx/_client.py", line 1694, in _send_handling_redirects
    response = await self._send_single_request(request)
               ^^^^^^^^^^^^^^^^^^^^^^^^^^^^^^^^^^^^^^^^
  File "/home/ai_user/.hermes/hermes-agent/venv/lib/python3.11/site-packages/httpx/_client.py", line 1730, in _send_single_request
    response = await transport.handle_async_request(request)
               ^^^^^^^^^^^^^^^^^^^^^^^^^^^^^^^^^^^^^^^^^^^^^
  File "/home/ai_user/.hermes/hermes-agent/plugins/platforms/telegram/telegram_network.py", line 124, in handle_async_request
    raise last_error
  File "/home/ai_user/.hermes/hermes-agent/plugins/platforms/telegram/telegram_network.py", line 90, in handle_async_request
    response = await transport.handle_async_request(candidate)
               ^^^^^^^^^^^^^^^^^^^^^^^^^^^^^^^^^^^^^^^^^^^^^^^
  File "/home/ai_user/.hermes/hermes-agent/venv/lib/python3.11/site-packages/httpx/_transports/default.py", line 393, in handle_async_request
    with map_httpcore_exceptions():
  File "/home/ai_user/.local/share/uv/python/cpython-3.11.15-linux-x86_64-gnu/lib/python3.11/contextlib.py", line 158, in __exit__
    self.gen.throw(typ, value, traceback)
  File "/home/ai_user/.hermes/hermes-agent/venv/lib/python3.11/site-packages/httpx/_transports/default.py", line 118, in map_httpcore_exceptions
    raise mapped_exc(message) from exc
httpx.ConnectError: All connection attempts failed

The above exception was the direct cause of the following exception:

Traceback (most recent call last):
  File "/home/ai_user/.hermes/hermes-agent/venv/lib/python3.11/site-packages/telegram/ext/_utils/networkloop.py", line 161, in network_retry_loop
    await do_action()
  File "/home/ai_user/.hermes/hermes-agent/venv/lib/python3.11/site-packages/telegram/ext/_utils/networkloop.py", line 136, in do_action
    await action_cb()
  File "/home/ai_user/.hermes/hermes-agent/venv/lib/python3.11/site-packages/telegram/ext/_updater.py", line 686, in bootstrap_del_webhook
    await self.bot.delete_webhook(drop_pending_updates=drop_pending_updates)
  File "/home/ai_user/.hermes/hermes-agent/venv/lib/python3.11/site-packages/telegram/ext/_extbot.py", line 1489, in delete_webhook
    return await super().delete_webhook(
           ^^^^^^^^^^^^^^^^^^^^^^^^^^^^^
  File "/home/ai_user/.hermes/hermes-agent/venv/lib/python3.11/site-packages/telegram/_bot.py", line 5032, in delete_webhook
    return await self._post(
           ^^^^^^^^^^^^^^^^^
  File "/home/ai_user/.hermes/hermes-agent/venv/lib/python3.11/site-packages/telegram/_bot.py", line 703, in _post
    return await self._do_post(
           ^^^^^^^^^^^^^^^^^^^^
  File "/home/ai_user/.hermes/hermes-agent/venv/lib/python3.11/site-packages/telegram/ext/_extbot.py", line 369, in _do_post
    return await super()._do_post(
           ^^^^^^^^^^^^^^^^^^^^^^^
  File "/home/ai_user/.hermes/hermes-agent/venv/lib/python3.11/site-packages/telegram/_bot.py", line 732, in _do_post
    result = await request.post(
             ^^^^^^^^^^^^^^^^^^^
  File "/home/ai_user/.hermes/hermes-agent/venv/lib/python3.11/site-packages/telegram/request/_baserequest.py", line 198, in post
    result = await self._request_wrapper(
             ^^^^^^^^^^^^^^^^^^^^^^^^^^^^
  File "/home/ai_user/.hermes/hermes-agent/venv/lib/python3.11/site-packages/telegram/request/_baserequest.py", line 305, in _request_wrapper
    code, payload = await self.do_request(
                    ^^^^^^^^^^^^^^^^^^^^^^
  File "/home/ai_user/.hermes/hermes-agent/venv/lib/python3.11/site-packages/telegram/request/_httpxrequest.py", line 303, in do_request
    raise NetworkError(f"httpx.{err.__class__.__name__}: {err}") from err
telegram.error.NetworkError: httpx.ConnectError: All connection attempts failed
WARNING hermes_plugins.telegram_platform.adapter: [Telegram] Telegram polling reconnect failed: httpx.ConnectError: All connection attempts failed
WARNING hermes_plugins.telegram_platform.adapter: [Telegram] Telegram network error (attempt 5/10), reconnecting in 60s. Error: httpx.ConnectError: All connection attempts failed
WARNING plugins.platforms.telegram.telegram_network: [Telegram] Primary api.telegram.org connection failed (); trying fallback IPs 149.154.166.110
WARNING plugins.platforms.telegram.telegram_network: [Telegram] Fallback IP 149.154.166.110 failed: All connection attempts failed
ERROR telegram.ext: Network Retry Loop (Bootstrap delete Webhook): Failed run number 0 of 0. Aborting.
Traceback (most recent call last):
  File "/home/ai_user/.hermes/hermes-agent/venv/lib/python3.11/site-packages/httpx/_transports/default.py", line 101, in map_httpcore_exceptions
    yield
  File "/home/ai_user/.hermes/hermes-agent/venv/lib/python3.11/site-packages/httpx/_transports/default.py", line 394, in handle_async_request
    resp = await self._pool.handle_async_request(req)
           ^^^^^^^^^^^^^^^^^^^^^^^^^^^^^^^^^^^^^^^^^^
  File "/home/ai_user/.hermes/hermes-agent/venv/lib/python3.11/site-packages/httpcore/_async/connection_pool.py", line 256, in handle_async_request
    raise exc from None
  File "/home/ai_user/.hermes/hermes-agent/venv/lib/python3.11/site-packages/httpcore/_async/connection_pool.py", line 236, in handle_async_request
    response = await connection.handle_async_request(
               ^^^^^^^^^^^^^^^^^^^^^^^^^^^^^^^^^^^^^^
  File "/home/ai_user/.hermes/hermes-agent/venv/lib/python3.11/site-packages/httpcore/_async/connection.py", line 101, in handle_async_request
    raise exc
  File "/home/ai_user/.hermes/hermes-agent/venv/lib/python3.11/site-packages/httpcore/_async/connection.py", line 78, in handle_async_request
    stream = await self._connect(request)
             ^^^^^^^^^^^^^^^^^^^^^^^^^^^^
  File "/home/ai_user/.hermes/hermes-agent/venv/lib/python3.11/site-packages/httpcore/_async/connection.py", line 124, in _connect
    stream = await self._network_backend.connect_tcp(**kwargs)
             ^^^^^^^^^^^^^^^^^^^^^^^^^^^^^^^^^^^^^^^^^^^^^^^^^
  File "/home/ai_user/.hermes/hermes-agent/venv/lib/python3.11/site-packages/httpcore/_backends/auto.py", line 31, in connect_tcp
    return await self._backend.connect_tcp(
           ^^^^^^^^^^^^^^^^^^^^^^^^^^^^^^^^
  File "/home/ai_user/.hermes/hermes-agent/venv/lib/python3.11/site-packages/httpcore/_backends/anyio.py", line 113, in connect_tcp
    with map_exceptions(exc_map):
  File "/home/ai_user/.local/share/uv/python/cpython-3.11.15-linux-x86_64-gnu/lib/python3.11/contextlib.py", line 158, in __exit__
    self.gen.throw(typ, value, traceback)
  File "/home/ai_user/.hermes/hermes-agent/venv/lib/python3.11/site-packages/httpcore/_exceptions.py", line 14, in map_exceptions
    raise to_exc(exc) from exc
httpcore.ConnectError: All connection attempts failed

The above exception was the direct cause of the following exception:

Traceback (most recent call last):
  File "/home/ai_user/.hermes/hermes-agent/venv/lib/python3.11/site-packages/telegram/request/_httpxrequest.py", line 279, in do_request
    res = await self._client.request(
          ^^^^^^^^^^^^^^^^^^^^^^^^^^^
  File "/home/ai_user/.hermes/hermes-agent/venv/lib/python3.11/site-packages/httpx/_client.py", line 1540, in request
    return await self.send(request, auth=auth, follow_redirects=follow_redirects)
           ^^^^^^^^^^^^^^^^^^^^^^^^^^^^^^^^^^^^^^^^^^^^^^^^^^^^^^^^^^^^^^^^^^^^^^
  File "/home/ai_user/.hermes/hermes-agent/venv/lib/python3.11/site-packages/httpx/_client.py", line 1629, in send
    response = await self._send_handling_auth(
               ^^^^^^^^^^^^^^^^^^^^^^^^^^^^^^^
  File "/home/ai_user/.hermes/hermes-agent/venv/lib/python3.11/site-packages/httpx/_client.py", line 1657, in _send_handling_auth
    response = await self._send_handling_redirects(
               ^^^^^^^^^^^^^^^^^^^^^^^^^^^^^^^^^^^^
  File "/home/ai_user/.hermes/hermes-agent/venv/lib/python3.11/site-packages/httpx/_client.py", line 1694, in _send_handling_redirects
    response = await self._send_single_request(request)
               ^^^^^^^^^^^^^^^^^^^^^^^^^^^^^^^^^^^^^^^^
  File "/home/ai_user/.hermes/hermes-agent/venv/lib/python3.11/site-packages/httpx/_client.py", line 1730, in _send_single_request
    response = await transport.handle_async_request(request)
               ^^^^^^^^^^^^^^^^^^^^^^^^^^^^^^^^^^^^^^^^^^^^^
  File "/home/ai_user/.hermes/hermes-agent/plugins/platforms/telegram/telegram_network.py", line 124, in handle_async_request
    raise last_error
  File "/home/ai_user/.hermes/hermes-agent/plugins/platforms/telegram/telegram_network.py", line 90, in handle_async_request
    response = await transport.handle_async_request(candidate)
               ^^^^^^^^^^^^^^^^^^^^^^^^^^^^^^^^^^^^^^^^^^^^^^^
  File "/home/ai_user/.hermes/hermes-agent/venv/lib/python3.11/site-packages/httpx/_transports/default.py", line 393, in handle_async_request
    with map_httpcore_exceptions():
  File "/home/ai_user/.local/share/uv/python/cpython-3.11.15-linux-x86_64-gnu/lib/python3.11/contextlib.py", line 158, in __exit__
    self.gen.throw(typ, value, traceback)
  File "/home/ai_user/.hermes/hermes-agent/venv/lib/python3.11/site-packages/httpx/_transports/default.py", line 118, in map_httpcore_exceptions
    raise mapped_exc(message) from exc
httpx.ConnectError: All connection attempts failed

The above exception was the direct cause of the following exception:

Traceback (most recent call last):
  File "/home/ai_user/.hermes/hermes-agent/venv/lib/python3.11/site-packages/telegram/ext/_utils/networkloop.py", line 161, in network_retry_loop
    await do_action()
  File "/home/ai_user/.hermes/hermes-agent/venv/lib/python3.11/site-packages/telegram/ext/_utils/networkloop.py", line 136, in do_action
    await action_cb()
  File "/home/ai_user/.hermes/hermes-agent/venv/lib/python3.11/site-packages/telegram/ext/_updater.py", line 686, in bootstrap_del_webhook
    await self.bot.delete_webhook(drop_pending_updates=drop_pending_updates)
  File "/home/ai_user/.hermes/hermes-agent/venv/lib/python3.11/site-packages/telegram/ext/_extbot.py", line 1489, in delete_webhook
    return await super().delete_webhook(
           ^^^^^^^^^^^^^^^^^^^^^^^^^^^^^
  File "/home/ai_user/.hermes/hermes-agent/venv/lib/python3.11/site-packages/telegram/_bot.py", line 5032, in delete_webhook
    return await self._post(
           ^^^^^^^^^^^^^^^^^
  File "/home/ai_user/.hermes/hermes-agent/venv/lib/python3.11/site-packages/telegram/_bot.py", line 703, in _post
    return await self._do_post(
           ^^^^^^^^^^^^^^^^^^^^
  File "/home/ai_user/.hermes/hermes-agent/venv/lib/python3.11/site-packages/telegram/ext/_extbot.py", line 369, in _do_post
    return await super()._do_post(
           ^^^^^^^^^^^^^^^^^^^^^^^
  File "/home/ai_user/.hermes/hermes-agent/venv/lib/python3.11/site-packages/telegram/_bot.py", line 732, in _do_post
    result = await request.post(
             ^^^^^^^^^^^^^^^^^^^
  File "/home/ai_user/.hermes/hermes-agent/venv/lib/python3.11/site-packages/telegram/request/_baserequest.py", line 198, in post
    result = await self._request_wrapper(
             ^^^^^^^^^^^^^^^^^^^^^^^^^^^^
  File "/home/ai_user/.hermes/hermes-agent/venv/lib/python3.11/site-packages/telegram/request/_baserequest.py", line 305, in _request_wrapper
    code, payload = await self.do_request(
                    ^^^^^^^^^^^^^^^^^^^^^^
  File "/home/ai_user/.hermes/hermes-agent/venv/lib/python3.11/site-packages/telegram/request/_httpxrequest.py", line 303, in do_request
    raise NetworkError(f"httpx.{err.__class__.__name__}: {err}") from err
telegram.error.NetworkError: httpx.ConnectError: All connection attempts failed
WARNING hermes_plugins.telegram_platform.adapter: [Telegram] Telegram polling reconnect failed: httpx.ConnectError: All connection attempts failed
WARNING hermes_plugins.telegram_platform.adapter: [Telegram] Telegram network error (attempt 6/10), reconnecting in 60s. Error: httpx.ConnectError: All connection attempts failed
┌─────────────────────────────────────────────────────────┐
│           ⚕ Hermes Gateway Starting...                 │
├─────────────────────────────────────────────────────────┤
│  Messaging platforms + cron scheduler                    │
│  Press Ctrl+C to stop                                   │
└─────────────────────────────────────────────────────────┘

WARNING gateway.run: Shutdown context: signal=SIGTERM under_systemd=no parent_pid=3641 parent_name=runuser loadavg_1m=1.65 parent_cmdline='runuser -u ai_user -- env HOME=/home/ai_user zsh -c hermes gateway restart >> /config-file/gateway.log 2>&1'
Starting gateway...
┌─────────────────────────────────────────────────────────┐
│           ⚕ Hermes Gateway Starting...                 │
├─────────────────────────────────────────────────────────┤
│  Messaging platforms + cron scheduler                    │
│  Press Ctrl+C to stop                                   │
└─────────────────────────────────────────────────────────┘

/home/ai_user/.hermes/hermes-agent/plugins/platforms/telegram/adapter.py:1441: PTBUserWarning: Please use 'Bot.editMessageText' instead of 'Bot.do_api_request("editMessageText", ...)'
  await self._bot.do_api_request("editMessageText", api_kwargs=payload)
WARNING agent.tool_executor: Tool execute_code returned error (28.17s): {"status": "error", "output": "\n--- stderr ---\nTraceback (most recent call last):\n  File \"/tmp/hermes_sandbox_sdv_rzjn/script.py\", line 41, in <module>\n    r = terminal(cmd, timeout=30)\n       
WARNING tools.mcp_tool: Failed to connect to MCP server 'agentmemory' (command=npx): CancelledError
ERROR gateway.run: ✗ telegram error: telegram connect timed out after 30s
ERROR cron.scheduler: Job '2bd6778f1fae': delivery error: Telegram send failed: Timed out
WARNING gateway.run: Reconnect telegram error: telegram connect timed out after 30s, next retry in 60s
WARNING tools.mcp_tool: Failed to connect to MCP server 'agentmemory' (command=npx): CancelledError
WARNING gateway.run: Reconnect telegram error: telegram connect timed out after 30s, next retry in 120s
WARNING agent.model_metadata: Failed to fetch model metadata from OpenRouter: HTTPSConnectionPool(host='openrouter.ai', port=443): Max retries exceeded with url: /api/v1/models (Caused by NameResolutionError("HTTPSConnection(host='openrouter.ai', port=443): Failed to resolve 'openrouter.ai' ([Errno -3] Temporary failure in name resolution)"))
WARNING agent.conversation_loop: API call failed (attempt 1/3) error_type=APIConnectionError thread=ThreadPoolExecutor-1_0:140040342591168 provider=xiaomi base_url=https://api.xiaomimimo.com/v1 model=mimo-v2.5 summary=Connection error.
WARNING agent.conversation_loop: Retrying API call in 2.389424262725701s (attempt 1/3) thread=ThreadPoolExecutor-1_0:140040342591168 provider=xiaomi base_url=https://api.xiaomimimo.com/v1 model=mimo-v2.5 error=Connection error.
WARNING gateway.run: Reconnect telegram error: telegram connect timed out after 30s, next retry in 240s
WARNING agent.conversation_loop: API call failed (attempt 2/3) error_type=APIConnectionError thread=ThreadPoolExecutor-1_0:140040342591168 provider=xiaomi base_url=https://api.xiaomimimo.com/v1 model=mimo-v2.5 summary=Connection error.
WARNING agent.conversation_loop: Retrying API call in 5.953436734871593s (attempt 2/3) thread=ThreadPoolExecutor-1_0:140040342591168 provider=xiaomi base_url=https://api.xiaomimimo.com/v1 model=mimo-v2.5 error=Connection error.
WARNING agent.conversation_loop: API call failed (attempt 3/3) error_type=APIConnectionError thread=ThreadPoolExecutor-1_0:140040342591168 provider=xiaomi base_url=https://api.xiaomimimo.com/v1 model=mimo-v2.5 summary=Connection error.
WARNING agent.conversation_loop: API call failed (attempt 1/3) error_type=APIConnectionError thread=ThreadPoolExecutor-1_0:140040342591168 provider=xiaomi base_url=https://api.xiaomimimo.com/v1 model=mimo-v2.5 summary=Connection error.
WARNING agent.conversation_loop: Retrying API call in 2.3503743346931314s (attempt 1/3) thread=ThreadPoolExecutor-1_0:140040342591168 provider=xiaomi base_url=https://api.xiaomimimo.com/v1 model=mimo-v2.5 error=Connection error.
WARNING agent.conversation_loop: API call failed (attempt 2/3) error_type=APIConnectionError thread=ThreadPoolExecutor-1_0:140040342591168 provider=xiaomi base_url=https://api.xiaomimimo.com/v1 model=mimo-v2.5 summary=Connection error.
WARNING agent.conversation_loop: Retrying API call in 5.033881108806881s (attempt 2/3) thread=ThreadPoolExecutor-1_0:140040342591168 provider=xiaomi base_url=https://api.xiaomimimo.com/v1 model=mimo-v2.5 error=Connection error.
WARNING agent.conversation_loop: API call failed (attempt 3/3) error_type=APIConnectionError thread=ThreadPoolExecutor-1_0:140040342591168 provider=xiaomi base_url=https://api.xiaomimimo.com/v1 model=mimo-v2.5 summary=Connection error.
ERROR agent.conversation_loop: API call failed after 3 retries. Connection error. | provider=xiaomi model=mimo-v2.5 msgs=2 tokens=~13,028
ERROR cron.scheduler: Job 'Daily Brief (10AM)' failed: RuntimeError: Connection error.
Traceback (most recent call last):
  File "/home/ai_user/.hermes/hermes-agent/cron/scheduler.py", line 2198, in run_job
    raise RuntimeError(_err_text)
RuntimeError: Connection error.
ERROR cron.scheduler: Job '4c23aeed095d': delivery error: Telegram send failed: Timed out
WARNING gateway.run: Reconnect telegram error: telegram connect timed out after 30s, next retry in 300s
WARNING gateway.run: Shutdown context: signal=SIGTERM under_systemd=yes parent_pid=1 parent_name=runuser loadavg_1m=2.06 parent_cmdline='runuser -u ai_user -- /bin/zsh'
┌─────────────────────────────────────────────────────────┐
│           ⚕ Hermes Gateway Starting...                 │
├─────────────────────────────────────────────────────────┤
│  Messaging platforms + cron scheduler                    │
│  Press Ctrl+C to stop                                   │
└─────────────────────────────────────────────────────────┘

🔁 Transient APIConnectionError on xiaomi — rebuilt client, waiting 6s before one last primary attempt.
⚠️  API call failed (attempt 1/3): APIConnectionError
   🔌 Provider: xiaomi  Model: mimo-v2.5
   🌐 Endpoint: https://api.xiaomimimo.com/v1
   📝 Error: Connection error.
   ⏱️  Elapsed: 20.20s  Context: 2 msgs, ~13,028 tokens
⏳ Retrying in 2.4s (attempt 1/3)...
⚠️  API call failed (attempt 2/3): APIConnectionError
   🔌 Provider: xiaomi  Model: mimo-v2.5
   🌐 Endpoint: https://api.xiaomimimo.com/v1
   📝 Error: Connection error.
   ⏱️  Elapsed: 62.68s  Context: 2 msgs, ~13,028 tokens
⏳ Retrying in 6.0s (attempt 2/3)...
⚠️  API call failed (attempt 3/3): APIConnectionError
   🔌 Provider: xiaomi  Model: mimo-v2.5
   🌐 Endpoint: https://api.xiaomimimo.com/v1
   📝 Error: Connection error.
   ⏱️  Elapsed: 88.73s  Context: 2 msgs, ~13,028 tokens
⚠️  API call failed (attempt 1/3): APIConnectionError
   🔌 Provider: xiaomi  Model: mimo-v2.5
   🌐 Endpoint: https://api.xiaomimimo.com/v1
   📝 Error: Connection error.
   ⏱️  Elapsed: 134.82s  Context: 2 msgs, ~13,028 tokens
⏳ Retrying in 2.4s (attempt 1/3)...
⚠️  API call failed (attempt 2/3): APIConnectionError
   🔌 Provider: xiaomi  Model: mimo-v2.5
   🌐 Endpoint: https://api.xiaomimimo.com/v1
   📝 Error: Connection error.
   ⏱️  Elapsed: 157.28s  Context: 2 msgs, ~13,028 tokens
⏳ Retrying in 5.0s (attempt 2/3)...
⚠️  API call failed (attempt 3/3): APIConnectionError
   🔌 Provider: xiaomi  Model: mimo-v2.5
   🌐 Endpoint: https://api.xiaomimimo.com/v1
   📝 Error: Connection error.
   ⏱️  Elapsed: 182.54s  Context: 2 msgs, ~13,028 tokens
❌ API failed after 3 retries — Connection error.
   💀 Final error: Connection error.
🧾 Request debug dump written to: /home/ai_user/.hermes/sessions/request_dump_cron_4c23aeed095d_20260625_043755_20260625_044459_904128.json
WARNING agent.tool_executor: Tool terminal returned error (0.14s): {"output": "---LAB-RUN---\n---HERMES-SCHEDULE---", "exit_code": 128, "error": null}
WARNING agent.tool_executor: Tool terminal returned error (0.16s): {"output": "✅ Last updated date is 2026-06-26", "exit_code": 1, "error": null}
WARNING agent.tool_executor: Tool terminal returned error (0.17s): {"output": "✅ Last updated date is 2026-06-26\n✅ Hospital ethnic proposal days-left = 2\n✅ Status shows DUE SOON\n/tmp/hermes-verify-tracker-update.sh: line 7: file: command not found\n❌ File is valid
WARNING agent.tool_executor: Tool terminal returned error (0.08s): {"output": "", "exit_code": -1, "error": "", "status": "pending_approval", "approval_pending": true, "command": "rm /tmp/hermes-verify-tracker-update.sh", "description": "delete in root path", "patter
WARNING agent.tool_executor: Tool terminal returned error (0.08s): {"output": "---\n=== ADReSSo-feature-extraction-en ===\n=== ADReSSo-feature-extraction-vi ===\n=== speech-analysis-for-you ===", "exit_code": 128, "error": null}
WARNING agent.tool_executor: Tool terminal returned error (0.04s): {"output": "", "exit_code": -1, "error": "", "status": "pending_approval", "approval_pending": true, "command": "python3 -c \"\nfrom datetime import datetime, date\ntoday = date(2026, 6, 27)\n# Hospit
WARNING agent.tool_executor: Tool terminal returned error (0.06s): {"output": "/usr/sbin/bash: line 3: patch: command not found", "exit_code": 127, "error": null}
WARNING agent.tool_executor: Tool terminal returned error (0.04s): {"output": "", "exit_code": -1, "error": "", "status": "pending_approval", "approval_pending": true, "command": "rm /tmp/hermes-verify-tracker-update.sh", "description": "delete in root path", "patter
WARNING agent.tool_executor: Tool terminal returned error (0.08s): {"output": "", "exit_code": -1, "error": "", "status": "pending_approval", "approval_pending": true, "command": "python3 -c \"\nimport os, sys\n\nFILE = '/workspace/hermes-schedule/deadlines/tracker.m
WARNING agent.tool_executor: Tool terminal returned error (0.04s): {"output": "", "exit_code": -1, "error": "", "status": "pending_approval", "approval_pending": true, "command": "rm /tmp/hermes-verify-tracker.py", "description": "delete in root path", "pattern_key":
WARNING agent.tool_executor: Tool terminal returned error (0.08s): {"output": "---\n---", "exit_code": 128, "error": null}
WARNING agent.tool_executor: Tool terminal returned error (0.08s): {"output": "=== ADReSSo-feature-extraction-en ===\nfatal: detected dubious ownership in repository at '/workspace/lab-run/ADReSSo-feature-extraction-en'\nTo add an exception for this directory, call:\
WARNING agent.tool_executor: Tool terminal returned error (0.06s): {"output": "/usr/sbin/bash: line 3: patch: command not found", "exit_code": 127, "error": null}
WARNING agent.tool_executor: Tool terminal returned error (0.04s): {"output": "", "exit_code": -1, "error": "", "status": "pending_approval", "approval_pending": true, "command": "rm /tmp/hermes-verify-tracker.py", "description": "delete in root path", "pattern_key":
WARNING gateway.session: gateway.session: pruning stale sessions.json entry 'agent:main:telegram:dm:5920999693' -> 20260624_160103_265b2ce3 (end_reason='agent_close'); left by a crashed gateway
WARNING tools.registry: check_fn _browser_cdp_check returned False; dependent tools will be unavailable this turn
WARNING tools.registry: check_fn _browser_dialog_check returned False; dependent tools will be unavailable this turn
WARNING tools.registry: check_fn _browser_dialog_check returned False; dependent tools will be unavailable this turn
WARNING tools.registry: check_fn check_computer_use_requirements returned False; dependent tools will be unavailable this turn
WARNING tools.registry: check_fn check_computer_use_requirements returned False; dependent tools will be unavailable this turn
WARNING tools.registry: check_fn _check_kanban_mode returned False; dependent tools will be unavailable this turn
WARNING tools.registry: check_fn _check_kanban_orchestrator_mode returned False; dependent tools will be unavailable this turn
WARNING tools.registry: check_fn check_read_terminal_requirements returned False; dependent tools will be unavailable this turn
WARNING tools.registry: check_fn _browser_cdp_check returned False; dependent tools will be unavailable this turn
WARNING tools.registry: check_fn _browser_dialog_check returned False; dependent tools will be unavailable this turn
WARNING tools.registry: check_fn _check_kanban_mode returned False; dependent tools will be unavailable this turn
WARNING tools.registry: check_fn _check_kanban_orchestrator_mode returned False; dependent tools will be unavailable this turn
WARNING tools.registry: check_fn check_read_terminal_requirements returned False; dependent tools will be unavailable this turn
WARNING agent.tool_executor: Tool read_file returned error (0.06s): {"content": "", "total_lines": 0, "file_size": 0, "truncated": false, "is_binary": false, "is_image": false, "error": "File not found: /workspace/ideas/adresso-vi-plan.md"}
WARNING agent.tool_executor: Tool terminal returned error (0.12s): {"output": "", "exit_code": 2, "error": null}
/home/ai_user/.hermes/hermes-agent/plugins/platforms/telegram/adapter.py:1382: PTBUserWarning: Please use 'Bot.editMessageText' instead of 'Bot.do_api_request("editMessageText", ...)'
  await self._bot.do_api_request("editMessageText", api_kwargs=payload)
WARNING agent.tool_executor: Tool execute_code returned error (0.01s): {"status": "error", "error": "BLOCKED: execute_code runs arbitrary local Python (including subprocess calls that bypass shell-string approval checks). Cron jobs run without a user present to approve i
WARNING agent.tool_executor: Tool skill_manage returned error (0.09s): {"success": false, "error": "Found 2 matches for old_string. Provide more context to make it unique, or use replace_all=True.", "file_preview": "---\nname: project-workflow\ndescription: \"Full daily 
WARNING agent.tool_executor: Tool search_files returned error (0.00s): {"error": "Background review denied non-whitelisted tool: search_files. Only memory/skill tools are allowed."}
WARNING tools.registry: check_fn _browser_cdp_check returned False; dependent tools will be unavailable this turn
WARNING tools.registry: check_fn _browser_dialog_check returned False; dependent tools will be unavailable this turn
WARNING tools.registry: check_fn check_computer_use_requirements returned False; dependent tools will be unavailable this turn
WARNING tools.registry: check_fn _check_kanban_mode returned False; dependent tools will be unavailable this turn
WARNING tools.registry: check_fn _check_kanban_orchestrator_mode returned False; dependent tools will be unavailable this turn
WARNING tools.registry: check_fn check_read_terminal_requirements returned False; dependent tools will be unavailable this turn
WARNING agent.tool_executor: Tool terminal returned error (0.13s): {"output": "usage: google_api.py [-h] {gmail,calendar,drive,contacts,sheets,docs} ...\ngoogle_api.py: error: the following arguments are required: service", "exit_code": 2, "error": null}
WARNING tools.registry: check_fn _browser_cdp_check returned False; dependent tools will be unavailable this turn
WARNING tools.registry: check_fn _browser_dialog_check returned False; dependent tools will be unavailable this turn
WARNING tools.registry: check_fn check_computer_use_requirements returned False; dependent tools will be unavailable this turn
WARNING tools.registry: check_fn _check_kanban_mode returned False; dependent tools will be unavailable this turn
WARNING tools.registry: check_fn _check_kanban_orchestrator_mode returned False; dependent tools will be unavailable this turn
WARNING tools.registry: check_fn check_read_terminal_requirements returned False; dependent tools will be unavailable this turn
WARNING tools.registry: check_fn _browser_cdp_check returned False; dependent tools will be unavailable this turn
WARNING tools.registry: check_fn _browser_dialog_check returned False; dependent tools will be unavailable this turn
WARNING tools.registry: check_fn check_computer_use_requirements returned False; dependent tools will be unavailable this turn
WARNING tools.registry: check_fn _check_kanban_mode returned False; dependent tools will be unavailable this turn
WARNING tools.registry: check_fn _check_kanban_orchestrator_mode returned False; dependent tools will be unavailable this turn
WARNING tools.registry: check_fn check_read_terminal_requirements returned False; dependent tools will be unavailable this turn
WARNING tools.mcp_tool: MCP server 'agentmemory': OSV malware preflight timed out after 12s (network slow/unreachable) — proceeding without the check.
WARNING tools.mcp_tool: Failed to connect to MCP server 'agentmemory' (command=npx): CancelledError
ERROR gateway.run: ✗ telegram error: telegram connect timed out after 30s
WARNING gateway.run: Reconnect telegram error: telegram connect timed out after 30s, next retry in 60s
WARNING gateway.run: Reconnect telegram error: telegram connect timed out after 30s, next retry in 120s
WARNING gateway.run: Reconnect telegram error: telegram connect timed out after 30s, next retry in 240s
WARNING gateway.run: Shutdown context: signal=SIGTERM under_systemd=yes parent_pid=1 parent_name=runuser loadavg_1m=2.70 parent_cmdline='runuser -u ai_user -- /bin/zsh'
┌─────────────────────────────────────────────────────────┐
│           ⚕ Hermes Gateway Starting...                 │
├─────────────────────────────────────────────────────────┤
│  Messaging platforms + cron scheduler                    │
│  Press Ctrl+C to stop                                   │
└─────────────────────────────────────────────────────────┘

WARNING plugins.platforms.telegram.telegram_network: [Telegram] Primary api.telegram.org connection failed (); trying fallback IPs 149.154.166.110
WARNING plugins.platforms.telegram.telegram_network: [Telegram] Fallback IP 149.154.166.110 failed: All connection attempts failed
WARNING hermes_plugins.telegram_platform.adapter: [Telegram] Telegram network error, scheduling reconnect: httpx.ConnectError: All connection attempts failed
WARNING hermes_plugins.telegram_platform.adapter: [Telegram] Telegram network error (attempt 1/10), reconnecting in 5s. Error: httpx.ConnectError: All connection attempts failed
WARNING plugins.platforms.telegram.telegram_network: [Telegram] Primary api.telegram.org connection failed (); trying fallback IPs 149.154.166.110
WARNING plugins.platforms.telegram.telegram_network: [Telegram] Primary api.telegram.org connection failed (); trying fallback IPs 149.154.166.110
WARNING hermes_plugins.telegram_platform.adapter: [Telegram] Polling heartbeat probe failed (); triggering reconnect
WARNING plugins.platforms.telegram.telegram_network: [Telegram] Fallback IP 149.154.166.110 failed: 
ERROR telegram.ext.Updater: Error while calling `get_updates` one more time to mark all fetched updates. Suppressing error to ensure graceful shutdown. When polling for updates is restarted, updates may be fetched again. Please adjust timeouts via `ApplicationBuilder` or the parameter `get_updates_request` of `Bot`.
Traceback (most recent call last):
  File "/home/ai_user/.hermes/hermes-agent/venv/lib/python3.11/site-packages/httpx/_transports/default.py", line 101, in map_httpcore_exceptions
    yield
  File "/home/ai_user/.hermes/hermes-agent/venv/lib/python3.11/site-packages/httpx/_transports/default.py", line 394, in handle_async_request
    resp = await self._pool.handle_async_request(req)
           ^^^^^^^^^^^^^^^^^^^^^^^^^^^^^^^^^^^^^^^^^^
  File "/home/ai_user/.hermes/hermes-agent/venv/lib/python3.11/site-packages/httpcore/_async/connection_pool.py", line 256, in handle_async_request
    raise exc from None
  File "/home/ai_user/.hermes/hermes-agent/venv/lib/python3.11/site-packages/httpcore/_async/connection_pool.py", line 236, in handle_async_request
    response = await connection.handle_async_request(
               ^^^^^^^^^^^^^^^^^^^^^^^^^^^^^^^^^^^^^^
  File "/home/ai_user/.hermes/hermes-agent/venv/lib/python3.11/site-packages/httpcore/_async/connection.py", line 101, in handle_async_request
    raise exc
  File "/home/ai_user/.hermes/hermes-agent/venv/lib/python3.11/site-packages/httpcore/_async/connection.py", line 78, in handle_async_request
    stream = await self._connect(request)
             ^^^^^^^^^^^^^^^^^^^^^^^^^^^^
  File "/home/ai_user/.hermes/hermes-agent/venv/lib/python3.11/site-packages/httpcore/_async/connection.py", line 124, in _connect
    stream = await self._network_backend.connect_tcp(**kwargs)
             ^^^^^^^^^^^^^^^^^^^^^^^^^^^^^^^^^^^^^^^^^^^^^^^^^
  File "/home/ai_user/.hermes/hermes-agent/venv/lib/python3.11/site-packages/httpcore/_backends/auto.py", line 31, in connect_tcp
    return await self._backend.connect_tcp(
           ^^^^^^^^^^^^^^^^^^^^^^^^^^^^^^^^
  File "/home/ai_user/.hermes/hermes-agent/venv/lib/python3.11/site-packages/httpcore/_backends/anyio.py", line 113, in connect_tcp
    with map_exceptions(exc_map):
  File "/home/ai_user/.local/share/uv/python/cpython-3.11.15-linux-x86_64-gnu/lib/python3.11/contextlib.py", line 158, in __exit__
    self.gen.throw(typ, value, traceback)
  File "/home/ai_user/.hermes/hermes-agent/venv/lib/python3.11/site-packages/httpcore/_exceptions.py", line 14, in map_exceptions
    raise to_exc(exc) from exc
httpcore.ConnectTimeout

The above exception was the direct cause of the following exception:

Traceback (most recent call last):
  File "/home/ai_user/.hermes/hermes-agent/venv/lib/python3.11/site-packages/telegram/request/_httpxrequest.py", line 279, in do_request
    res = await self._client.request(
          ^^^^^^^^^^^^^^^^^^^^^^^^^^^
  File "/home/ai_user/.hermes/hermes-agent/venv/lib/python3.11/site-packages/httpx/_client.py", line 1540, in request
    return await self.send(request, auth=auth, follow_redirects=follow_redirects)
           ^^^^^^^^^^^^^^^^^^^^^^^^^^^^^^^^^^^^^^^^^^^^^^^^^^^^^^^^^^^^^^^^^^^^^^
  File "/home/ai_user/.hermes/hermes-agent/venv/lib/python3.11/site-packages/httpx/_client.py", line 1629, in send
    response = await self._send_handling_auth(
               ^^^^^^^^^^^^^^^^^^^^^^^^^^^^^^^
  File "/home/ai_user/.hermes/hermes-agent/venv/lib/python3.11/site-packages/httpx/_client.py", line 1657, in _send_handling_auth
    response = await self._send_handling_redirects(
               ^^^^^^^^^^^^^^^^^^^^^^^^^^^^^^^^^^^^
  File "/home/ai_user/.hermes/hermes-agent/venv/lib/python3.11/site-packages/httpx/_client.py", line 1694, in _send_handling_redirects
    response = await self._send_single_request(request)
               ^^^^^^^^^^^^^^^^^^^^^^^^^^^^^^^^^^^^^^^^
  File "/home/ai_user/.hermes/hermes-agent/venv/lib/python3.11/site-packages/httpx/_client.py", line 1730, in _send_single_request
    response = await transport.handle_async_request(request)
               ^^^^^^^^^^^^^^^^^^^^^^^^^^^^^^^^^^^^^^^^^^^^^
  File "/home/ai_user/.hermes/hermes-agent/plugins/platforms/telegram/telegram_network.py", line 124, in handle_async_request
    raise last_error
  File "/home/ai_user/.hermes/hermes-agent/plugins/platforms/telegram/telegram_network.py", line 90, in handle_async_request
    response = await transport.handle_async_request(candidate)
               ^^^^^^^^^^^^^^^^^^^^^^^^^^^^^^^^^^^^^^^^^^^^^^^
  File "/home/ai_user/.hermes/hermes-agent/venv/lib/python3.11/site-packages/httpx/_transports/default.py", line 393, in handle_async_request
    with map_httpcore_exceptions():
  File "/home/ai_user/.local/share/uv/python/cpython-3.11.15-linux-x86_64-gnu/lib/python3.11/contextlib.py", line 158, in __exit__
    self.gen.throw(typ, value, traceback)
  File "/home/ai_user/.hermes/hermes-agent/venv/lib/python3.11/site-packages/httpx/_transports/default.py", line 118, in map_httpcore_exceptions
    raise mapped_exc(message) from exc
httpx.ConnectTimeout

The above exception was the direct cause of the following exception:

Traceback (most recent call last):
  File "/home/ai_user/.hermes/hermes-agent/venv/lib/python3.11/site-packages/telegram/ext/_updater.py", line 400, in _get_updates_cleanup
    await self.bot.get_updates(
  File "/home/ai_user/.hermes/hermes-agent/venv/lib/python3.11/site-packages/telegram/ext/_extbot.py", line 671, in get_updates
    updates = await super().get_updates(
              ^^^^^^^^^^^^^^^^^^^^^^^^^^
  File "/home/ai_user/.hermes/hermes-agent/venv/lib/python3.11/site-packages/telegram/_bot.py", line 4860, in get_updates
    await self._post(
  File "/home/ai_user/.hermes/hermes-agent/venv/lib/python3.11/site-packages/telegram/_bot.py", line 703, in _post
    return await self._do_post(
           ^^^^^^^^^^^^^^^^^^^^
  File "/home/ai_user/.hermes/hermes-agent/venv/lib/python3.11/site-packages/telegram/ext/_extbot.py", line 369, in _do_post
    return await super()._do_post(
           ^^^^^^^^^^^^^^^^^^^^^^^
  File "/home/ai_user/.hermes/hermes-agent/venv/lib/python3.11/site-packages/telegram/_bot.py", line 732, in _do_post
    result = await request.post(
             ^^^^^^^^^^^^^^^^^^^
  File "/home/ai_user/.hermes/hermes-agent/venv/lib/python3.11/site-packages/telegram/request/_baserequest.py", line 198, in post
    result = await self._request_wrapper(
             ^^^^^^^^^^^^^^^^^^^^^^^^^^^^
  File "/home/ai_user/.hermes/hermes-agent/venv/lib/python3.11/site-packages/telegram/request/_baserequest.py", line 305, in _request_wrapper
    code, payload = await self.do_request(
                    ^^^^^^^^^^^^^^^^^^^^^^
  File "/home/ai_user/.hermes/hermes-agent/venv/lib/python3.11/site-packages/telegram/request/_httpxrequest.py", line 296, in do_request
    raise TimedOut from err
telegram.error.TimedOut: Timed out
WARNING plugins.platforms.telegram.telegram_network: [Telegram] Primary api.telegram.org connection failed (); trying fallback IPs 149.154.166.110
WARNING plugins.platforms.telegram.telegram_network: [Telegram] Fallback IP 149.154.166.110 failed: All connection attempts failed
ERROR telegram.ext: Network Retry Loop (Bootstrap delete Webhook): Failed run number 0 of 0. Aborting.
Traceback (most recent call last):
  File "/home/ai_user/.hermes/hermes-agent/venv/lib/python3.11/site-packages/httpx/_transports/default.py", line 101, in map_httpcore_exceptions
    yield
  File "/home/ai_user/.hermes/hermes-agent/venv/lib/python3.11/site-packages/httpx/_transports/default.py", line 394, in handle_async_request
    resp = await self._pool.handle_async_request(req)
           ^^^^^^^^^^^^^^^^^^^^^^^^^^^^^^^^^^^^^^^^^^
  File "/home/ai_user/.hermes/hermes-agent/venv/lib/python3.11/site-packages/httpcore/_async/connection_pool.py", line 256, in handle_async_request
    raise exc from None
  File "/home/ai_user/.hermes/hermes-agent/venv/lib/python3.11/site-packages/httpcore/_async/connection_pool.py", line 236, in handle_async_request
    response = await connection.handle_async_request(
               ^^^^^^^^^^^^^^^^^^^^^^^^^^^^^^^^^^^^^^
  File "/home/ai_user/.hermes/hermes-agent/venv/lib/python3.11/site-packages/httpcore/_async/connection.py", line 101, in handle_async_request
    raise exc
  File "/home/ai_user/.hermes/hermes-agent/venv/lib/python3.11/site-packages/httpcore/_async/connection.py", line 78, in handle_async_request
    stream = await self._connect(request)
             ^^^^^^^^^^^^^^^^^^^^^^^^^^^^
  File "/home/ai_user/.hermes/hermes-agent/venv/lib/python3.11/site-packages/httpcore/_async/connection.py", line 124, in _connect
    stream = await self._network_backend.connect_tcp(**kwargs)
             ^^^^^^^^^^^^^^^^^^^^^^^^^^^^^^^^^^^^^^^^^^^^^^^^^
  File "/home/ai_user/.hermes/hermes-agent/venv/lib/python3.11/site-packages/httpcore/_backends/auto.py", line 31, in connect_tcp
    return await self._backend.connect_tcp(
           ^^^^^^^^^^^^^^^^^^^^^^^^^^^^^^^^
  File "/home/ai_user/.hermes/hermes-agent/venv/lib/python3.11/site-packages/httpcore/_backends/anyio.py", line 113, in connect_tcp
    with map_exceptions(exc_map):
  File "/home/ai_user/.local/share/uv/python/cpython-3.11.15-linux-x86_64-gnu/lib/python3.11/contextlib.py", line 158, in __exit__
    self.gen.throw(typ, value, traceback)
  File "/home/ai_user/.hermes/hermes-agent/venv/lib/python3.11/site-packages/httpcore/_exceptions.py", line 14, in map_exceptions
    raise to_exc(exc) from exc
httpcore.ConnectError: All connection attempts failed

The above exception was the direct cause of the following exception:

Traceback (most recent call last):
  File "/home/ai_user/.hermes/hermes-agent/venv/lib/python3.11/site-packages/telegram/request/_httpxrequest.py", line 279, in do_request
    res = await self._client.request(
          ^^^^^^^^^^^^^^^^^^^^^^^^^^^
  File "/home/ai_user/.hermes/hermes-agent/venv/lib/python3.11/site-packages/httpx/_client.py", line 1540, in request
    return await self.send(request, auth=auth, follow_redirects=follow_redirects)
           ^^^^^^^^^^^^^^^^^^^^^^^^^^^^^^^^^^^^^^^^^^^^^^^^^^^^^^^^^^^^^^^^^^^^^^
  File "/home/ai_user/.hermes/hermes-agent/venv/lib/python3.11/site-packages/httpx/_client.py", line 1629, in send
    response = await self._send_handling_auth(
               ^^^^^^^^^^^^^^^^^^^^^^^^^^^^^^^
  File "/home/ai_user/.hermes/hermes-agent/venv/lib/python3.11/site-packages/httpx/_client.py", line 1657, in _send_handling_auth
    response = await self._send_handling_redirects(
               ^^^^^^^^^^^^^^^^^^^^^^^^^^^^^^^^^^^^
  File "/home/ai_user/.hermes/hermes-agent/venv/lib/python3.11/site-packages/httpx/_client.py", line 1694, in _send_handling_redirects
    response = await self._send_single_request(request)
               ^^^^^^^^^^^^^^^^^^^^^^^^^^^^^^^^^^^^^^^^
  File "/home/ai_user/.hermes/hermes-agent/venv/lib/python3.11/site-packages/httpx/_client.py", line 1730, in _send_single_request
    response = await transport.handle_async_request(request)
               ^^^^^^^^^^^^^^^^^^^^^^^^^^^^^^^^^^^^^^^^^^^^^
  File "/home/ai_user/.hermes/hermes-agent/plugins/platforms/telegram/telegram_network.py", line 124, in handle_async_request
    raise last_error
  File "/home/ai_user/.hermes/hermes-agent/plugins/platforms/telegram/telegram_network.py", line 90, in handle_async_request
    response = await transport.handle_async_request(candidate)
               ^^^^^^^^^^^^^^^^^^^^^^^^^^^^^^^^^^^^^^^^^^^^^^^
  File "/home/ai_user/.hermes/hermes-agent/venv/lib/python3.11/site-packages/httpx/_transports/default.py", line 393, in handle_async_request
    with map_httpcore_exceptions():
  File "/home/ai_user/.local/share/uv/python/cpython-3.11.15-linux-x86_64-gnu/lib/python3.11/contextlib.py", line 158, in __exit__
    self.gen.throw(typ, value, traceback)
  File "/home/ai_user/.hermes/hermes-agent/venv/lib/python3.11/site-packages/httpx/_transports/default.py", line 118, in map_httpcore_exceptions
    raise mapped_exc(message) from exc
httpx.ConnectError: All connection attempts failed

The above exception was the direct cause of the following exception:

Traceback (most recent call last):
  File "/home/ai_user/.hermes/hermes-agent/venv/lib/python3.11/site-packages/telegram/ext/_utils/networkloop.py", line 161, in network_retry_loop
    await do_action()
  File "/home/ai_user/.hermes/hermes-agent/venv/lib/python3.11/site-packages/telegram/ext/_utils/networkloop.py", line 136, in do_action
    await action_cb()
  File "/home/ai_user/.hermes/hermes-agent/venv/lib/python3.11/site-packages/telegram/ext/_updater.py", line 686, in bootstrap_del_webhook
    await self.bot.delete_webhook(drop_pending_updates=drop_pending_updates)
  File "/home/ai_user/.hermes/hermes-agent/venv/lib/python3.11/site-packages/telegram/ext/_extbot.py", line 1489, in delete_webhook
    return await super().delete_webhook(
           ^^^^^^^^^^^^^^^^^^^^^^^^^^^^^
  File "/home/ai_user/.hermes/hermes-agent/venv/lib/python3.11/site-packages/telegram/_bot.py", line 5032, in delete_webhook
    return await self._post(
           ^^^^^^^^^^^^^^^^^
  File "/home/ai_user/.hermes/hermes-agent/venv/lib/python3.11/site-packages/telegram/_bot.py", line 703, in _post
    return await self._do_post(
           ^^^^^^^^^^^^^^^^^^^^
  File "/home/ai_user/.hermes/hermes-agent/venv/lib/python3.11/site-packages/telegram/ext/_extbot.py", line 369, in _do_post
    return await super()._do_post(
           ^^^^^^^^^^^^^^^^^^^^^^^
  File "/home/ai_user/.hermes/hermes-agent/venv/lib/python3.11/site-packages/telegram/_bot.py", line 732, in _do_post
    result = await request.post(
             ^^^^^^^^^^^^^^^^^^^
  File "/home/ai_user/.hermes/hermes-agent/venv/lib/python3.11/site-packages/telegram/request/_baserequest.py", line 198, in post
    result = await self._request_wrapper(
             ^^^^^^^^^^^^^^^^^^^^^^^^^^^^
  File "/home/ai_user/.hermes/hermes-agent/venv/lib/python3.11/site-packages/telegram/request/_baserequest.py", line 305, in _request_wrapper
    code, payload = await self.do_request(
                    ^^^^^^^^^^^^^^^^^^^^^^
  File "/home/ai_user/.hermes/hermes-agent/venv/lib/python3.11/site-packages/telegram/request/_httpxrequest.py", line 303, in do_request
    raise NetworkError(f"httpx.{err.__class__.__name__}: {err}") from err
telegram.error.NetworkError: httpx.ConnectError: All connection attempts failed
WARNING hermes_plugins.telegram_platform.adapter: [Telegram] Telegram polling reconnect failed: httpx.ConnectError: All connection attempts failed
WARNING hermes_plugins.telegram_platform.adapter: [Telegram] Telegram network error (attempt 2/10), reconnecting in 10s. Error: httpx.ConnectError: All connection attempts failed
WARNING plugins.platforms.telegram.telegram_network: [Telegram] Primary api.telegram.org connection failed (); trying fallback IPs 149.154.166.110
WARNING plugins.platforms.telegram.telegram_network: [Telegram] Fallback IP 149.154.166.110 failed: All connection attempts failed
ERROR telegram.ext: Network Retry Loop (Bootstrap delete Webhook): Failed run number 0 of 0. Aborting.
Traceback (most recent call last):
  File "/home/ai_user/.hermes/hermes-agent/venv/lib/python3.11/site-packages/httpx/_transports/default.py", line 101, in map_httpcore_exceptions
    yield
  File "/home/ai_user/.hermes/hermes-agent/venv/lib/python3.11/site-packages/httpx/_transports/default.py", line 394, in handle_async_request
    resp = await self._pool.handle_async_request(req)
           ^^^^^^^^^^^^^^^^^^^^^^^^^^^^^^^^^^^^^^^^^^
  File "/home/ai_user/.hermes/hermes-agent/venv/lib/python3.11/site-packages/httpcore/_async/connection_pool.py", line 256, in handle_async_request
    raise exc from None
  File "/home/ai_user/.hermes/hermes-agent/venv/lib/python3.11/site-packages/httpcore/_async/connection_pool.py", line 236, in handle_async_request
    response = await connection.handle_async_request(
               ^^^^^^^^^^^^^^^^^^^^^^^^^^^^^^^^^^^^^^
  File "/home/ai_user/.hermes/hermes-agent/venv/lib/python3.11/site-packages/httpcore/_async/connection.py", line 101, in handle_async_request
    raise exc
  File "/home/ai_user/.hermes/hermes-agent/venv/lib/python3.11/site-packages/httpcore/_async/connection.py", line 78, in handle_async_request
    stream = await self._connect(request)
             ^^^^^^^^^^^^^^^^^^^^^^^^^^^^
  File "/home/ai_user/.hermes/hermes-agent/venv/lib/python3.11/site-packages/httpcore/_async/connection.py", line 124, in _connect
    stream = await self._network_backend.connect_tcp(**kwargs)
             ^^^^^^^^^^^^^^^^^^^^^^^^^^^^^^^^^^^^^^^^^^^^^^^^^
  File "/home/ai_user/.hermes/hermes-agent/venv/lib/python3.11/site-packages/httpcore/_backends/auto.py", line 31, in connect_tcp
    return await self._backend.connect_tcp(
           ^^^^^^^^^^^^^^^^^^^^^^^^^^^^^^^^
  File "/home/ai_user/.hermes/hermes-agent/venv/lib/python3.11/site-packages/httpcore/_backends/anyio.py", line 113, in connect_tcp
    with map_exceptions(exc_map):
  File "/home/ai_user/.local/share/uv/python/cpython-3.11.15-linux-x86_64-gnu/lib/python3.11/contextlib.py", line 158, in __exit__
    self.gen.throw(typ, value, traceback)
  File "/home/ai_user/.hermes/hermes-agent/venv/lib/python3.11/site-packages/httpcore/_exceptions.py", line 14, in map_exceptions
    raise to_exc(exc) from exc
httpcore.ConnectError: All connection attempts failed

The above exception was the direct cause of the following exception:

Traceback (most recent call last):
  File "/home/ai_user/.hermes/hermes-agent/venv/lib/python3.11/site-packages/telegram/request/_httpxrequest.py", line 279, in do_request
    res = await self._client.request(
          ^^^^^^^^^^^^^^^^^^^^^^^^^^^
  File "/home/ai_user/.hermes/hermes-agent/venv/lib/python3.11/site-packages/httpx/_client.py", line 1540, in request
    return await self.send(request, auth=auth, follow_redirects=follow_redirects)
           ^^^^^^^^^^^^^^^^^^^^^^^^^^^^^^^^^^^^^^^^^^^^^^^^^^^^^^^^^^^^^^^^^^^^^^
  File "/home/ai_user/.hermes/hermes-agent/venv/lib/python3.11/site-packages/httpx/_client.py", line 1629, in send
    response = await self._send_handling_auth(
               ^^^^^^^^^^^^^^^^^^^^^^^^^^^^^^^
  File "/home/ai_user/.hermes/hermes-agent/venv/lib/python3.11/site-packages/httpx/_client.py", line 1657, in _send_handling_auth
    response = await self._send_handling_redirects(
               ^^^^^^^^^^^^^^^^^^^^^^^^^^^^^^^^^^^^
  File "/home/ai_user/.hermes/hermes-agent/venv/lib/python3.11/site-packages/httpx/_client.py", line 1694, in _send_handling_redirects
    response = await self._send_single_request(request)
               ^^^^^^^^^^^^^^^^^^^^^^^^^^^^^^^^^^^^^^^^
  File "/home/ai_user/.hermes/hermes-agent/venv/lib/python3.11/site-packages/httpx/_client.py", line 1730, in _send_single_request
    response = await transport.handle_async_request(request)
               ^^^^^^^^^^^^^^^^^^^^^^^^^^^^^^^^^^^^^^^^^^^^^
  File "/home/ai_user/.hermes/hermes-agent/plugins/platforms/telegram/telegram_network.py", line 124, in handle_async_request
    raise last_error
  File "/home/ai_user/.hermes/hermes-agent/plugins/platforms/telegram/telegram_network.py", line 90, in handle_async_request
    response = await transport.handle_async_request(candidate)
               ^^^^^^^^^^^^^^^^^^^^^^^^^^^^^^^^^^^^^^^^^^^^^^^
  File "/home/ai_user/.hermes/hermes-agent/venv/lib/python3.11/site-packages/httpx/_transports/default.py", line 393, in handle_async_request
    with map_httpcore_exceptions():
  File "/home/ai_user/.local/share/uv/python/cpython-3.11.15-linux-x86_64-gnu/lib/python3.11/contextlib.py", line 158, in __exit__
    self.gen.throw(typ, value, traceback)
  File "/home/ai_user/.hermes/hermes-agent/venv/lib/python3.11/site-packages/httpx/_transports/default.py", line 118, in map_httpcore_exceptions
    raise mapped_exc(message) from exc
httpx.ConnectError: All connection attempts failed

The above exception was the direct cause of the following exception:

Traceback (most recent call last):
  File "/home/ai_user/.hermes/hermes-agent/venv/lib/python3.11/site-packages/telegram/ext/_utils/networkloop.py", line 161, in network_retry_loop
    await do_action()
  File "/home/ai_user/.hermes/hermes-agent/venv/lib/python3.11/site-packages/telegram/ext/_utils/networkloop.py", line 136, in do_action
    await action_cb()
  File "/home/ai_user/.hermes/hermes-agent/venv/lib/python3.11/site-packages/telegram/ext/_updater.py", line 686, in bootstrap_del_webhook
    await self.bot.delete_webhook(drop_pending_updates=drop_pending_updates)
  File "/home/ai_user/.hermes/hermes-agent/venv/lib/python3.11/site-packages/telegram/ext/_extbot.py", line 1489, in delete_webhook
    return await super().delete_webhook(
           ^^^^^^^^^^^^^^^^^^^^^^^^^^^^^
  File "/home/ai_user/.hermes/hermes-agent/venv/lib/python3.11/site-packages/telegram/_bot.py", line 5032, in delete_webhook
    return await self._post(
           ^^^^^^^^^^^^^^^^^
  File "/home/ai_user/.hermes/hermes-agent/venv/lib/python3.11/site-packages/telegram/_bot.py", line 703, in _post
    return await self._do_post(
           ^^^^^^^^^^^^^^^^^^^^
  File "/home/ai_user/.hermes/hermes-agent/venv/lib/python3.11/site-packages/telegram/ext/_extbot.py", line 369, in _do_post
    return await super()._do_post(
           ^^^^^^^^^^^^^^^^^^^^^^^
  File "/home/ai_user/.hermes/hermes-agent/venv/lib/python3.11/site-packages/telegram/_bot.py", line 732, in _do_post
    result = await request.post(
             ^^^^^^^^^^^^^^^^^^^
  File "/home/ai_user/.hermes/hermes-agent/venv/lib/python3.11/site-packages/telegram/request/_baserequest.py", line 198, in post
    result = await self._request_wrapper(
             ^^^^^^^^^^^^^^^^^^^^^^^^^^^^
  File "/home/ai_user/.hermes/hermes-agent/venv/lib/python3.11/site-packages/telegram/request/_baserequest.py", line 305, in _request_wrapper
    code, payload = await self.do_request(
                    ^^^^^^^^^^^^^^^^^^^^^^
  File "/home/ai_user/.hermes/hermes-agent/venv/lib/python3.11/site-packages/telegram/request/_httpxrequest.py", line 303, in do_request
    raise NetworkError(f"httpx.{err.__class__.__name__}: {err}") from err
telegram.error.NetworkError: httpx.ConnectError: All connection attempts failed
WARNING hermes_plugins.telegram_platform.adapter: [Telegram] Telegram polling reconnect failed: httpx.ConnectError: All connection attempts failed
WARNING hermes_plugins.telegram_platform.adapter: [Telegram] Telegram network error (attempt 3/10), reconnecting in 20s. Error: httpx.ConnectError: All connection attempts failed
WARNING plugins.platforms.telegram.telegram_network: [Telegram] Primary api.telegram.org connection failed (); trying fallback IPs 149.154.166.110
WARNING plugins.platforms.telegram.telegram_network: [Telegram] Fallback IP 149.154.166.110 failed: All connection attempts failed
ERROR telegram.ext: Network Retry Loop (Bootstrap delete Webhook): Failed run number 0 of 0. Aborting.
Traceback (most recent call last):
  File "/home/ai_user/.hermes/hermes-agent/venv/lib/python3.11/site-packages/httpx/_transports/default.py", line 101, in map_httpcore_exceptions
    yield
  File "/home/ai_user/.hermes/hermes-agent/venv/lib/python3.11/site-packages/httpx/_transports/default.py", line 394, in handle_async_request
    resp = await self._pool.handle_async_request(req)
           ^^^^^^^^^^^^^^^^^^^^^^^^^^^^^^^^^^^^^^^^^^
  File "/home/ai_user/.hermes/hermes-agent/venv/lib/python3.11/site-packages/httpcore/_async/connection_pool.py", line 256, in handle_async_request
    raise exc from None
  File "/home/ai_user/.hermes/hermes-agent/venv/lib/python3.11/site-packages/httpcore/_async/connection_pool.py", line 236, in handle_async_request
    response = await connection.handle_async_request(
               ^^^^^^^^^^^^^^^^^^^^^^^^^^^^^^^^^^^^^^
  File "/home/ai_user/.hermes/hermes-agent/venv/lib/python3.11/site-packages/httpcore/_async/connection.py", line 101, in handle_async_request
    raise exc
  File "/home/ai_user/.hermes/hermes-agent/venv/lib/python3.11/site-packages/httpcore/_async/connection.py", line 78, in handle_async_request
    stream = await self._connect(request)
             ^^^^^^^^^^^^^^^^^^^^^^^^^^^^
  File "/home/ai_user/.hermes/hermes-agent/venv/lib/python3.11/site-packages/httpcore/_async/connection.py", line 124, in _connect
    stream = await self._network_backend.connect_tcp(**kwargs)
             ^^^^^^^^^^^^^^^^^^^^^^^^^^^^^^^^^^^^^^^^^^^^^^^^^
  File "/home/ai_user/.hermes/hermes-agent/venv/lib/python3.11/site-packages/httpcore/_backends/auto.py", line 31, in connect_tcp
    return await self._backend.connect_tcp(
           ^^^^^^^^^^^^^^^^^^^^^^^^^^^^^^^^
  File "/home/ai_user/.hermes/hermes-agent/venv/lib/python3.11/site-packages/httpcore/_backends/anyio.py", line 113, in connect_tcp
    with map_exceptions(exc_map):
  File "/home/ai_user/.local/share/uv/python/cpython-3.11.15-linux-x86_64-gnu/lib/python3.11/contextlib.py", line 158, in __exit__
    self.gen.throw(typ, value, traceback)
  File "/home/ai_user/.hermes/hermes-agent/venv/lib/python3.11/site-packages/httpcore/_exceptions.py", line 14, in map_exceptions
    raise to_exc(exc) from exc
httpcore.ConnectError: All connection attempts failed

The above exception was the direct cause of the following exception:

Traceback (most recent call last):
  File "/home/ai_user/.hermes/hermes-agent/venv/lib/python3.11/site-packages/telegram/request/_httpxrequest.py", line 279, in do_request
    res = await self._client.request(
          ^^^^^^^^^^^^^^^^^^^^^^^^^^^
  File "/home/ai_user/.hermes/hermes-agent/venv/lib/python3.11/site-packages/httpx/_client.py", line 1540, in request
    return await self.send(request, auth=auth, follow_redirects=follow_redirects)
           ^^^^^^^^^^^^^^^^^^^^^^^^^^^^^^^^^^^^^^^^^^^^^^^^^^^^^^^^^^^^^^^^^^^^^^
  File "/home/ai_user/.hermes/hermes-agent/venv/lib/python3.11/site-packages/httpx/_client.py", line 1629, in send
    response = await self._send_handling_auth(
               ^^^^^^^^^^^^^^^^^^^^^^^^^^^^^^^
  File "/home/ai_user/.hermes/hermes-agent/venv/lib/python3.11/site-packages/httpx/_client.py", line 1657, in _send_handling_auth
    response = await self._send_handling_redirects(
               ^^^^^^^^^^^^^^^^^^^^^^^^^^^^^^^^^^^^
  File "/home/ai_user/.hermes/hermes-agent/venv/lib/python3.11/site-packages/httpx/_client.py", line 1694, in _send_handling_redirects
    response = await self._send_single_request(request)
               ^^^^^^^^^^^^^^^^^^^^^^^^^^^^^^^^^^^^^^^^
  File "/home/ai_user/.hermes/hermes-agent/venv/lib/python3.11/site-packages/httpx/_client.py", line 1730, in _send_single_request
    response = await transport.handle_async_request(request)
               ^^^^^^^^^^^^^^^^^^^^^^^^^^^^^^^^^^^^^^^^^^^^^
  File "/home/ai_user/.hermes/hermes-agent/plugins/platforms/telegram/telegram_network.py", line 124, in handle_async_request
    raise last_error
  File "/home/ai_user/.hermes/hermes-agent/plugins/platforms/telegram/telegram_network.py", line 90, in handle_async_request
    response = await transport.handle_async_request(candidate)
               ^^^^^^^^^^^^^^^^^^^^^^^^^^^^^^^^^^^^^^^^^^^^^^^
  File "/home/ai_user/.hermes/hermes-agent/venv/lib/python3.11/site-packages/httpx/_transports/default.py", line 393, in handle_async_request
    with map_httpcore_exceptions():
  File "/home/ai_user/.local/share/uv/python/cpython-3.11.15-linux-x86_64-gnu/lib/python3.11/contextlib.py", line 158, in __exit__
    self.gen.throw(typ, value, traceback)
  File "/home/ai_user/.hermes/hermes-agent/venv/lib/python3.11/site-packages/httpx/_transports/default.py", line 118, in map_httpcore_exceptions
    raise mapped_exc(message) from exc
httpx.ConnectError: All connection attempts failed

The above exception was the direct cause of the following exception:

Traceback (most recent call last):
  File "/home/ai_user/.hermes/hermes-agent/venv/lib/python3.11/site-packages/telegram/ext/_utils/networkloop.py", line 161, in network_retry_loop
    await do_action()
  File "/home/ai_user/.hermes/hermes-agent/venv/lib/python3.11/site-packages/telegram/ext/_utils/networkloop.py", line 136, in do_action
    await action_cb()
  File "/home/ai_user/.hermes/hermes-agent/venv/lib/python3.11/site-packages/telegram/ext/_updater.py", line 686, in bootstrap_del_webhook
    await self.bot.delete_webhook(drop_pending_updates=drop_pending_updates)
  File "/home/ai_user/.hermes/hermes-agent/venv/lib/python3.11/site-packages/telegram/ext/_extbot.py", line 1489, in delete_webhook
    return await super().delete_webhook(
           ^^^^^^^^^^^^^^^^^^^^^^^^^^^^^
  File "/home/ai_user/.hermes/hermes-agent/venv/lib/python3.11/site-packages/telegram/_bot.py", line 5032, in delete_webhook
    return await self._post(
           ^^^^^^^^^^^^^^^^^
  File "/home/ai_user/.hermes/hermes-agent/venv/lib/python3.11/site-packages/telegram/_bot.py", line 703, in _post
    return await self._do_post(
           ^^^^^^^^^^^^^^^^^^^^
  File "/home/ai_user/.hermes/hermes-agent/venv/lib/python3.11/site-packages/telegram/ext/_extbot.py", line 369, in _do_post
    return await super()._do_post(
           ^^^^^^^^^^^^^^^^^^^^^^^
  File "/home/ai_user/.hermes/hermes-agent/venv/lib/python3.11/site-packages/telegram/_bot.py", line 732, in _do_post
    result = await request.post(
             ^^^^^^^^^^^^^^^^^^^
  File "/home/ai_user/.hermes/hermes-agent/venv/lib/python3.11/site-packages/telegram/request/_baserequest.py", line 198, in post
    result = await self._request_wrapper(
             ^^^^^^^^^^^^^^^^^^^^^^^^^^^^
  File "/home/ai_user/.hermes/hermes-agent/venv/lib/python3.11/site-packages/telegram/request/_baserequest.py", line 305, in _request_wrapper
    code, payload = await self.do_request(
                    ^^^^^^^^^^^^^^^^^^^^^^
  File "/home/ai_user/.hermes/hermes-agent/venv/lib/python3.11/site-packages/telegram/request/_httpxrequest.py", line 303, in do_request
    raise NetworkError(f"httpx.{err.__class__.__name__}: {err}") from err
telegram.error.NetworkError: httpx.ConnectError: All connection attempts failed
WARNING hermes_plugins.telegram_platform.adapter: [Telegram] Telegram polling reconnect failed: httpx.ConnectError: All connection attempts failed
WARNING hermes_plugins.telegram_platform.adapter: [Telegram] Telegram network error (attempt 4/10), reconnecting in 40s. Error: httpx.ConnectError: All connection attempts failed
WARNING plugins.platforms.telegram.telegram_network: [Telegram] Primary api.telegram.org connection failed (); trying fallback IPs 149.154.166.110
WARNING plugins.platforms.telegram.telegram_network: [Telegram] Fallback IP 149.154.166.110 failed: All connection attempts failed
WARNING plugins.platforms.telegram.telegram_network: [Telegram] Primary api.telegram.org connection failed (); trying fallback IPs 149.154.166.110
WARNING plugins.platforms.telegram.telegram_network: [Telegram] Fallback IP 149.154.166.110 failed: All connection attempts failed
ERROR telegram.ext: Network Retry Loop (Bootstrap delete Webhook): Failed run number 0 of 0. Aborting.
Traceback (most recent call last):
  File "/home/ai_user/.hermes/hermes-agent/venv/lib/python3.11/site-packages/httpx/_transports/default.py", line 101, in map_httpcore_exceptions
    yield
  File "/home/ai_user/.hermes/hermes-agent/venv/lib/python3.11/site-packages/httpx/_transports/default.py", line 394, in handle_async_request
    resp = await self._pool.handle_async_request(req)
           ^^^^^^^^^^^^^^^^^^^^^^^^^^^^^^^^^^^^^^^^^^
  File "/home/ai_user/.hermes/hermes-agent/venv/lib/python3.11/site-packages/httpcore/_async/connection_pool.py", line 256, in handle_async_request
    raise exc from None
  File "/home/ai_user/.hermes/hermes-agent/venv/lib/python3.11/site-packages/httpcore/_async/connection_pool.py", line 236, in handle_async_request
    response = await connection.handle_async_request(
               ^^^^^^^^^^^^^^^^^^^^^^^^^^^^^^^^^^^^^^
  File "/home/ai_user/.hermes/hermes-agent/venv/lib/python3.11/site-packages/httpcore/_async/connection.py", line 101, in handle_async_request
    raise exc
  File "/home/ai_user/.hermes/hermes-agent/venv/lib/python3.11/site-packages/httpcore/_async/connection.py", line 78, in handle_async_request
    stream = await self._connect(request)
             ^^^^^^^^^^^^^^^^^^^^^^^^^^^^
  File "/home/ai_user/.hermes/hermes-agent/venv/lib/python3.11/site-packages/httpcore/_async/connection.py", line 124, in _connect
    stream = await self._network_backend.connect_tcp(**kwargs)
             ^^^^^^^^^^^^^^^^^^^^^^^^^^^^^^^^^^^^^^^^^^^^^^^^^
  File "/home/ai_user/.hermes/hermes-agent/venv/lib/python3.11/site-packages/httpcore/_backends/auto.py", line 31, in connect_tcp
    return await self._backend.connect_tcp(
           ^^^^^^^^^^^^^^^^^^^^^^^^^^^^^^^^
  File "/home/ai_user/.hermes/hermes-agent/venv/lib/python3.11/site-packages/httpcore/_backends/anyio.py", line 113, in connect_tcp
    with map_exceptions(exc_map):
  File "/home/ai_user/.local/share/uv/python/cpython-3.11.15-linux-x86_64-gnu/lib/python3.11/contextlib.py", line 158, in __exit__
    self.gen.throw(typ, value, traceback)
  File "/home/ai_user/.hermes/hermes-agent/venv/lib/python3.11/site-packages/httpcore/_exceptions.py", line 14, in map_exceptions
    raise to_exc(exc) from exc
httpcore.ConnectError: All connection attempts failed

The above exception was the direct cause of the following exception:

Traceback (most recent call last):
  File "/home/ai_user/.hermes/hermes-agent/venv/lib/python3.11/site-packages/telegram/request/_httpxrequest.py", line 279, in do_request
    res = await self._client.request(
          ^^^^^^^^^^^^^^^^^^^^^^^^^^^
  File "/home/ai_user/.hermes/hermes-agent/venv/lib/python3.11/site-packages/httpx/_client.py", line 1540, in request
    return await self.send(request, auth=auth, follow_redirects=follow_redirects)
           ^^^^^^^^^^^^^^^^^^^^^^^^^^^^^^^^^^^^^^^^^^^^^^^^^^^^^^^^^^^^^^^^^^^^^^
  File "/home/ai_user/.hermes/hermes-agent/venv/lib/python3.11/site-packages/httpx/_client.py", line 1629, in send
    response = await self._send_handling_auth(
               ^^^^^^^^^^^^^^^^^^^^^^^^^^^^^^^
  File "/home/ai_user/.hermes/hermes-agent/venv/lib/python3.11/site-packages/httpx/_client.py", line 1657, in _send_handling_auth
    response = await self._send_handling_redirects(
               ^^^^^^^^^^^^^^^^^^^^^^^^^^^^^^^^^^^^
  File "/home/ai_user/.hermes/hermes-agent/venv/lib/python3.11/site-packages/httpx/_client.py", line 1694, in _send_handling_redirects
    response = await self._send_single_request(request)
               ^^^^^^^^^^^^^^^^^^^^^^^^^^^^^^^^^^^^^^^^
  File "/home/ai_user/.hermes/hermes-agent/venv/lib/python3.11/site-packages/httpx/_client.py", line 1730, in _send_single_request
    response = await transport.handle_async_request(request)
               ^^^^^^^^^^^^^^^^^^^^^^^^^^^^^^^^^^^^^^^^^^^^^
  File "/home/ai_user/.hermes/hermes-agent/plugins/platforms/telegram/telegram_network.py", line 124, in handle_async_request
    raise last_error
  File "/home/ai_user/.hermes/hermes-agent/plugins/platforms/telegram/telegram_network.py", line 90, in handle_async_request
    response = await transport.handle_async_request(candidate)
               ^^^^^^^^^^^^^^^^^^^^^^^^^^^^^^^^^^^^^^^^^^^^^^^
  File "/home/ai_user/.hermes/hermes-agent/venv/lib/python3.11/site-packages/httpx/_transports/default.py", line 393, in handle_async_request
    with map_httpcore_exceptions():
  File "/home/ai_user/.local/share/uv/python/cpython-3.11.15-linux-x86_64-gnu/lib/python3.11/contextlib.py", line 158, in __exit__
    self.gen.throw(typ, value, traceback)
  File "/home/ai_user/.hermes/hermes-agent/venv/lib/python3.11/site-packages/httpx/_transports/default.py", line 118, in map_httpcore_exceptions
    raise mapped_exc(message) from exc
httpx.ConnectError: All connection attempts failed

The above exception was the direct cause of the following exception:

Traceback (most recent call last):
  File "/home/ai_user/.hermes/hermes-agent/venv/lib/python3.11/site-packages/telegram/ext/_utils/networkloop.py", line 161, in network_retry_loop
    await do_action()
  File "/home/ai_user/.hermes/hermes-agent/venv/lib/python3.11/site-packages/telegram/ext/_utils/networkloop.py", line 136, in do_action
    await action_cb()
  File "/home/ai_user/.hermes/hermes-agent/venv/lib/python3.11/site-packages/telegram/ext/_updater.py", line 686, in bootstrap_del_webhook
    await self.bot.delete_webhook(drop_pending_updates=drop_pending_updates)
  File "/home/ai_user/.hermes/hermes-agent/venv/lib/python3.11/site-packages/telegram/ext/_extbot.py", line 1489, in delete_webhook
    return await super().delete_webhook(
           ^^^^^^^^^^^^^^^^^^^^^^^^^^^^^
  File "/home/ai_user/.hermes/hermes-agent/venv/lib/python3.11/site-packages/telegram/_bot.py", line 5032, in delete_webhook
    return await self._post(
           ^^^^^^^^^^^^^^^^^
  File "/home/ai_user/.hermes/hermes-agent/venv/lib/python3.11/site-packages/telegram/_bot.py", line 703, in _post
    return await self._do_post(
           ^^^^^^^^^^^^^^^^^^^^
  File "/home/ai_user/.hermes/hermes-agent/venv/lib/python3.11/site-packages/telegram/ext/_extbot.py", line 369, in _do_post
    return await super()._do_post(
           ^^^^^^^^^^^^^^^^^^^^^^^
  File "/home/ai_user/.hermes/hermes-agent/venv/lib/python3.11/site-packages/telegram/_bot.py", line 732, in _do_post
    result = await request.post(
             ^^^^^^^^^^^^^^^^^^^
  File "/home/ai_user/.hermes/hermes-agent/venv/lib/python3.11/site-packages/telegram/request/_baserequest.py", line 198, in post
    result = await self._request_wrapper(
             ^^^^^^^^^^^^^^^^^^^^^^^^^^^^
  File "/home/ai_user/.hermes/hermes-agent/venv/lib/python3.11/site-packages/telegram/request/_baserequest.py", line 305, in _request_wrapper
    code, payload = await self.do_request(
                    ^^^^^^^^^^^^^^^^^^^^^^
  File "/home/ai_user/.hermes/hermes-agent/venv/lib/python3.11/site-packages/telegram/request/_httpxrequest.py", line 303, in do_request
    raise NetworkError(f"httpx.{err.__class__.__name__}: {err}") from err
telegram.error.NetworkError: httpx.ConnectError: All connection attempts failed
WARNING hermes_plugins.telegram_platform.adapter: [Telegram] Telegram polling reconnect failed: httpx.ConnectError: All connection attempts failed
WARNING hermes_plugins.telegram_platform.adapter: [Telegram] Telegram network error (attempt 5/10), reconnecting in 60s. Error: httpx.ConnectError: All connection attempts failed
WARNING plugins.platforms.telegram.telegram_network: [Telegram] Primary api.telegram.org connection failed (); trying fallback IPs 149.154.166.110
WARNING plugins.platforms.telegram.telegram_network: [Telegram] Fallback IP 149.154.166.110 failed: 
WARNING plugins.platforms.telegram.telegram_network: [Telegram] Primary api.telegram.org connection failed (); trying fallback IPs 149.154.166.110
WARNING plugins.platforms.telegram.telegram_network: [Telegram] Fallback IP 149.154.166.110 failed: All connection attempts failed
WARNING hermes_plugins.telegram_platform.adapter: [Telegram] Telegram network error, scheduling reconnect: httpx.ConnectError: All connection attempts failed
WARNING hermes_plugins.telegram_platform.adapter: [Telegram] Telegram network error (attempt 1/10), reconnecting in 5s. Error: httpx.ConnectError: All connection attempts failed
WARNING plugins.platforms.telegram.telegram_network: [Telegram] Primary api.telegram.org connection failed (); trying fallback IPs 149.154.166.110
WARNING plugins.platforms.telegram.telegram_network: [Telegram] Primary api.telegram.org connection failed (); trying fallback IPs 149.154.166.110
WARNING plugins.platforms.telegram.telegram_network: [Telegram] Fallback IP 149.154.166.110 failed: 
ERROR telegram.ext.Updater: Error while calling `get_updates` one more time to mark all fetched updates. Suppressing error to ensure graceful shutdown. When polling for updates is restarted, updates may be fetched again. Please adjust timeouts via `ApplicationBuilder` or the parameter `get_updates_request` of `Bot`.
Traceback (most recent call last):
  File "/home/ai_user/.hermes/hermes-agent/venv/lib/python3.11/site-packages/httpx/_transports/default.py", line 101, in map_httpcore_exceptions
    yield
  File "/home/ai_user/.hermes/hermes-agent/venv/lib/python3.11/site-packages/httpx/_transports/default.py", line 394, in handle_async_request
    resp = await self._pool.handle_async_request(req)
           ^^^^^^^^^^^^^^^^^^^^^^^^^^^^^^^^^^^^^^^^^^
  File "/home/ai_user/.hermes/hermes-agent/venv/lib/python3.11/site-packages/httpcore/_async/connection_pool.py", line 256, in handle_async_request
    raise exc from None
  File "/home/ai_user/.hermes/hermes-agent/venv/lib/python3.11/site-packages/httpcore/_async/connection_pool.py", line 236, in handle_async_request
    response = await connection.handle_async_request(
               ^^^^^^^^^^^^^^^^^^^^^^^^^^^^^^^^^^^^^^
  File "/home/ai_user/.hermes/hermes-agent/venv/lib/python3.11/site-packages/httpcore/_async/connection.py", line 101, in handle_async_request
    raise exc
  File "/home/ai_user/.hermes/hermes-agent/venv/lib/python3.11/site-packages/httpcore/_async/connection.py", line 78, in handle_async_request
    stream = await self._connect(request)
             ^^^^^^^^^^^^^^^^^^^^^^^^^^^^
  File "/home/ai_user/.hermes/hermes-agent/venv/lib/python3.11/site-packages/httpcore/_async/connection.py", line 124, in _connect
    stream = await self._network_backend.connect_tcp(**kwargs)
             ^^^^^^^^^^^^^^^^^^^^^^^^^^^^^^^^^^^^^^^^^^^^^^^^^
  File "/home/ai_user/.hermes/hermes-agent/venv/lib/python3.11/site-packages/httpcore/_backends/auto.py", line 31, in connect_tcp
    return await self._backend.connect_tcp(
           ^^^^^^^^^^^^^^^^^^^^^^^^^^^^^^^^
  File "/home/ai_user/.hermes/hermes-agent/venv/lib/python3.11/site-packages/httpcore/_backends/anyio.py", line 113, in connect_tcp
    with map_exceptions(exc_map):
  File "/home/ai_user/.local/share/uv/python/cpython-3.11.15-linux-x86_64-gnu/lib/python3.11/contextlib.py", line 158, in __exit__
    self.gen.throw(typ, value, traceback)
  File "/home/ai_user/.hermes/hermes-agent/venv/lib/python3.11/site-packages/httpcore/_exceptions.py", line 14, in map_exceptions
    raise to_exc(exc) from exc
httpcore.ConnectTimeout

The above exception was the direct cause of the following exception:

Traceback (most recent call last):
  File "/home/ai_user/.hermes/hermes-agent/venv/lib/python3.11/site-packages/telegram/request/_httpxrequest.py", line 279, in do_request
    res = await self._client.request(
          ^^^^^^^^^^^^^^^^^^^^^^^^^^^
  File "/home/ai_user/.hermes/hermes-agent/venv/lib/python3.11/site-packages/httpx/_client.py", line 1540, in request
    return await self.send(request, auth=auth, follow_redirects=follow_redirects)
           ^^^^^^^^^^^^^^^^^^^^^^^^^^^^^^^^^^^^^^^^^^^^^^^^^^^^^^^^^^^^^^^^^^^^^^
  File "/home/ai_user/.hermes/hermes-agent/venv/lib/python3.11/site-packages/httpx/_client.py", line 1629, in send
    response = await self._send_handling_auth(
               ^^^^^^^^^^^^^^^^^^^^^^^^^^^^^^^
  File "/home/ai_user/.hermes/hermes-agent/venv/lib/python3.11/site-packages/httpx/_client.py", line 1657, in _send_handling_auth
    response = await self._send_handling_redirects(
               ^^^^^^^^^^^^^^^^^^^^^^^^^^^^^^^^^^^^
  File "/home/ai_user/.hermes/hermes-agent/venv/lib/python3.11/site-packages/httpx/_client.py", line 1694, in _send_handling_redirects
    response = await self._send_single_request(request)
               ^^^^^^^^^^^^^^^^^^^^^^^^^^^^^^^^^^^^^^^^
  File "/home/ai_user/.hermes/hermes-agent/venv/lib/python3.11/site-packages/httpx/_client.py", line 1730, in _send_single_request
    response = await transport.handle_async_request(request)
               ^^^^^^^^^^^^^^^^^^^^^^^^^^^^^^^^^^^^^^^^^^^^^
  File "/home/ai_user/.hermes/hermes-agent/plugins/platforms/telegram/telegram_network.py", line 124, in handle_async_request
    raise last_error
  File "/home/ai_user/.hermes/hermes-agent/plugins/platforms/telegram/telegram_network.py", line 90, in handle_async_request
    response = await transport.handle_async_request(candidate)
               ^^^^^^^^^^^^^^^^^^^^^^^^^^^^^^^^^^^^^^^^^^^^^^^
  File "/home/ai_user/.hermes/hermes-agent/venv/lib/python3.11/site-packages/httpx/_transports/default.py", line 393, in handle_async_request
    with map_httpcore_exceptions():
  File "/home/ai_user/.local/share/uv/python/cpython-3.11.15-linux-x86_64-gnu/lib/python3.11/contextlib.py", line 158, in __exit__
    self.gen.throw(typ, value, traceback)
  File "/home/ai_user/.hermes/hermes-agent/venv/lib/python3.11/site-packages/httpx/_transports/default.py", line 118, in map_httpcore_exceptions
    raise mapped_exc(message) from exc
httpx.ConnectTimeout

The above exception was the direct cause of the following exception:

Traceback (most recent call last):
  File "/home/ai_user/.hermes/hermes-agent/venv/lib/python3.11/site-packages/telegram/ext/_updater.py", line 400, in _get_updates_cleanup
    await self.bot.get_updates(
  File "/home/ai_user/.hermes/hermes-agent/venv/lib/python3.11/site-packages/telegram/ext/_extbot.py", line 671, in get_updates
    updates = await super().get_updates(
              ^^^^^^^^^^^^^^^^^^^^^^^^^^
  File "/home/ai_user/.hermes/hermes-agent/venv/lib/python3.11/site-packages/telegram/_bot.py", line 4860, in get_updates
    await self._post(
  File "/home/ai_user/.hermes/hermes-agent/venv/lib/python3.11/site-packages/telegram/_bot.py", line 703, in _post
    return await self._do_post(
           ^^^^^^^^^^^^^^^^^^^^
  File "/home/ai_user/.hermes/hermes-agent/venv/lib/python3.11/site-packages/telegram/ext/_extbot.py", line 369, in _do_post
    return await super()._do_post(
           ^^^^^^^^^^^^^^^^^^^^^^^
  File "/home/ai_user/.hermes/hermes-agent/venv/lib/python3.11/site-packages/telegram/_bot.py", line 732, in _do_post
    result = await request.post(
             ^^^^^^^^^^^^^^^^^^^
  File "/home/ai_user/.hermes/hermes-agent/venv/lib/python3.11/site-packages/telegram/request/_baserequest.py", line 198, in post
    result = await self._request_wrapper(
             ^^^^^^^^^^^^^^^^^^^^^^^^^^^^
  File "/home/ai_user/.hermes/hermes-agent/venv/lib/python3.11/site-packages/telegram/request/_baserequest.py", line 305, in _request_wrapper
    code, payload = await self.do_request(
                    ^^^^^^^^^^^^^^^^^^^^^^
  File "/home/ai_user/.hermes/hermes-agent/venv/lib/python3.11/site-packages/telegram/request/_httpxrequest.py", line 296, in do_request
    raise TimedOut from err
telegram.error.TimedOut: Timed out
WARNING hermes_plugins.telegram_platform.adapter: [Telegram] Polling heartbeat probe failed (); triggering reconnect
WARNING plugins.platforms.telegram.telegram_network: [Telegram] Primary api.telegram.org connection failed (); trying fallback IPs 149.154.166.110
WARNING tools.mcp_tool: MCP server 'agentmemory': OSV malware preflight timed out after 12s (network slow/unreachable) — proceeding without the check.
WARNING tools.mcp_tool: Failed to connect to MCP server 'agentmemory' (command=npx): CancelledError
┌─────────────────────────────────────────────────────────┐
│           ⚕ Hermes Gateway Starting...                 │
├─────────────────────────────────────────────────────────┤
│  Messaging platforms + cron scheduler                    │
│  Press Ctrl+C to stop                                   │
└─────────────────────────────────────────────────────────┘

WARNING tools.registry: check_fn _browser_cdp_check returned False; dependent tools will be unavailable this turn
WARNING tools.registry: check_fn _browser_dialog_check returned False; dependent tools will be unavailable this turn
WARNING tools.registry: check_fn check_close_terminal_requirements returned False; dependent tools will be unavailable this turn
WARNING tools.registry: check_fn check_computer_use_requirements returned False; dependent tools will be unavailable this turn
WARNING tools.registry: check_fn _check_kanban_mode returned False; dependent tools will be unavailable this turn
WARNING tools.registry: check_fn _check_kanban_orchestrator_mode returned False; dependent tools will be unavailable this turn
WARNING tools.registry: check_fn check_read_terminal_requirements returned False; dependent tools will be unavailable this turn
WARNING tools.registry: check_fn _browser_cdp_check returned False; dependent tools will be unavailable this turn
WARNING tools.registry: check_fn _browser_dialog_check returned False; dependent tools will be unavailable this turn
WARNING tools.registry: check_fn check_close_terminal_requirements returned False; dependent tools will be unavailable this turn
WARNING tools.registry: check_fn check_computer_use_requirements returned False; dependent tools will be unavailable this turn
WARNING tools.registry: check_fn _check_kanban_mode returned False; dependent tools will be unavailable this turn
WARNING tools.registry: check_fn _check_kanban_orchestrator_mode returned False; dependent tools will be unavailable this turn
WARNING tools.registry: check_fn check_read_terminal_requirements returned False; dependent tools will be unavailable this turn
